pool_id,seed,span,profile,geometry_id,r,ours_feasible,jb_feasible,ours_ids,jb_ids,ours_total,jb_total,coarse_cost,ours_width,jb_width,saving,jb_degenerate,jb_budget,jb_first_budget
s840101_span20_exact,840101,20,exact,309ff3c61eb8583e6bbd934e6e0153275b7e8980a38d85265871aa58da950352,20,False,False,,,,,384,,,,,,
s840101_span20_exact,840101,20,exact,309ff3c61eb8583e6bbd934e6e0153275b7e8980a38d85265871aa58da950352,50,False,False,,,,,384,,,,,,
s840101_span20_exact,840101,20,exact,309ff3c61eb8583e6bbd934e6e0153275b7e8980a38d85265871aa58da950352,100,True,True,[4],"[0, 4]",402,420,384,260608298437172736/1951559838527215,249799659331483544/1951559838527215,3/70,False,3,3
s840101_span20_exact,840101,20,exact,309ff3c61eb8583e6bbd934e6e0153275b7e8980a38d85265871aa58da950352,150,True,True,[4],"[0, 4]",402,420,384,260608298437172736/1951559838527215,249799659331483544/1951559838527215,3/70,False,3,3
s840101_span20_heterogeneous,840101,20,heterogeneous,98733f0d11173e98c5adcf31b1a7c6481fdde3028866fbf98261549350dd2919,20,False,False,,,,,19,,,,,,
s840101_span20_heterogeneous,840101,20,heterogeneous,98733f0d11173e98c5adcf31b1a7c6481fdde3028866fbf98261549350dd2919,50,False,False,,,,,19,,,,,,
s840101_span20_heterogeneous,840101,20,heterogeneous,98733f0d11173e98c5adcf31b1a7c6481fdde3028866fbf98261549350dd2919,100,True,True,[4],"[0, 4]",37,55,19,356958951503807327989060781749/2145762734761325883125923840,7399558301227032788069268126583/51498305634271821195022172160,18/55,True,3,3
s840101_span20_heterogeneous,840101,20,heterogeneous,98733f0d11173e98c5adcf31b1a7c6481fdde3028866fbf98261549350dd2919,150,True,True,[4],"[0, 4]",37,55,19,356958951503807327989060781749/2145762734761325883125923840,7399558301227032788069268126583/51498305634271821195022172160,18/55,True,3,3
s840101_span150_exact,840101,150,exact,259d2e1dbb51cf35b28c6292e470ab10ed58472433867e2d185a64775b36f367,20,False,False,,,,,384,,,,,,
s840101_span150_exact,840101,150,exact,259d2e1dbb51cf35b28c6292e470ab10ed58472433867e2d185a64775b36f367,50,True,True,"[0, 4]","[0, 4]",420,420,384,731834939447705600/11709359031163289,731834939447705600/11709359031163289,0,False,3,3
s840101_span150_exact,840101,150,exact,259d2e1dbb51cf35b28c6292e470ab10ed58472433867e2d185a64775b36f367,100,True,True,[4],"[0, 4]",402,420,384,59147275106132522/390311967705443,731834939447705600/11709359031163289,3/70,False,3,3
s840101_span150_exact,840101,150,exact,259d2e1dbb51cf35b28c6292e470ab10ed58472433867e2d185a64775b36f367,150,True,True,[4],"[0, 4]",402,420,384,59147275106132522/390311967705443,731834939447705600/11709359031163289,3/70,False,3,3
s840101_span150_heterogeneous,840101,150,heterogeneous,9c861608094aa8de64b0d7e61466a87ff573871896302207e5967b26fa933311,20,False,False,,,,,19,,,,,,
s840101_span150_heterogeneous,840101,150,heterogeneous,9c861608094aa8de64b0d7e61466a87ff573871896302207e5967b26fa933311,50,False,False,,,,,19,,,,,,
s840101_span150_heterogeneous,840101,150,heterogeneous,9c861608094aa8de64b0d7e61466a87ff573871896302207e5967b26fa933311,100,True,True,[4],"[0, 4]",37,55,19,395582680729511198283373921973/2145762734761325883125923840,268856554061310581348973472998968/1989077940348539644770903607069,18/55,False,3,3
s840101_span150_heterogeneous,840101,150,heterogeneous,9c861608094aa8de64b0d7e61466a87ff573871896302207e5967b26fa933311,150,True,True,[4],"[0, 4]",37,55,19,395582680729511198283373921973/2145762734761325883125923840,268856554061310581348973472998968/1989077940348539644770903607069,18/55,False,3,3
s840101_span450_exact,840101,450,exact,17383a58c8e1b96b9fea934260b8d97222addfc227b6cb83dfada6dd5772a69f,20,True,True,"[0, 4]","[0, 4]",420,420,384,1069604911500492800/30624477466119371,1069604911500492800/30624477466119371,0,False,3,3
s840101_span450_exact,840101,450,exact,17383a58c8e1b96b9fea934260b8d97222addfc227b6cb83dfada6dd5772a69f,50,True,True,"[0, 4]","[0, 4]",420,420,384,1069604911500492800/30624477466119371,1069604911500492800/30624477466119371,0,False,3,3
s840101_span450_exact,840101,450,exact,17383a58c8e1b96b9fea934260b8d97222addfc227b6cb83dfada6dd5772a69f,100,True,True,[4],"[0, 4]",402,420,384,75360233764666310/390311967705443,1069604911500492800/30624477466119371,3/70,False,3,3
s840101_span450_exact,840101,450,exact,17383a58c8e1b96b9fea934260b8d97222addfc227b6cb83dfada6dd5772a69f,150,True,True,[4],"[0, 4]",402,420,384,75360233764666310/390311967705443,1069604911500492800/30624477466119371,3/70,False,3,3
s840101_span450_heterogeneous,840101,450,heterogeneous,c36f3ae623d4b7d879841f19d0e31ef171f6efe766476cd147f0a7fcffd672c1,20,False,False,,,,,19,,,,,,
s840101_span450_heterogeneous,840101,450,heterogeneous,c36f3ae623d4b7d879841f19d0e31ef171f6efe766476cd147f0a7fcffd672c1,50,True,True,"[0, 4]","[0, 4]",55,55,19,9945662922801437724157986513528280/124030512022075231456599935265951,9945662922801437724157986513528280/124030512022075231456599935265951,0,False,3,3
s840101_span450_heterogeneous,840101,450,heterogeneous,c36f3ae623d4b7d879841f19d0e31ef171f6efe766476cd147f0a7fcffd672c1,100,True,True,[1],"[0, 4]",46,55,19,5796570873989765551077336094141/29427603219583897825726955520,9945662922801437724157986513528280/124030512022075231456599935265951,9/55,False,3,3
s840101_span450_heterogeneous,840101,450,heterogeneous,c36f3ae623d4b7d879841f19d0e31ef171f6efe766476cd147f0a7fcffd672c1,150,True,True,[4],"[0, 4]",37,55,19,69244909079722655895750057059/306537533537332269017989120,9945662922801437724157986513528280/124030512022075231456599935265951,18/55,False,3,3
s840102_span20_exact,840102,20,exact,6e62cad1d6f6b4b215620bd7bd162f91df278df9945abe40c0c952ba88b8ef51,20,False,False,,,,,384,,,,,,
s840102_span20_exact,840102,20,exact,6e62cad1d6f6b4b215620bd7bd162f91df278df9945abe40c0c952ba88b8ef51,50,False,False,,,,,384,,,,,,
s840102_span20_exact,840102,20,exact,6e62cad1d6f6b4b215620bd7bd162f91df278df9945abe40c0c952ba88b8ef51,100,True,True,[2],"[2, 4]",402,420,384,771016256205829016/5854679515581645,108601088157162832/836382787940235,3/70,False,3,3
s840102_span20_exact,840102,20,exact,6e62cad1d6f6b4b215620bd7bd162f91df278df9945abe40c0c952ba88b8ef51,150,True,True,[2],"[2, 4]",402,420,384,771016256205829016/5854679515581645,108601088157162832/836382787940235,3/70,False,3,3
s840102_span20_heterogeneous,840102,20,heterogeneous,bb6859bc41553d9e3e441cdc19d236277fbdde3de74712807a9b3be769131e2c,20,False,False,,,,,19,,,,,,
s840102_span20_heterogeneous,840102,20,heterogeneous,bb6859bc41553d9e3e441cdc19d236277fbdde3de74712807a9b3be769131e2c,50,False,False,,,,,19,,,,,,
s840102_span20_heterogeneous,840102,20,heterogeneous,bb6859bc41553d9e3e441cdc19d236277fbdde3de74712807a9b3be769131e2c,100,True,True,[2],"[2, 4]",37,55,19,30209060647541094931578190328957/205993222537087284780088688640,505087798655868910123459134187/3678450402447987228215869440,18/55,True,3,3
s840102_span20_heterogeneous,840102,20,heterogeneous,bb6859bc41553d9e3e441cdc19d236277fbdde3de74712807a9b3be769131e2c,150,True,True,[2],"[2, 4]",37,55,19,30209060647541094931578190328957/205993222537087284780088688640,505087798655868910123459134187/3678450402447987228215869440,18/55,True,3,3
s840102_span150_exact,840102,150,exact,0513fe1d2fca1e6b4285a39cc0fabc22f2f76c27e5deece629df9d77bd28736e,20,False,False,,,,,384,,,,,,
s840102_span150_exact,840102,150,exact,0513fe1d2fca1e6b4285a39cc0fabc22f2f76c27e5deece629df9d77bd28736e,50,True,True,"[2, 4]","[2, 4]",420,420,384,1328561890074296320/13961158844848537,1328561890074296320/13961158844848537,0,False,3,3
s840102_span150_exact,840102,150,exact,0513fe1d2fca1e6b4285a39cc0fabc22f2f76c27e5deece629df9d77bd28736e,100,True,True,[2],"[2, 4]",402,420,384,53742955553287926/390311967705443,1328561890074296320/13961158844848537,3/70,False,3,3
s840102_span150_exact,840102,150,exact,0513fe1d2fca1e6b4285a39cc0fabc22f2f76c27e5deece629df9d77bd28736e,150,True,True,[2],"[2, 4]",402,420,384,53742955553287926/390311967705443,1328561890074296320/13961158844848537,3/70,False,3,3
s840102_span150_heterogeneous,840102,150,heterogeneous,f8f51637704cc715c310a65c862b705c98a423e16299f62ef544ff0eb4dbc1b9,20,False,False,,,,,19,,,,,,
s840102_span150_heterogeneous,840102,150,heterogeneous,f8f51637704cc715c310a65c862b705c98a423e16299f62ef544ff0eb4dbc1b9,50,True,True,"[0, 4]","[0, 4]",73,73,19,1376298413398049555583818719115228/17185397344352853164371729821697,1376298413398049555583818719115228/17185397344352853164371729821697,0,False,5,5
s840102_span150_heterogeneous,840102,150,heterogeneous,f8f51637704cc715c310a65c862b705c98a423e16299f62ef544ff0eb4dbc1b9,100,True,True,[2],"[2, 4]",37,55,19,15620151099261163335564067299163/102996611268543642390044344320,4828850218719762822806614237239/34332203756181214130014781440,18/55,False,3,3
s840102_span150_heterogeneous,840102,150,heterogeneous,f8f51637704cc715c310a65c862b705c98a423e16299f62ef544ff0eb4dbc1b9,150,True,True,[2],"[2, 4]",37,55,19,15620151099261163335564067299163/102996611268543642390044344320,4828850218719762822806614237239/34332203756181214130014781440,18/55,False,3,3
s840102_span450_exact,840102,450,exact,6037d7c7eede275fb8fbbbcc0873e1b681eb0068359470d0c9bdcd1c5938295c,20,True,True,"[0, 4]","[0, 4]",438,438,384,1069604911500492800/30624477466119371,1069604911500492800/30624477466119371,0,False,5,5
s840102_span450_exact,840102,450,exact,6037d7c7eede275fb8fbbbcc0873e1b681eb0068359470d0c9bdcd1c5938295c,50,True,True,"[2, 4]","[2, 4]",420,420,384,1733885856537640960/32876277279804619,1733885856537640960/32876277279804619,0,False,3,3
s840102_span450_exact,840102,450,exact,6037d7c7eede275fb8fbbbcc0873e1b681eb0068359470d0c9bdcd1c5938295c,100,True,True,[2],"[2, 4]",402,420,384,59147275106132522/390311967705443,1733885856537640960/32876277279804619,3/70,False,3,3
s840102_span450_exact,840102,450,exact,6037d7c7eede275fb8fbbbcc0873e1b681eb0068359470d0c9bdcd1c5938295c,150,True,True,[2],"[2, 4]",402,420,384,59147275106132522/390311967705443,1733885856537640960/32876277279804619,3/70,False,3,3
s840102_span450_heterogeneous,840102,450,heterogeneous,dc4b5193f50886c6e4ce09773b460b61a58f5cd209328820e7244cb781bcc80e,20,False,False,,,,,19,,,,,,
s840102_span450_heterogeneous,840102,450,heterogeneous,dc4b5193f50886c6e4ce09773b460b61a58f5cd209328820e7244cb781bcc80e,50,True,True,"[2, 4]","[2, 4]",55,55,19,722760498362080649534288310984308/8097105996054361745509672011003,722760498362080649534288310984308/8097105996054361745509672011003,0,False,3,3
s840102_span450_heterogeneous,840102,450,heterogeneous,dc4b5193f50886c6e4ce09773b460b61a58f5cd209328820e7244cb781bcc80e,100,True,True,[2],"[2, 4]",37,55,19,17046258024517921623354090938203/102996611268543642390044344320,722760498362080649534288310984308/8097105996054361745509672011003,18/55,False,3,3
s840102_span450_heterogeneous,840102,450,heterogeneous,dc4b5193f50886c6e4ce09773b460b61a58f5cd209328820e7244cb781bcc80e,150,True,True,[2],"[2, 4]",37,55,19,17046258024517921623354090938203/102996611268543642390044344320,722760498362080649534288310984308/8097105996054361745509672011003,18/55,False,3,3
s840103_span20_exact,840103,20,exact,cfffdf7ff957f6b0ab8e75227f3515f09649c052556c5a747571b7982d9515a3,20,False,False,,,,,384,,,,,,
s840103_span20_exact,840103,20,exact,cfffdf7ff957f6b0ab8e75227f3515f09649c052556c5a747571b7982d9515a3,50,False,False,,,,,384,,,,,,
s840103_span20_exact,840103,20,exact,cfffdf7ff957f6b0ab8e75227f3515f09649c052556c5a747571b7982d9515a3,100,True,True,[4],"[1, 4]",402,429,384,260608298437172736/1951559838527215,249799659331483544/1951559838527215,9/143,False,4,4
s840103_span20_exact,840103,20,exact,cfffdf7ff957f6b0ab8e75227f3515f09649c052556c5a747571b7982d9515a3,150,True,True,[4],"[1, 4]",402,429,384,260608298437172736/1951559838527215,249799659331483544/1951559838527215,9/143,False,4,4
s840103_span20_heterogeneous,840103,20,heterogeneous,4a9a66cd1674a4a09062ebe55f6db63caa1f17261e5c8bef381904ec99a0fdbe,20,False,False,,,,,19,,,,,,
s840103_span20_heterogeneous,840103,20,heterogeneous,4a9a66cd1674a4a09062ebe55f6db63caa1f17261e5c8bef381904ec99a0fdbe,50,False,False,,,,,19,,,,,,
s840103_span20_heterogeneous,840103,20,heterogeneous,4a9a66cd1674a4a09062ebe55f6db63caa1f17261e5c8bef381904ec99a0fdbe,100,True,True,[4],"[1, 4]",37,64,19,3617288411716137754721754484091/25749152817135910597511086080,3617288411716137754721754484091/25749152817135910597511086080,27/64,True,4,4
s840103_span20_heterogeneous,840103,20,heterogeneous,4a9a66cd1674a4a09062ebe55f6db63caa1f17261e5c8bef381904ec99a0fdbe,150,True,True,[4],"[1, 4]",37,64,19,3617288411716137754721754484091/25749152817135910597511086080,3617288411716137754721754484091/25749152817135910597511086080,27/64,True,4,4
s840103_span150_exact,840103,150,exact,26f30c433b9dd51144119d720e058359080f6e98e60eea063b2d5bfefbf3af20,20,False,False,,,,,384,,,,,,
s840103_span150_exact,840103,150,exact,26f30c433b9dd51144119d720e058359080f6e98e60eea063b2d5bfefbf3af20,50,True,True,"[1, 4]","[1, 4]",429,429,384,531424756029718528/7475975381435023,531424756029718528/7475975381435023,0,False,4,4
s840103_span150_exact,840103,150,exact,26f30c433b9dd51144119d720e058359080f6e98e60eea063b2d5bfefbf3af20,100,True,True,[4],"[1, 4]",402,429,384,59147275106132522/390311967705443,531424756029718528/7475975381435023,9/143,False,4,4
s840103_span150_exact,840103,150,exact,26f30c433b9dd51144119d720e058359080f6e98e60eea063b2d5bfefbf3af20,150,True,True,[4],"[1, 4]",402,429,384,59147275106132522/390311967705443,531424756029718528/7475975381435023,9/143,False,4,4
s840103_span150_heterogeneous,840103,150,heterogeneous,75cf35559e35ec35981a578f858870bb6867c2d7aa270f002adc58fd008cdad1,20,False,False,,,,,19,,,,,,
s840103_span150_heterogeneous,840103,150,heterogeneous,75cf35559e35ec35981a578f858870bb6867c2d7aa270f002adc58fd008cdad1,50,False,False,,,,,19,,,,,,
s840103_span150_heterogeneous,840103,150,heterogeneous,75cf35559e35ec35981a578f858870bb6867c2d7aa270f002adc58fd008cdad1,100,True,True,[4],"[4, 5]",37,64,19,4080773162424584198253512166779/25749152817135910597511086080,4080773162424584198253512166779/25749152817135910597511086080,27/64,False,4,4
s840103_span150_heterogeneous,840103,150,heterogeneous,75cf35559e35ec35981a578f858870bb6867c2d7aa270f002adc58fd008cdad1,150,True,True,[4],"[4, 5]",37,64,19,4080773162424584198253512166779/25749152817135910597511086080,4080773162424584198253512166779/25749152817135910597511086080,27/64,False,4,4
s840103_span450_exact,840103,450,exact,63677ba87e5de197b9f7265dce926bf02e49b59bba972bf4b78c5b89da43966d,20,True,True,"[1, 4]","[1, 4]",429,429,384,495395959010754560/13446461744577623,495395959010754560/13446461744577623,0,False,4,4
s840103_span450_exact,840103,450,exact,63677ba87e5de197b9f7265dce926bf02e49b59bba972bf4b78c5b89da43966d,50,True,True,"[1, 4]","[1, 4]",429,429,384,495395959010754560/13446461744577623,495395959010754560/13446461744577623,0,False,4,4
s840103_span450_exact,840103,450,exact,63677ba87e5de197b9f7265dce926bf02e49b59bba972bf4b78c5b89da43966d,100,True,True,[4],"[1, 4]",402,429,384,75360233764666310/390311967705443,495395959010754560/13446461744577623,9/143,False,4,4
s840103_span450_exact,840103,450,exact,63677ba87e5de197b9f7265dce926bf02e49b59bba972bf4b78c5b89da43966d,150,True,True,[4],"[1, 4]",402,429,384,75360233764666310/390311967705443,495395959010754560/13446461744577623,9/143,False,4,4
s840103_span450_heterogeneous,840103,450,heterogeneous,247de4467a8fc784b2a55b47fe425830339a4b353d20fde06029c7c5350e5b2d,20,False,False,,,,,19,,,,,,
s840103_span450_heterogeneous,840103,450,heterogeneous,247de4467a8fc784b2a55b47fe425830339a4b353d20fde06029c7c5350e5b2d,50,True,True,"[0, 4]","[0, 4]",73,73,19,8939433475147882109164181985097650/90932481754379651911774560586669,8939433475147882109164181985097650/90932481754379651911774560586669,0,False,5,5
s840103_span450_heterogeneous,840103,450,heterogeneous,247de4467a8fc784b2a55b47fe425830339a4b353d20fde06029c7c5350e5b2d,100,True,True,[2],"[1, 4]",64,64,19,18010348450481904750654620170297/102996611268543642390044344320,854348742635590341072967933647/4291525469522651766251847680,0,False,4,4
s840103_span450_heterogeneous,840103,450,heterogeneous,247de4467a8fc784b2a55b47fe425830339a4b353d20fde06029c7c5350e5b2d,150,True,True,[4],"[1, 4]",37,64,19,735764765195307559156575699437/3678450402447987228215869440,854348742635590341072967933647/4291525469522651766251847680,27/64,False,4,4
s840104_span20_exact,840104,20,exact,78038aaf7b3ec1bd7dec53b8fd29ff326a9092a93f37dbef1f1ce5ecc4e2f6cc,20,False,False,,,,,384,,,,,,
s840104_span20_exact,840104,20,exact,78038aaf7b3ec1bd7dec53b8fd29ff326a9092a93f37dbef1f1ce5ecc4e2f6cc,50,False,False,,,,,384,,,,,,
s840104_span20_exact,840104,20,exact,78038aaf7b3ec1bd7dec53b8fd29ff326a9092a93f37dbef1f1ce5ecc4e2f6cc,100,True,True,[3],"[1, 3]",402,420,384,771016256205829016/5854679515581645,108601088157162832/836382787940235,3/70,False,3,3
s840104_span20_exact,840104,20,exact,78038aaf7b3ec1bd7dec53b8fd29ff326a9092a93f37dbef1f1ce5ecc4e2f6cc,150,True,True,[3],"[1, 3]",402,420,384,771016256205829016/5854679515581645,108601088157162832/836382787940235,3/70,False,3,3
s840104_span20_heterogeneous,840104,20,heterogeneous,9ba84ac2bda5380b5c6c3cae2ffd4e8b4f0917392b36f43bad892272dea3e372,20,False,False,,,,,19,,,,,,
s840104_span20_heterogeneous,840104,20,heterogeneous,9ba84ac2bda5380b5c6c3cae2ffd4e8b4f0917392b36f43bad892272dea3e372,50,False,False,,,,,19,,,,,,
s840104_span20_heterogeneous,840104,20,heterogeneous,9ba84ac2bda5380b5c6c3cae2ffd4e8b4f0917392b36f43bad892272dea3e372,100,True,True,[1],"[3, 5]",46,55,19,1551506185861170235739682372455/10299661126854364239004434432,1187262270267804224193460043561/8583050939045303532503695360,9/55,True,3,3
s840104_span20_heterogeneous,840104,20,heterogeneous,9ba84ac2bda5380b5c6c3cae2ffd4e8b4f0917392b36f43bad892272dea3e372,150,True,True,[3],"[3, 5]",37,55,19,3625298404622594814965257364009/12874576408567955298755543040,1187262270267804224193460043561/8583050939045303532503695360,18/55,True,3,3
s840104_span150_exact,840104,150,exact,2c658819c353532e0d117f1e9b67538280cb668fec9487abddb97928ffcf0489,20,False,False,,,,,384,,,,,,
s840104_span150_exact,840104,150,exact,2c658819c353532e0d117f1e9b67538280cb668fec9487abddb97928ffcf0489,50,True,True,"[1, 3]","[1, 3]",420,420,384,1328561890074296320/13961158844848537,1328561890074296320/13961158844848537,0,False,3,3
s840104_span150_exact,840104,150,exact,2c658819c353532e0d117f1e9b67538280cb668fec9487abddb97928ffcf0489,100,True,True,[3],"[1, 3]",402,420,384,53742955553287926/390311967705443,1328561890074296320/13961158844848537,3/70,False,3,3
s840104_span150_exact,840104,150,exact,2c658819c353532e0d117f1e9b67538280cb668fec9487abddb97928ffcf0489,150,True,True,[3],"[1, 3]",402,420,384,53742955553287926/390311967705443,1328561890074296320/13961158844848537,3/70,False,3,3
s840104_span150_heterogeneous,840104,150,heterogeneous,38ef2b1c2270897afa3615211678be7058f5b96d30d52c52f6ee3707a0c8e1af,20,False,False,,,,,19,,,,,,
s840104_span150_heterogeneous,840104,150,heterogeneous,38ef2b1c2270897afa3615211678be7058f5b96d30d52c52f6ee3707a0c8e1af,50,False,False,,,,,19,,,,,,
s840104_span150_heterogeneous,840104,150,heterogeneous,38ef2b1c2270897afa3615211678be7058f5b96d30d52c52f6ee3707a0c8e1af,100,True,True,[1],"[3, 5]",46,55,19,8684500430722744065761927227651/51498305634271821195022172160,619180199331070011209520419309/3678450402447987228215869440,9/55,False,3,3
s840104_span150_heterogeneous,840104,150,heterogeneous,38ef2b1c2270897afa3615211678be7058f5b96d30d52c52f6ee3707a0c8e1af,150,True,True,[3],"[3, 5]",37,55,19,1182683648723729024792210361187/4291525469522651766251847680,619180199331070011209520419309/3678450402447987228215869440,18/55,False,3,3
s840104_span450_exact,840104,450,exact,a8e9a9a880f675112f7fde2a7a3bd50073741931020d63eebafd09142ec3249a,20,True,True,"[1, 5]","[1, 5]",429,429,384,1069604911500492800/30624477466119371,1069604911500492800/30624477466119371,0,False,4,4
s840104_span450_exact,840104,450,exact,a8e9a9a880f675112f7fde2a7a3bd50073741931020d63eebafd09142ec3249a,50,True,True,"[1, 3]","[1, 3]",420,420,384,1733885856537640960/32876277279804619,1733885856537640960/32876277279804619,0,False,3,3
s840104_span450_exact,840104,450,exact,a8e9a9a880f675112f7fde2a7a3bd50073741931020d63eebafd09142ec3249a,100,True,True,[3],"[1, 3]",402,420,384,59147275106132522/390311967705443,1733885856537640960/32876277279804619,3/70,False,3,3
s840104_span450_exact,840104,450,exact,a8e9a9a880f675112f7fde2a7a3bd50073741931020d63eebafd09142ec3249a,150,True,True,[3],"[1, 3]",402,420,384,59147275106132522/390311967705443,1733885856537640960/32876277279804619,3/70,False,3,3
s840104_span450_heterogeneous,840104,450,heterogeneous,218e383b0b2f75d872aeaa55991d86b0c3f9c08757439d16d1ada172ab7c97c3,20,False,False,,,,,19,,,,,,
s840104_span450_heterogeneous,840104,450,heterogeneous,218e383b0b2f75d872aeaa55991d86b0c3f9c08757439d16d1ada172ab7c97c3,50,True,True,"[1, 5]","[1, 5]",64,64,19,1300264634457034836869211821705428/22405238953245277285963332590599,1300264634457034836869211821705428/22405238953245277285963332590599,0,False,4,4
s840104_span450_heterogeneous,840104,450,heterogeneous,218e383b0b2f75d872aeaa55991d86b0c3f9c08757439d16d1ada172ab7c97c3,100,True,True,[4],"[1, 5]",64,64,19,428176452304149164013148550389/2145762734761325883125923840,1300264634457034836869211821705428/22405238953245277285963332590599,0,False,4,4
s840104_span450_heterogeneous,840104,450,heterogeneous,218e383b0b2f75d872aeaa55991d86b0c3f9c08757439d16d1ada172ab7c97c3,150,True,True,[3],"[3, 5]",37,55,19,1123262526838030762800959376227/4291525469522651766251847680,6116895051888437938204172483963/25749152817135910597511086080,18/55,False,3,3
s840105_span20_exact,840105,20,exact,a56d1509aefad7fdbd709e8a4b965d93a4f9d1fd2e152b2d714b3d17c16b9128,20,False,False,,,,,384,,,,,,
s840105_span20_exact,840105,20,exact,a56d1509aefad7fdbd709e8a4b965d93a4f9d1fd2e152b2d714b3d17c16b9128,50,False,False,,,,,384,,,,,,
s840105_span20_exact,840105,20,exact,a56d1509aefad7fdbd709e8a4b965d93a4f9d1fd2e152b2d714b3d17c16b9128,100,True,True,[1],"[1, 5]",402,411,384,260608298437172736/1951559838527215,249799659331483544/1951559838527215,3/137,False,2,2
s840105_span20_exact,840105,20,exact,a56d1509aefad7fdbd709e8a4b965d93a4f9d1fd2e152b2d714b3d17c16b9128,150,True,True,[1],"[1, 5]",402,411,384,260608298437172736/1951559838527215,249799659331483544/1951559838527215,3/137,False,2,2
s840105_span20_heterogeneous,840105,20,heterogeneous,9ed4ab4ab8369b14f104d20abc9738e7b287e2c656eadec04d668407e40a8b41,20,False,False,,,,,19,,,,,,
s840105_span20_heterogeneous,840105,20,heterogeneous,9ed4ab4ab8369b14f104d20abc9738e7b287e2c656eadec04d668407e40a8b41,50,False,False,,,,,19,,,,,,
s840105_span20_heterogeneous,840105,20,heterogeneous,9ed4ab4ab8369b14f104d20abc9738e7b287e2c656eadec04d668407e40a8b41,100,True,True,[1],"[1, 5]",37,46,19,7331141074224620582370052868239/51498305634271821195022172160,7331141074224620582370052868239/51498305634271821195022172160,9/46,False,2,2
s840105_span20_heterogeneous,840105,20,heterogeneous,9ed4ab4ab8369b14f104d20abc9738e7b287e2c656eadec04d668407e40a8b41,150,True,True,[1],"[1, 5]",37,46,19,7331141074224620582370052868239/51498305634271821195022172160,7331141074224620582370052868239/51498305634271821195022172160,9/46,False,2,2
s840105_span150_exact,840105,150,exact,c95d84ce24810c32fac7a383c5d35d38a37af99c0650c9a79b14d5e18b6ecb97,20,False,False,,,,,384,,,,,,
s840105_span150_exact,840105,150,exact,c95d84ce24810c32fac7a383c5d35d38a37af99c0650c9a79b14d5e18b6ecb97,50,True,True,"[1, 5]","[1, 5]",411,411,384,731834939447705600/11709359031163289,731834939447705600/11709359031163289,0,False,2,2
s840105_span150_exact,840105,150,exact,c95d84ce24810c32fac7a383c5d35d38a37af99c0650c9a79b14d5e18b6ecb97,100,True,True,[1],"[1, 5]",402,411,384,59147275106132522/390311967705443,731834939447705600/11709359031163289,3/137,False,2,2
s840105_span150_exact,840105,150,exact,c95d84ce24810c32fac7a383c5d35d38a37af99c0650c9a79b14d5e18b6ecb97,150,True,True,[1],"[1, 5]",402,411,384,59147275106132522/390311967705443,731834939447705600/11709359031163289,3/137,False,2,2
s840105_span150_heterogeneous,840105,150,heterogeneous,b5fa5d1eed023f7e04d58efbed13dce8cdc375debeca175d8573ed3d93bf5565,20,False,False,,,,,19,,,,,,
s840105_span150_heterogeneous,840105,150,heterogeneous,b5fa5d1eed023f7e04d58efbed13dce8cdc375debeca175d8573ed3d93bf5565,50,False,False,,,,,19,,,,,,
s840105_span150_heterogeneous,840105,150,heterogeneous,b5fa5d1eed023f7e04d58efbed13dce8cdc375debeca175d8573ed3d93bf5565,100,True,True,[1],"[1, 5]",37,46,19,235946016446900384840959092389/1471380160979194891286347776,605558022826629546273261574728935/5339059549577361478519170475549,9/46,False,2,2
s840105_span150_heterogeneous,840105,150,heterogeneous,b5fa5d1eed023f7e04d58efbed13dce8cdc375debeca175d8573ed3d93bf5565,150,True,True,[1],"[1, 5]",37,46,19,235946016446900384840959092389/1471380160979194891286347776,605558022826629546273261574728935/5339059549577361478519170475549,9/46,False,2,2
s840105_span450_exact,840105,450,exact,df93e8d3cc9eabf990f1a9d42d302560f45b00e98280d32db21d845ab65b34d5,20,True,True,"[1, 5]","[1, 5]",411,411,384,1069604911500492800/30624477466119371,1069604911500492800/30624477466119371,0,False,2,2
s840105_span450_exact,840105,450,exact,df93e8d3cc9eabf990f1a9d42d302560f45b00e98280d32db21d845ab65b34d5,50,True,True,"[1, 5]","[1, 5]",411,411,384,1069604911500492800/30624477466119371,1069604911500492800/30624477466119371,0,False,2,2
s840105_span450_exact,840105,450,exact,df93e8d3cc9eabf990f1a9d42d302560f45b00e98280d32db21d845ab65b34d5,100,True,True,[1],"[1, 5]",402,411,384,75360233764666310/390311967705443,1069604911500492800/30624477466119371,3/137,False,2,2
s840105_span450_exact,840105,450,exact,df93e8d3cc9eabf990f1a9d42d302560f45b00e98280d32db21d845ab65b34d5,150,True,True,[1],"[1, 5]",402,411,384,75360233764666310/390311967705443,1069604911500492800/30624477466119371,3/137,False,2,2
s840105_span450_heterogeneous,840105,450,heterogeneous,b7a9b9ad4bb0bd482edc061dc40eb4fd441c78562a8ba067c645442565ffbe36,20,False,False,,,,,19,,,,,,
s840105_span450_heterogeneous,840105,450,heterogeneous,b7a9b9ad4bb0bd482edc061dc40eb4fd441c78562a8ba067c645442565ffbe36,50,True,True,"[1, 5]","[1, 5]",46,46,19,715760935666438513785610916723905/10924645006832996874243739952669,715760935666438513785610916723905/10924645006832996874243739952669,0,False,2,2
s840105_span450_heterogeneous,840105,450,heterogeneous,b7a9b9ad4bb0bd482edc061dc40eb4fd441c78562a8ba067c645442565ffbe36,100,True,True,[3],"[1, 5]",46,46,19,142252180872555300603246671211/858305093904530353250369536,715760935666438513785610916723905/10924645006832996874243739952669,0,False,2,2
s840105_span450_heterogeneous,840105,450,heterogeneous,b7a9b9ad4bb0bd482edc061dc40eb4fd441c78562a8ba067c645442565ffbe36,150,True,True,[1],"[1, 5]",37,46,19,2079454192705330180223720738435/10299661126854364239004434432,715760935666438513785610916723905/10924645006832996874243739952669,9/46,False,2,2
s840106_span20_exact,840106,20,exact,ef645ff46aeed0ad377a1ff25f12cd343795bd92e4c82c8cc6ca219325e293a2,20,False,False,,,,,384,,,,,,
s840106_span20_exact,840106,20,exact,ef645ff46aeed0ad377a1ff25f12cd343795bd92e4c82c8cc6ca219325e293a2,50,False,False,,,,,384,,,,,,
s840106_span20_exact,840106,20,exact,ef645ff46aeed0ad377a1ff25f12cd343795bd92e4c82c8cc6ca219325e293a2,100,True,True,[1],"[0, 1]",402,420,384,260608298437172736/1951559838527215,260608298437172736/1951559838527215,3/70,False,3,3
s840106_span20_exact,840106,20,exact,ef645ff46aeed0ad377a1ff25f12cd343795bd92e4c82c8cc6ca219325e293a2,150,True,True,[1],"[0, 1]",402,420,384,260608298437172736/1951559838527215,260608298437172736/1951559838527215,3/70,False,3,3
s840106_span20_heterogeneous,840106,20,heterogeneous,23b5dc913c7b6334a1ba7cbb29a13ade805a416ab8a119512d55f2ac26cd5b25,20,False,False,,,,,19,,,,,,
s840106_span20_heterogeneous,840106,20,heterogeneous,23b5dc913c7b6334a1ba7cbb29a13ade805a416ab8a119512d55f2ac26cd5b25,50,False,False,,,,,19,,,,,,
s840106_span20_heterogeneous,840106,20,heterogeneous,23b5dc913c7b6334a1ba7cbb29a13ade805a416ab8a119512d55f2ac26cd5b25,100,True,True,[1],"[0, 1]",37,55,19,14528188130219235722599640038033/102996611268543642390044344320,14528188130219235722599640038033/102996611268543642390044344320,18/55,True,3,3
s840106_span20_heterogeneous,840106,20,heterogeneous,23b5dc913c7b6334a1ba7cbb29a13ade805a416ab8a119512d55f2ac26cd5b25,150,True,True,[1],"[0, 1]",37,55,19,14528188130219235722599640038033/102996611268543642390044344320,14528188130219235722599640038033/102996611268543642390044344320,18/55,True,3,3
s840106_span150_exact,840106,150,exact,d28d7eec904ee9afa763766045f3f150471cbe53d10c7213f348f1800e013700,20,False,False,,,,,384,,,,,,
s840106_span150_exact,840106,150,exact,d28d7eec904ee9afa763766045f3f150471cbe53d10c7213f348f1800e013700,50,True,True,"[1, 5]","[1, 5]",429,429,384,731834939447705600/11709359031163289,731834939447705600/11709359031163289,0,False,4,4
s840106_span150_exact,840106,150,exact,d28d7eec904ee9afa763766045f3f150471cbe53d10c7213f348f1800e013700,100,True,True,[1],"[0, 1]",402,420,384,59147275106132522/390311967705443,59147275106132522/390311967705443,3/70,False,3,3
s840106_span150_exact,840106,150,exact,d28d7eec904ee9afa763766045f3f150471cbe53d10c7213f348f1800e013700,150,True,True,[1],"[0, 1]",402,420,384,59147275106132522/390311967705443,59147275106132522/390311967705443,3/70,False,3,3
s840106_span150_heterogeneous,840106,150,heterogeneous,c65bdae29f0c1b93afefb5bc5c7f0f943c129fa05f844224c3ab4186fa9ce978,20,False,False,,,,,19,,,,,,
s840106_span150_heterogeneous,840106,150,heterogeneous,c65bdae29f0c1b93afefb5bc5c7f0f943c129fa05f844224c3ab4186fa9ce978,50,True,True,"[1, 4]","[0, 1, 4, 5]",73,118,19,54097096110162599695968681219148/561186127325384572018666202603,54097096110162599695968681219148/561186127325384572018666202603,45/118,False,10,10
s840106_span150_heterogeneous,840106,150,heterogeneous,c65bdae29f0c1b93afefb5bc5c7f0f943c129fa05f844224c3ab4186fa9ce978,100,True,True,[1],"[0, 1]",37,55,19,3276425426610604299345334153757/20599322253708728478008868864,3276425426610604299345334153757/20599322253708728478008868864,18/55,False,3,3
s840106_span150_heterogeneous,840106,150,heterogeneous,c65bdae29f0c1b93afefb5bc5c7f0f943c129fa05f844224c3ab4186fa9ce978,150,True,True,[1],"[0, 1]",37,55,19,3276425426610604299345334153757/20599322253708728478008868864,3276425426610604299345334153757/20599322253708728478008868864,18/55,False,3,3
s840106_span450_exact,840106,450,exact,bee11916417aac7bfd008568be562146521b54e7285f0ef842d491f40f2a39ca,20,True,True,"[1, 5]","[1, 5]",429,429,384,1069604911500492800/30624477466119371,1069604911500492800/30624477466119371,0,False,4,4
s840106_span450_exact,840106,450,exact,bee11916417aac7bfd008568be562146521b54e7285f0ef842d491f40f2a39ca,50,True,True,"[1, 5]","[1, 5]",429,429,384,1069604911500492800/30624477466119371,1069604911500492800/30624477466119371,0,False,4,4
s840106_span450_exact,840106,450,exact,bee11916417aac7bfd008568be562146521b54e7285f0ef842d491f40f2a39ca,100,True,True,[1],"[0, 1]",402,420,384,75360233764666310/390311967705443,855683929200394240/7475975381435023,3/70,False,3,3
s840106_span450_exact,840106,450,exact,bee11916417aac7bfd008568be562146521b54e7285f0ef842d491f40f2a39ca,150,True,True,[1],"[0, 1]",402,420,384,75360233764666310/390311967705443,855683929200394240/7475975381435023,3/70,False,3,3
s840106_span450_heterogeneous,840106,450,heterogeneous,d6bcab3742abd54d670cf9cac1bfc9d7867629a4f956fb824c662c01f205a011,20,False,False,,,,,19,,,,,,
s840106_span450_heterogeneous,840106,450,heterogeneous,d6bcab3742abd54d670cf9cac1bfc9d7867629a4f956fb824c662c01f205a011,50,True,True,"[1, 5]","[1, 5]",64,64,19,2229055678916562874956068097414380/44010916189210542365429935036619,2229055678916562874956068097414380/44010916189210542365429935036619,0,False,4,4
s840106_span450_heterogeneous,840106,450,heterogeneous,d6bcab3742abd54d670cf9cac1bfc9d7867629a4f956fb824c662c01f205a011,100,True,True,[3],"[1, 5]",64,64,19,511220317600893877984732872925/2574915281713591059751108608,2229055678916562874956068097414380/44010916189210542365429935036619,0,False,4,4
s840106_span450_heterogeneous,840106,450,heterogeneous,d6bcab3742abd54d670cf9cac1bfc9d7867629a4f956fb824c662c01f205a011,150,True,True,[1],"[0, 1]",37,55,19,590298511680665610288478333883/2942760321958389782572695552,590298511680665610288478333883/2942760321958389782572695552,18/55,False,3,3
s840107_span20_exact,840107,20,exact,508080aa61b51e802be6692b59f259f6abee3b95d5c2948a78d8ee24b1ed6dad,20,False,False,,,,,384,,,,,,
s840107_span20_exact,840107,20,exact,508080aa61b51e802be6692b59f259f6abee3b95d5c2948a78d8ee24b1ed6dad,50,False,False,,,,,384,,,,,,
s840107_span20_exact,840107,20,exact,508080aa61b51e802be6692b59f259f6abee3b95d5c2948a78d8ee24b1ed6dad,100,True,True,[4],"[1, 4]",402,420,384,260608298437172736/1951559838527215,249799659331483544/1951559838527215,3/70,False,3,3
s840107_span20_exact,840107,20,exact,508080aa61b51e802be6692b59f259f6abee3b95d5c2948a78d8ee24b1ed6dad,150,True,True,[4],"[1, 4]",402,420,384,260608298437172736/1951559838527215,249799659331483544/1951559838527215,3/70,False,3,3
s840107_span20_heterogeneous,840107,20,heterogeneous,283d0970513fc59ed9eecbdbe9c05c459eeb6283d8cfa196fdb634df26a170d2,20,False,False,,,,,19,,,,,,
s840107_span20_heterogeneous,840107,20,heterogeneous,283d0970513fc59ed9eecbdbe9c05c459eeb6283d8cfa196fdb634df26a170d2,50,False,False,,,,,19,,,,,,
s840107_span20_heterogeneous,840107,20,heterogeneous,283d0970513fc59ed9eecbdbe9c05c459eeb6283d8cfa196fdb634df26a170d2,100,True,True,[4],"[1, 4]",37,55,19,1048008106886590055245288846951/7356900804895974456431738880,1048008106886590055245288846951/7356900804895974456431738880,18/55,True,3,3
s840107_span20_heterogeneous,840107,20,heterogeneous,283d0970513fc59ed9eecbdbe9c05c459eeb6283d8cfa196fdb634df26a170d2,150,True,True,[4],"[1, 4]",37,55,19,1048008106886590055245288846951/7356900804895974456431738880,1048008106886590055245288846951/7356900804895974456431738880,18/55,True,3,3
s840107_span150_exact,840107,150,exact,7eec349f3c9d695f1206d112bb9a92f352251bdd141bdbebf50422b785d46c33,20,False,False,,,,,384,,,,,,
s840107_span150_exact,840107,150,exact,7eec349f3c9d695f1206d112bb9a92f352251bdd141bdbebf50422b785d46c33,50,True,True,"[1, 4]","[1, 4]",420,420,384,531424756029718528/7475975381435023,531424756029718528/7475975381435023,0,False,3,3
s840107_span150_exact,840107,150,exact,7eec349f3c9d695f1206d112bb9a92f352251bdd141bdbebf50422b785d46c33,100,True,True,[4],"[1, 4]",402,420,384,59147275106132522/390311967705443,531424756029718528/7475975381435023,3/70,False,3,3
s840107_span150_exact,840107,150,exact,7eec349f3c9d695f1206d112bb9a92f352251bdd141bdbebf50422b785d46c33,150,True,True,[4],"[1, 4]",402,420,384,59147275106132522/390311967705443,531424756029718528/7475975381435023,3/70,False,3,3
s840107_span150_heterogeneous,840107,150,heterogeneous,c22b4723aae527875389e08aa3da5a169a16aeba2ecf72eeff417e11761660ed,20,False,False,,,,,19,,,,,,
s840107_span150_heterogeneous,840107,150,heterogeneous,c22b4723aae527875389e08aa3da5a169a16aeba2ecf72eeff417e11761660ed,50,True,True,"[0, 4]","[0, 4]",64,64,19,1473930862181901479517449238715618/17550395111360807264418118788455,1473930862181901479517449238715618/17550395111360807264418118788455,0,False,4,4
s840107_span150_heterogeneous,840107,150,heterogeneous,c22b4723aae527875389e08aa3da5a169a16aeba2ecf72eeff417e11761660ed,100,True,True,[4],"[1, 4]",37,55,19,8263026249623023273780537294033/51498305634271821195022172160,8263026249623023273780537294033/51498305634271821195022172160,18/55,False,3,3
s840107_span150_heterogeneous,840107,150,heterogeneous,c22b4723aae527875389e08aa3da5a169a16aeba2ecf72eeff417e11761660ed,150,True,True,[4],"[1, 4]",37,55,19,8263026249623023273780537294033/51498305634271821195022172160,8263026249623023273780537294033/51498305634271821195022172160,18/55,False,3,3
s840107_span450_exact,840107,450,exact,eb3d7d4d43b4083dd8e1add05aee86cd02dec684d4a6dd60ef473e3276d17d15,20,True,True,"[1, 4]","[1, 4]",420,420,384,495395959010754560/13446461744577623,495395959010754560/13446461744577623,0,False,3,3
s840107_span450_exact,840107,450,exact,eb3d7d4d43b4083dd8e1add05aee86cd02dec684d4a6dd60ef473e3276d17d15,50,True,True,"[1, 4]","[1, 4]",420,420,384,495395959010754560/13446461744577623,495395959010754560/13446461744577623,0,False,3,3
s840107_span450_exact,840107,450,exact,eb3d7d4d43b4083dd8e1add05aee86cd02dec684d4a6dd60ef473e3276d17d15,100,True,True,[4],"[1, 4]",402,420,384,75360233764666310/390311967705443,495395959010754560/13446461744577623,3/70,False,3,3
s840107_span450_exact,840107,450,exact,eb3d7d4d43b4083dd8e1add05aee86cd02dec684d4a6dd60ef473e3276d17d15,150,True,True,[4],"[1, 4]",402,420,384,75360233764666310/390311967705443,495395959010754560/13446461744577623,3/70,False,3,3
s840107_span450_heterogeneous,840107,450,heterogeneous,af5e4e9e57dfaa08c2ba19c2b34ed885f012cb6ec2feebbef6b756a75dccebb7,20,False,False,,,,,19,,,,,,
s840107_span450_heterogeneous,840107,450,heterogeneous,af5e4e9e57dfaa08c2ba19c2b34ed885f012cb6ec2feebbef6b756a75dccebb7,50,True,True,"[0, 4]","[0, 4]",64,64,19,4151495969280506638114754559424966/88342115432307242861478312515483,4151495969280506638114754559424966/88342115432307242861478312515483,0,False,4,4
s840107_span450_heterogeneous,840107,450,heterogeneous,af5e4e9e57dfaa08c2ba19c2b34ed885f012cb6ec2feebbef6b756a75dccebb7,100,True,True,[2],"[1, 4]",55,55,19,433865466957354078391809009473/2574915281713591059751108608,1516646729945160681877400916043370/8774148732717051285988950886999,0,False,3,3
s840107_span450_heterogeneous,840107,450,heterogeneous,af5e4e9e57dfaa08c2ba19c2b34ed885f012cb6ec2feebbef6b756a75dccebb7,150,True,True,[4],"[1, 4]",37,55,19,10402186637508160705465572752593/51498305634271821195022172160,1516646729945160681877400916043370/8774148732717051285988950886999,18/55,False,3,3
s840108_span20_exact,840108,20,exact,1f81fe8050b957c7d691ee580bcc90829a738b0fc45e7e468b8d5d497e146f54,20,False,False,,,,,384,,,,,,
s840108_span20_exact,840108,20,exact,1f81fe8050b957c7d691ee580bcc90829a738b0fc45e7e468b8d5d497e146f54,50,False,False,,,,,384,,,,,,
s840108_span20_exact,840108,20,exact,1f81fe8050b957c7d691ee580bcc90829a738b0fc45e7e468b8d5d497e146f54,100,True,True,[0],"[0, 4]",402,429,384,158526706883441480/1170935903116329,249799659331483544/1951559838527215,9/143,False,4,4
s840108_span20_exact,840108,20,exact,1f81fe8050b957c7d691ee580bcc90829a738b0fc45e7e468b8d5d497e146f54,150,True,True,[0],"[0, 4]",402,429,384,158526706883441480/1170935903116329,249799659331483544/1951559838527215,9/143,False,4,4
s840108_span20_heterogeneous,840108,20,heterogeneous,9ee8045cdfba519e1f09df526955320e03b8c1ab2013a54162d2d684d2129205,20,False,False,,,,,19,,,,,,
s840108_span20_heterogeneous,840108,20,heterogeneous,9ee8045cdfba519e1f09df526955320e03b8c1ab2013a54162d2d684d2129205,50,False,False,,,,,19,,,,,,
s840108_span20_heterogeneous,840108,20,heterogeneous,9ee8045cdfba519e1f09df526955320e03b8c1ab2013a54162d2d684d2129205,100,True,True,[0],"[0, 4]",37,64,19,5183342271462954746521171646521/34332203756181214130014781440,5183342271462954746521171646521/34332203756181214130014781440,27/64,True,4,4
s840108_span20_heterogeneous,840108,20,heterogeneous,9ee8045cdfba519e1f09df526955320e03b8c1ab2013a54162d2d684d2129205,150,True,True,[0],"[0, 4]",37,64,19,5183342271462954746521171646521/34332203756181214130014781440,5183342271462954746521171646521/34332203756181214130014781440,27/64,True,4,4
s840108_span150_exact,840108,150,exact,3d241d5fbdfd42ba9aaa5636186334054ca78e9b0ae61c27bca3be8e07c2a3ec,20,False,False,,,,,384,,,,,,
s840108_span150_exact,840108,150,exact,3d241d5fbdfd42ba9aaa5636186334054ca78e9b0ae61c27bca3be8e07c2a3ec,50,True,True,"[0, 4]","[0, 4]",429,429,384,731834939447705600/11709359031163289,731834939447705600/11709359031163289,0,False,4,4
s840108_span150_exact,840108,150,exact,3d241d5fbdfd42ba9aaa5636186334054ca78e9b0ae61c27bca3be8e07c2a3ec,100,True,True,[0],"[0, 4]",402,429,384,9221656379853874/55758852529349,731834939447705600/11709359031163289,9/143,False,4,4
s840108_span150_exact,840108,150,exact,3d241d5fbdfd42ba9aaa5636186334054ca78e9b0ae61c27bca3be8e07c2a3ec,150,True,True,[0],"[0, 4]",402,429,384,9221656379853874/55758852529349,731834939447705600/11709359031163289,9/143,False,4,4
s840108_span150_heterogeneous,840108,150,heterogeneous,3177aeb9395f9bb1e3a548ea632f3123c1323c917c14d25c1c7dbe335c475c85,20,False,False,,,,,19,,,,,,
s840108_span150_heterogeneous,840108,150,heterogeneous,3177aeb9395f9bb1e3a548ea632f3123c1323c917c14d25c1c7dbe335c475c85,50,False,False,,,,,19,,,,,,
s840108_span150_heterogeneous,840108,150,heterogeneous,3177aeb9395f9bb1e3a548ea632f3123c1323c917c14d25c1c7dbe335c475c85,100,True,True,[0],"[0, 4]",37,64,19,18639925152445173863108566157483/102996611268543642390044344320,18639925152445173863108566157483/102996611268543642390044344320,27/64,False,4,4
s840108_span150_heterogeneous,840108,150,heterogeneous,3177aeb9395f9bb1e3a548ea632f3123c1323c917c14d25c1c7dbe335c475c85,150,True,True,[0],"[0, 4]",37,64,19,18639925152445173863108566157483/102996611268543642390044344320,18639925152445173863108566157483/102996611268543642390044344320,27/64,False,4,4
s840108_span450_exact,840108,450,exact,eb64a11e07035a74821ec70dafae7aa1fc0c4f06179213f30b1482dcae6f7752,20,True,True,"[0, 4]","[0, 4]",429,429,384,1069604911500492800/30624477466119371,1069604911500492800/30624477466119371,0,False,4,4
s840108_span450_exact,840108,450,exact,eb64a11e07035a74821ec70dafae7aa1fc0c4f06179213f30b1482dcae6f7752,50,True,True,"[0, 2]","[0, 4]",429,429,384,2139209823000985600/32876277279804619,1069604911500492800/30624477466119371,0,False,4,4
s840108_span450_exact,840108,450,exact,eb64a11e07035a74821ec70dafae7aa1fc0c4f06179213f30b1482dcae6f7752,100,True,True,[1],"[0, 4]",420,429,384,75360233764666310/390311967705443,1069604911500492800/30624477466119371,3/143,False,4,4
s840108_span450_exact,840108,450,exact,eb64a11e07035a74821ec70dafae7aa1fc0c4f06179213f30b1482dcae6f7752,150,True,True,[0],"[0, 4]",402,429,384,91573192423200098/390311967705443,1069604911500492800/30624477466119371,9/143,False,4,4
s840108_span450_heterogeneous,840108,450,heterogeneous,19068b5eca135ff334765cd2cf1f3ea255501afa9c2ef955ea10b7ede78d261b,20,False,False,,,,,19,,,,,,
s840108_span450_heterogeneous,840108,450,heterogeneous,19068b5eca135ff334765cd2cf1f3ea255501afa9c2ef955ea10b7ede78d261b,50,True,True,"[0, 2]","[0, 5]",64,73,19,54835518936249524715523680140241084311535074061/578153548158269902909892881576025181925670912,489439813610009487475381982858339409270572132363/7268518387149830412529675166287059649206157312,9/73,False,5,5
s840108_span450_heterogeneous,840108,450,heterogeneous,19068b5eca135ff334765cd2cf1f3ea255501afa9c2ef955ea10b7ede78d261b,100,True,True,[1],"[0, 4]",55,64,19,4098152673389737004738881893503/20599322253708728478008868864,649526951147960716833995069625752070225775888237/3543970897937620610895008932300906508067012608,9/64,False,4,4
s840108_span450_heterogeneous,840108,450,heterogeneous,19068b5eca135ff334765cd2cf1f3ea255501afa9c2ef955ea10b7ede78d261b,150,True,True,[0],"[0, 4]",37,64,19,27488490430644229985793235983365/109863052019779885216047300608,649526951147960716833995069625752070225775888237/3543970897937620610895008932300906508067012608,27/64,False,4,4
s840109_span20_exact,840109,20,exact,27024d146da6a288c6172a978926d5d2213e1202e2007fe36de2e50e0369bdd4,20,False,False,,,,,384,,,,,,
s840109_span20_exact,840109,20,exact,27024d146da6a288c6172a978926d5d2213e1202e2007fe36de2e50e0369bdd4,50,False,False,,,,,384,,,,,,
s840109_span20_exact,840109,20,exact,27024d146da6a288c6172a978926d5d2213e1202e2007fe36de2e50e0369bdd4,100,True,True,[0],"[0, 2]",402,411,384,158526706883441480/1170935903116329,771016256205829016/5854679515581645,3/137,False,2,2
s840109_span20_exact,840109,20,exact,27024d146da6a288c6172a978926d5d2213e1202e2007fe36de2e50e0369bdd4,150,True,True,[0],"[0, 2]",402,411,384,158526706883441480/1170935903116329,771016256205829016/5854679515581645,3/137,False,2,2
s840109_span20_heterogeneous,840109,20,heterogeneous,b780e41bc346c8d02e383172ce8e019e69434a4a1e5e926487144a47f5b3a925,20,False,False,,,,,19,,,,,,
s840109_span20_heterogeneous,840109,20,heterogeneous,b780e41bc346c8d02e383172ce8e019e69434a4a1e5e926487144a47f5b3a925,50,False,False,,,,,19,,,,,,
s840109_span20_heterogeneous,840109,20,heterogeneous,b780e41bc346c8d02e383172ce8e019e69434a4a1e5e926487144a47f5b3a925,100,True,True,[0],"[0, 1]",37,46,19,14678265132644401069405934502337/102996611268543642390044344320,14678265132644401069405934502337/102996611268543642390044344320,9/46,True,2,2
s840109_span20_heterogeneous,840109,20,heterogeneous,b780e41bc346c8d02e383172ce8e019e69434a4a1e5e926487144a47f5b3a925,150,True,True,[0],"[0, 1]",37,46,19,14678265132644401069405934502337/102996611268543642390044344320,14678265132644401069405934502337/102996611268543642390044344320,9/46,True,2,2
s840109_span150_exact,840109,150,exact,0431115f1a6bbb3f36e795f447d2cb24231d0076bebd7f51fae59e8292a49276,20,False,False,,,,,384,,,,,,
s840109_span150_exact,840109,150,exact,0431115f1a6bbb3f36e795f447d2cb24231d0076bebd7f51fae59e8292a49276,50,True,True,"[0, 4]","[0, 4]",420,420,384,731834939447705600/11709359031163289,731834939447705600/11709359031163289,0,False,3,3
s840109_span150_exact,840109,150,exact,0431115f1a6bbb3f36e795f447d2cb24231d0076bebd7f51fae59e8292a49276,100,True,True,[0],"[0, 2]",402,411,384,9221656379853874/55758852529349,1463669878895411200/13961158844848537,3/137,False,2,2
s840109_span150_exact,840109,150,exact,0431115f1a6bbb3f36e795f447d2cb24231d0076bebd7f51fae59e8292a49276,150,True,True,[0],"[0, 2]",402,411,384,9221656379853874/55758852529349,1463669878895411200/13961158844848537,3/137,False,2,2
s840109_span150_heterogeneous,840109,150,heterogeneous,85f771892be2645f52fa041430e27853b6bc9f73ebf3265c8974c8efeb352490,20,False,False,,,,,19,,,,,,
s840109_span150_heterogeneous,840109,150,heterogeneous,85f771892be2645f52fa041430e27853b6bc9f73ebf3265c8974c8efeb352490,50,False,False,,,,,19,,,,,,
s840109_span150_heterogeneous,840109,150,heterogeneous,85f771892be2645f52fa041430e27853b6bc9f73ebf3265c8974c8efeb352490,100,True,True,[0],"[0, 2]",37,46,19,5922721156900236897650328573419/34332203756181214130014781440,3108274294220017817072001982217/20599322253708728478008868864,9/46,False,2,2
s840109_span150_heterogeneous,840109,150,heterogeneous,85f771892be2645f52fa041430e27853b6bc9f73ebf3265c8974c8efeb352490,150,True,True,[0],"[0, 2]",37,46,19,5922721156900236897650328573419/34332203756181214130014781440,3108274294220017817072001982217/20599322253708728478008868864,9/46,False,2,2
s840109_span450_exact,840109,450,exact,4f0553c51d6afab638d3ac49c1114aea795eecb302ac8ea75bd1a83b7a191e1a,20,True,True,"[0, 4]","[0, 4]",420,420,384,1069604911500492800/30624477466119371,1069604911500492800/30624477466119371,0,False,3,3
s840109_span450_exact,840109,450,exact,4f0553c51d6afab638d3ac49c1114aea795eecb302ac8ea75bd1a83b7a191e1a,50,True,True,"[0, 2]","[0, 2]",411,411,384,2139209823000985600/32876277279804619,2139209823000985600/32876277279804619,0,False,2,2
s840109_span450_exact,840109,450,exact,4f0553c51d6afab638d3ac49c1114aea795eecb302ac8ea75bd1a83b7a191e1a,100,True,True,[1],"[0, 2]",402,411,384,75360233764666310/390311967705443,2139209823000985600/32876277279804619,3/137,False,2,2
s840109_span450_exact,840109,450,exact,4f0553c51d6afab638d3ac49c1114aea795eecb302ac8ea75bd1a83b7a191e1a,150,True,True,[0],"[0, 2]",402,411,384,91573192423200098/390311967705443,2139209823000985600/32876277279804619,3/137,False,2,2
s840109_span450_heterogeneous,840109,450,heterogeneous,57ac59b198a94477399664b1720f99792a6ac1ffec1a7c3f5a9538ffae2b9a77,20,False,False,,,,,19,,,,,,
s840109_span450_heterogeneous,840109,450,heterogeneous,57ac59b198a94477399664b1720f99792a6ac1ffec1a7c3f5a9538ffae2b9a77,50,True,True,"[0, 5]","[0, 5]",64,64,19,231381660939863878703694742252132/3466999576330562385289091409047,231381660939863878703694742252132/3466999576330562385289091409047,0,False,4,4
s840109_span450_heterogeneous,840109,450,heterogeneous,57ac59b198a94477399664b1720f99792a6ac1ffec1a7c3f5a9538ffae2b9a77,100,True,True,[2],"[0, 2]",37,46,19,3393495679271369474630006710025/20599322253708728478008868864,1429296305087618918646073344124565/12593877170083741248731454483638,9/46,False,2,2
s840109_span450_heterogeneous,840109,450,heterogeneous,57ac59b198a94477399664b1720f99792a6ac1ffec1a7c3f5a9538ffae2b9a77,150,True,True,[0],"[0, 2]",37,46,19,8299566032328167377300367971819/34332203756181214130014781440,1429296305087618918646073344124565/12593877170083741248731454483638,9/46,False,2,2
s840110_span20_exact,840110,20,exact,7783fc52a8381aafdb203757f9d8f5f27eec9e55cc2a38ce0b4b5b5de1bf64f9,20,False,False,,,,,384,,,,,,
s840110_span20_exact,840110,20,exact,7783fc52a8381aafdb203757f9d8f5f27eec9e55cc2a38ce0b4b5b5de1bf64f9,50,False,False,,,,,384,,,,,,
s840110_span20_exact,840110,20,exact,7783fc52a8381aafdb203757f9d8f5f27eec9e55cc2a38ce0b4b5b5de1bf64f9,100,True,True,[1],"[1, 2]",402,411,384,260608298437172736/1951559838527215,771016256205829016/5854679515581645,3/137,False,2,2
s840110_span20_exact,840110,20,exact,7783fc52a8381aafdb203757f9d8f5f27eec9e55cc2a38ce0b4b5b5de1bf64f9,150,True,True,[1],"[1, 2]",402,411,384,260608298437172736/1951559838527215,771016256205829016/5854679515581645,3/137,False,2,2
s840110_span20_heterogeneous,840110,20,heterogeneous,6f13f8fc2970830544ee933e599040fbd40b132d975ad2bd6006ee56df49fa4f,20,False,False,,,,,19,,,,,,
s840110_span20_heterogeneous,840110,20,heterogeneous,6f13f8fc2970830544ee933e599040fbd40b132d975ad2bd6006ee56df49fa4f,50,False,False,,,,,19,,,,,,
s840110_span20_heterogeneous,840110,20,heterogeneous,6f13f8fc2970830544ee933e599040fbd40b132d975ad2bd6006ee56df49fa4f,100,True,True,[1],"[1, 2]",37,46,19,3339959638995584865621993178123/17166101878090607065007390720,1210603497708641441355573479869/8583050939045303532503695360,9/46,True,2,2
s840110_span20_heterogeneous,840110,20,heterogeneous,6f13f8fc2970830544ee933e599040fbd40b132d975ad2bd6006ee56df49fa4f,150,True,True,[1],"[1, 2]",37,46,19,3339959638995584865621993178123/17166101878090607065007390720,1210603497708641441355573479869/8583050939045303532503695360,9/46,True,2,2
s840110_span150_exact,840110,150,exact,4682784a42fccb8880e464d8e012870480a4d4b09bbbbe3996baf417b5e3e01c,20,False,False,,,,,384,,,,,,
s840110_span150_exact,840110,150,exact,4682784a42fccb8880e464d8e012870480a4d4b09bbbbe3996baf417b5e3e01c,50,True,True,"[1, 3]","[1, 5]",420,420,384,1328561890074296320/13961158844848537,731834939447705600/11709359031163289,0,False,3,3
s840110_span150_exact,840110,150,exact,4682784a42fccb8880e464d8e012870480a4d4b09bbbbe3996baf417b5e3e01c,100,True,True,[1],"[1, 2]",402,411,384,59147275106132522/390311967705443,53742955553287926/390311967705443,3/137,False,2,2
s840110_span150_exact,840110,150,exact,4682784a42fccb8880e464d8e012870480a4d4b09bbbbe3996baf417b5e3e01c,150,True,True,[1],"[1, 2]",402,411,384,59147275106132522/390311967705443,53742955553287926/390311967705443,3/137,False,2,2
s840110_span150_heterogeneous,840110,150,heterogeneous,e078c3be43ba5f4dbfa77abe95329b9bd8673bd8fea17f960de0a149d031472b,20,False,False,,,,,19,,,,,,
s840110_span150_heterogeneous,840110,150,heterogeneous,e078c3be43ba5f4dbfa77abe95329b9bd8673bd8fea17f960de0a149d031472b,50,True,True,"[0, 5]","[0, 5]",64,64,19,908129275753547926463792761370084/10332471661160664819840127001319,908129275753547926463792761370084/10332471661160664819840127001319,0,False,4,4
s840110_span150_heterogeneous,840110,150,heterogeneous,e078c3be43ba5f4dbfa77abe95329b9bd8673bd8fea17f960de0a149d031472b,100,True,True,[2],"[1, 2]",37,46,19,3786305410028739805243973000503/25749152817135910597511086080,3786305410028739805243973000503/25749152817135910597511086080,9/46,True,2,2
s840110_span150_heterogeneous,840110,150,heterogeneous,e078c3be43ba5f4dbfa77abe95329b9bd8673bd8fea17f960de0a149d031472b,150,True,True,[1],"[1, 2]",37,46,19,729789894560243165595299659983/3433220375618121413001478144,3786305410028739805243973000503/25749152817135910597511086080,9/46,True,2,2
s840110_span450_exact,840110,450,exact,338357458d087b9a317376b8cc9ca546d387dd88a4ca457f559eaa6ded578b3a,20,True,True,"[1, 5]","[1, 5]",420,420,384,1069604911500492800/30624477466119371,1069604911500492800/30624477466119371,0,False,3,3
s840110_span450_exact,840110,450,exact,338357458d087b9a317376b8cc9ca546d387dd88a4ca457f559eaa6ded578b3a,50,True,True,"[1, 2]","[1, 2]",411,411,384,693554342615056384/7475975381435023,693554342615056384/7475975381435023,0,False,2,2
s840110_span450_exact,840110,450,exact,338357458d087b9a317376b8cc9ca546d387dd88a4ca457f559eaa6ded578b3a,100,True,True,[1],"[1, 2]",402,411,384,75360233764666310/390311967705443,693554342615056384/7475975381435023,3/137,False,2,2
s840110_span450_exact,840110,450,exact,338357458d087b9a317376b8cc9ca546d387dd88a4ca457f559eaa6ded578b3a,150,True,True,[1],"[1, 2]",402,411,384,75360233764666310/390311967705443,693554342615056384/7475975381435023,3/137,False,2,2
s840110_span450_heterogeneous,840110,450,heterogeneous,8f2a18c51c58fc23f2bf591ba9c71963a3fcc064b4c08e4c0f6dad031c8c0c65,20,False,False,,,,,19,,,,,,
s840110_span450_heterogeneous,840110,450,heterogeneous,8f2a18c51c58fc23f2bf591ba9c71963a3fcc064b4c08e4c0f6dad031c8c0c65,50,True,True,"[0, 2]","[0, 5]",55,64,19,8610252753288573543617164726941506/93447619308971031042989570498749,9702348868027888880405312762045668/201311869470647579054633386238981,9/64,False,4,4
s840110_span450_heterogeneous,840110,450,heterogeneous,8f2a18c51c58fc23f2bf591ba9c71963a3fcc064b4c08e4c0f6dad031c8c0c65,100,True,True,[2],"[1, 2]",37,46,19,4142832141342929377191478910263/25749152817135910597511086080,4142832141342929377191478910263/25749152817135910597511086080,9/46,False,2,2
s840110_span450_heterogeneous,840110,450,heterogeneous,8f2a18c51c58fc23f2bf591ba9c71963a3fcc064b4c08e4c0f6dad031c8c0c65,150,True,True,[1],"[1, 2]",37,46,19,872400587085918994374302023887/3433220375618121413001478144,4142832141342929377191478910263/25749152817135910597511086080,9/46,False,2,2
s840111_span20_exact,840111,20,exact,ce0a3895ff93c4a4691b80f1cbb363f08d82bad3fe6be2e0d9281586592039e2,20,False,False,,,,,384,,,,,,
s840111_span20_exact,840111,20,exact,ce0a3895ff93c4a4691b80f1cbb363f08d82bad3fe6be2e0d9281586592039e2,50,False,False,,,,,384,,,,,,
s840111_span20_exact,840111,20,exact,ce0a3895ff93c4a4691b80f1cbb363f08d82bad3fe6be2e0d9281586592039e2,100,True,True,[3],"[3, 4]",402,420,384,771016256205829016/5854679515581645,771016256205829016/5854679515581645,3/70,False,3,3
s840111_span20_exact,840111,20,exact,ce0a3895ff93c4a4691b80f1cbb363f08d82bad3fe6be2e0d9281586592039e2,150,True,True,[3],"[3, 4]",402,420,384,771016256205829016/5854679515581645,771016256205829016/5854679515581645,3/70,False,3,3
s840111_span20_heterogeneous,840111,20,heterogeneous,93adca1d9f29653d3805dda31503d497ab44ea52971fb7f5a87ca3dbb5912e4c,20,False,False,,,,,19,,,,,,
s840111_span20_heterogeneous,840111,20,heterogeneous,93adca1d9f29653d3805dda31503d497ab44ea52971fb7f5a87ca3dbb5912e4c,50,False,False,,,,,19,,,,,,
s840111_span20_heterogeneous,840111,20,heterogeneous,93adca1d9f29653d3805dda31503d497ab44ea52971fb7f5a87ca3dbb5912e4c,100,True,True,[3],"[3, 4]",37,55,19,127607255245907846598258426929/858305093904530353250369536,1218341955996496452962986168817/8583050939045303532503695360,18/55,True,3,3
s840111_span20_heterogeneous,840111,20,heterogeneous,93adca1d9f29653d3805dda31503d497ab44ea52971fb7f5a87ca3dbb5912e4c,150,True,True,[3],"[3, 4]",37,55,19,127607255245907846598258426929/858305093904530353250369536,1218341955996496452962986168817/8583050939045303532503695360,18/55,True,3,3
s840111_span150_exact,840111,150,exact,392fc7a36a4874c9060d46aa8e9d4a6e05389f7ec201e89709fbecac9894d405,20,False,False,,,,,384,,,,,,
s840111_span150_exact,840111,150,exact,392fc7a36a4874c9060d46aa8e9d4a6e05389f7ec201e89709fbecac9894d405,50,True,True,"[0, 3]","[0, 3]",429,429,384,585467951558164480/7475975381435023,585467951558164480/7475975381435023,0,False,4,4
s840111_span150_exact,840111,150,exact,392fc7a36a4874c9060d46aa8e9d4a6e05389f7ec201e89709fbecac9894d405,100,True,True,[3],"[3, 4]",402,420,384,53742955553287926/390311967705443,53742955553287926/390311967705443,3/70,False,3,3
s840111_span150_exact,840111,150,exact,392fc7a36a4874c9060d46aa8e9d4a6e05389f7ec201e89709fbecac9894d405,150,True,True,[3],"[3, 4]",402,420,384,53742955553287926/390311967705443,53742955553287926/390311967705443,3/70,False,3,3
s840111_span150_heterogeneous,840111,150,heterogeneous,b10250705fe2a4d3b6cca469d2293cb8c933aa51912640271d60a14c79331d93,20,False,False,,,,,19,,,,,,
s840111_span150_heterogeneous,840111,150,heterogeneous,b10250705fe2a4d3b6cca469d2293cb8c933aa51912640271d60a14c79331d93,50,False,False,,,,,19,,,,,,
s840111_span150_heterogeneous,840111,150,heterogeneous,b10250705fe2a4d3b6cca469d2293cb8c933aa51912640271d60a14c79331d93,100,True,True,[3],"[3, 4]",37,55,19,1926476349190346517112738627873/12874576408567955298755543040,1926476349190346517112738627873/12874576408567955298755543040,18/55,False,3,3
s840111_span150_heterogeneous,840111,150,heterogeneous,b10250705fe2a4d3b6cca469d2293cb8c933aa51912640271d60a14c79331d93,150,True,True,[3],"[3, 4]",37,55,19,1926476349190346517112738627873/12874576408567955298755543040,1926476349190346517112738627873/12874576408567955298755543040,18/55,False,3,3
s840111_span450_exact,840111,450,exact,bc1bbde3c98f7769daffd1db03cc9a0c88e3e99691229373cef65f3e2fe587d1,20,True,True,"[0, 4]","[0, 4]",438,438,384,1069604911500492800/30624477466119371,1069604911500492800/30624477466119371,0,False,5,5
s840111_span450_exact,840111,450,exact,bc1bbde3c98f7769daffd1db03cc9a0c88e3e99691229373cef65f3e2fe587d1,50,True,True,"[3, 4]","[3, 4]",420,420,384,693554342615056384/7475975381435023,693554342615056384/7475975381435023,0,False,3,3
s840111_span450_exact,840111,450,exact,bc1bbde3c98f7769daffd1db03cc9a0c88e3e99691229373cef65f3e2fe587d1,100,True,True,[3],"[3, 4]",402,420,384,59147275106132522/390311967705443,693554342615056384/7475975381435023,3/70,False,3,3
s840111_span450_exact,840111,450,exact,bc1bbde3c98f7769daffd1db03cc9a0c88e3e99691229373cef65f3e2fe587d1,150,True,True,[3],"[3, 4]",402,420,384,59147275106132522/390311967705443,693554342615056384/7475975381435023,3/70,False,3,3
s840111_span450_heterogeneous,840111,450,heterogeneous,ac5642234a815ef5abce181ec0e3a706e6afcfc22f04f1ca372b73bb2f843d75,20,False,False,,,,,19,,,,,,
s840111_span450_heterogeneous,840111,450,heterogeneous,ac5642234a815ef5abce181ec0e3a706e6afcfc22f04f1ca372b73bb2f843d75,50,True,True,"[0, 3]","[0, 3]",64,64,19,13561524036715864292368686994040780/138522212271159587878368731049783,13561524036715864292368686994040780/138522212271159587878368731049783,0,False,4,4
s840111_span450_heterogeneous,840111,450,heterogeneous,ac5642234a815ef5abce181ec0e3a706e6afcfc22f04f1ca372b73bb2f843d75,100,True,True,[3],"[3, 4]",37,55,19,2104739714847441303086491582753/12874576408567955298755543040,596412894609304749408851766195440/3953820319882190305473206504559,18/55,False,3,3
s840111_span450_heterogeneous,840111,450,heterogeneous,ac5642234a815ef5abce181ec0e3a706e6afcfc22f04f1ca372b73bb2f843d75,150,True,True,[3],"[3, 4]",37,55,19,2104739714847441303086491582753/12874576408567955298755543040,596412894609304749408851766195440/3953820319882190305473206504559,18/55,False,3,3
s840112_span20_exact,840112,20,exact,02d1b19875e3680cf86ec72343a16827c9548088625b7b0d1a846bd96158b63d,20,False,False,,,,,384,,,,,,
s840112_span20_exact,840112,20,exact,02d1b19875e3680cf86ec72343a16827c9548088625b7b0d1a846bd96158b63d,50,False,False,,,,,384,,,,,,
s840112_span20_exact,840112,20,exact,02d1b19875e3680cf86ec72343a16827c9548088625b7b0d1a846bd96158b63d,100,True,True,[0],"[0, 5]",402,420,384,158526706883441480/1170935903116329,147718067777752288/1170935903116329,3/70,False,3,3
s840112_span20_exact,840112,20,exact,02d1b19875e3680cf86ec72343a16827c9548088625b7b0d1a846bd96158b63d,150,True,True,[0],"[0, 5]",402,420,384,158526706883441480/1170935903116329,147718067777752288/1170935903116329,3/70,False,3,3
s840112_span20_heterogeneous,840112,20,heterogeneous,6dd3a52a24a1a34f321e4d33ceb38130e873d47ed7eb872a7f5dc9876eb899a2,20,False,False,,,,,19,,,,,,
s840112_span20_heterogeneous,840112,20,heterogeneous,6dd3a52a24a1a34f321e4d33ceb38130e873d47ed7eb872a7f5dc9876eb899a2,50,False,False,,,,,19,,,,,,
s840112_span20_heterogeneous,840112,20,heterogeneous,6dd3a52a24a1a34f321e4d33ceb38130e873d47ed7eb872a7f5dc9876eb899a2,100,True,True,[0],"[0, 5]",37,55,19,4866326623632932560180189719057/34332203756181214130014781440,113228764979881926451944334273/804661025535497206172221440,18/55,False,3,3
s840112_span20_heterogeneous,840112,20,heterogeneous,6dd3a52a24a1a34f321e4d33ceb38130e873d47ed7eb872a7f5dc9876eb899a2,150,True,True,[0],"[0, 5]",37,55,19,4866326623632932560180189719057/34332203756181214130014781440,113228764979881926451944334273/804661025535497206172221440,18/55,False,3,3
s840112_span150_exact,840112,150,exact,10029dbeea8621e3844eb363509b8430c0e7ebc766a73b610679c61e318b15d4,20,False,False,,,,,384,,,,,,
s840112_span150_exact,840112,150,exact,10029dbeea8621e3844eb363509b8430c0e7ebc766a73b610679c61e318b15d4,50,True,True,"[0, 3]","[0, 5]",420,420,384,585467951558164480/7475975381435023,2927339757790822400/56294995342131197,0,False,3,3
s840112_span150_exact,840112,150,exact,10029dbeea8621e3844eb363509b8430c0e7ebc766a73b610679c61e318b15d4,100,True,True,[0],"[0, 5]",402,420,384,9221656379853874/55758852529349,2927339757790822400/56294995342131197,3/70,False,3,3
s840112_span150_exact,840112,150,exact,10029dbeea8621e3844eb363509b8430c0e7ebc766a73b610679c61e318b15d4,150,True,True,[0],"[0, 5]",402,420,384,9221656379853874/55758852529349,2927339757790822400/56294995342131197,3/70,False,3,3
s840112_span150_heterogeneous,840112,150,heterogeneous,953ac74c4e632a8ff98a2a566ccb5e291a8ceaed59683fa43c000077cb8bc49f,20,False,False,,,,,19,,,,,,
s840112_span150_heterogeneous,840112,150,heterogeneous,953ac74c4e632a8ff98a2a566ccb5e291a8ceaed59683fa43c000077cb8bc49f,50,True,True,"[0, 5]","[0, 5]",55,55,19,1911650810468846950310728540249860/21347729174404859669922100027981,1911650810468846950310728540249860/21347729174404859669922100027981,0,False,3,3
s840112_span150_heterogeneous,840112,150,heterogeneous,953ac74c4e632a8ff98a2a566ccb5e291a8ceaed59683fa43c000077cb8bc49f,100,True,True,[0],"[0, 5]",37,55,19,17688878208955107304085620375091/102996611268543642390044344320,1911650810468846950310728540249860/21347729174404859669922100027981,18/55,False,3,3
s840112_span150_heterogeneous,840112,150,heterogeneous,953ac74c4e632a8ff98a2a566ccb5e291a8ceaed59683fa43c000077cb8bc49f,150,True,True,[0],"[0, 5]",37,55,19,17688878208955107304085620375091/102996611268543642390044344320,1911650810468846950310728540249860/21347729174404859669922100027981,18/55,False,3,3
s840112_span450_exact,840112,450,exact,f22621b550c8d40c3adfd4bfdfe76266aeabe5a767fb1bf850a2ebfce306f5b2,20,True,True,"[0, 5]","[0, 5]",420,420,384,90071992547409920/3152519739159347,90071992547409920/3152519739159347,0,False,3,3
s840112_span450_exact,840112,450,exact,f22621b550c8d40c3adfd4bfdfe76266aeabe5a767fb1bf850a2ebfce306f5b2,50,True,True,"[0, 3]","[0, 5]",420,420,384,4278419646001971200/94125232212043361,90071992547409920/3152519739159347,0,False,3,3
s840112_span450_exact,840112,450,exact,f22621b550c8d40c3adfd4bfdfe76266aeabe5a767fb1bf850a2ebfce306f5b2,100,True,True,[1],"[0, 5]",411,420,384,75360233764666310/390311967705443,90071992547409920/3152519739159347,3/140,False,3,3
s840112_span450_exact,840112,450,exact,f22621b550c8d40c3adfd4bfdfe76266aeabe5a767fb1bf850a2ebfce306f5b2,150,True,True,[0],"[0, 5]",402,420,384,91573192423200098/390311967705443,90071992547409920/3152519739159347,3/70,False,3,3
s840112_span450_heterogeneous,840112,450,heterogeneous,9d85757b68b12482d65f3ef6c943f4836d7704eac5fdb565d2fa0cae0251841d,20,False,False,,,,,19,,,,,,
s840112_span450_heterogeneous,840112,450,heterogeneous,9d85757b68b12482d65f3ef6c943f4836d7704eac5fdb565d2fa0cae0251841d,50,True,True,"[0, 5]","[0, 5]",55,55,19,5339911002191593257014999188953369827422657599/110710346209790679761237856564113781085437952,5339911002191593257014999188953369827422657599/110710346209790679761237856564113781085437952,0,False,3,3
s840112_span450_heterogeneous,840112,450,heterogeneous,9d85757b68b12482d65f3ef6c943f4836d7704eac5fdb565d2fa0cae0251841d,100,True,True,[3],"[0, 5]",46,55,19,2322413970420027517681845912109/12874576408567955298755543040,5339911002191593257014999188953369827422657599/110710346209790679761237856564113781085437952,9/55,False,3,3
s840112_span450_heterogeneous,840112,450,heterogeneous,9d85757b68b12482d65f3ef6c943f4836d7704eac5fdb565d2fa0cae0251841d,150,True,True,[0],"[0, 5]",37,55,19,397110605363822374033892301543011/1647945780296698278240709509120,5339911002191593257014999188953369827422657599/110710346209790679761237856564113781085437952,18/55,False,3,3
s840113_span20_exact,840113,20,exact,12ce0e1f3dc2d874767186d922ff279ce7c1bab1eabc4abc7f1f37d882b992c5,20,False,False,,,,,384,,,,,,
s840113_span20_exact,840113,20,exact,12ce0e1f3dc2d874767186d922ff279ce7c1bab1eabc4abc7f1f37d882b992c5,50,False,False,,,,,384,,,,,,
s840113_span20_exact,840113,20,exact,12ce0e1f3dc2d874767186d922ff279ce7c1bab1eabc4abc7f1f37d882b992c5,100,True,True,[5],"[0, 5]",402,420,384,158526706883441480/1170935903116329,147718067777752288/1170935903116329,3/70,False,3,3
s840113_span20_exact,840113,20,exact,12ce0e1f3dc2d874767186d922ff279ce7c1bab1eabc4abc7f1f37d882b992c5,150,True,True,[5],"[0, 5]",402,420,384,158526706883441480/1170935903116329,147718067777752288/1170935903116329,3/70,False,3,3
s840113_span20_heterogeneous,840113,20,heterogeneous,3c95c2ad4cb795a466f6818545088827a6f37b05b26e221dc0b3228df826a37f,20,False,False,,,,,19,,,,,,
s840113_span20_heterogeneous,840113,20,heterogeneous,3c95c2ad4cb795a466f6818545088827a6f37b05b26e221dc0b3228df826a37f,50,False,False,,,,,19,,,,,,
s840113_span20_heterogeneous,840113,20,heterogeneous,3c95c2ad4cb795a466f6818545088827a6f37b05b26e221dc0b3228df826a37f,100,True,True,[5],"[0, 5]",37,55,19,1219201250220408897006296222107/8583050939045303532503695360,1219201250220408897006296222107/8583050939045303532503695360,18/55,True,3,3
s840113_span20_heterogeneous,840113,20,heterogeneous,3c95c2ad4cb795a466f6818545088827a6f37b05b26e221dc0b3228df826a37f,150,True,True,[5],"[0, 5]",37,55,19,1219201250220408897006296222107/8583050939045303532503695360,1219201250220408897006296222107/8583050939045303532503695360,18/55,True,3,3
s840113_span150_exact,840113,150,exact,1ccf89c2c194484146c10f3848a510205fd972b75248895dc4a247942b8c7647,20,False,False,,,,,384,,,,,,
s840113_span150_exact,840113,150,exact,1ccf89c2c194484146c10f3848a510205fd972b75248895dc4a247942b8c7647,50,True,True,"[0, 5]","[0, 5]",420,420,384,2927339757790822400/56294995342131197,2927339757790822400/56294995342131197,0,False,3,3
s840113_span150_exact,840113,150,exact,1ccf89c2c194484146c10f3848a510205fd972b75248895dc4a247942b8c7647,100,True,True,[5],"[0, 5]",402,420,384,9221656379853874/55758852529349,2927339757790822400/56294995342131197,3/70,False,3,3
s840113_span150_exact,840113,150,exact,1ccf89c2c194484146c10f3848a510205fd972b75248895dc4a247942b8c7647,150,True,True,[5],"[0, 5]",402,420,384,9221656379853874/55758852529349,2927339757790822400/56294995342131197,3/70,False,3,3
s840113_span150_heterogeneous,840113,150,heterogeneous,65181ae32e3bd190137d6e334be4e3a862d1d6c15e6b48a070ef61eec142dad0,20,False,False,,,,,19,,,,,,
s840113_span150_heterogeneous,840113,150,heterogeneous,65181ae32e3bd190137d6e334be4e3a862d1d6c15e6b48a070ef61eec142dad0,50,False,False,,,,,19,,,,,,
s840113_span150_heterogeneous,840113,150,heterogeneous,65181ae32e3bd190137d6e334be4e3a862d1d6c15e6b48a070ef61eec142dad0,100,True,True,[5],"[0, 5]",37,55,19,4430078335175304096905151470801/25749152817135910597511086080,878614034395411040087547487177250/7356753494334918266210059830599,18/55,False,3,3
s840113_span150_heterogeneous,840113,150,heterogeneous,65181ae32e3bd190137d6e334be4e3a862d1d6c15e6b48a070ef61eec142dad0,150,True,True,[5],"[0, 5]",37,55,19,4430078335175304096905151470801/25749152817135910597511086080,878614034395411040087547487177250/7356753494334918266210059830599,18/55,False,3,3
s840113_span450_exact,840113,450,exact,815ddeaa235abff06ad4799b85c722492182e5a8fa5a29b63f8a084cd5aa4fda,20,True,True,"[0, 5]","[0, 5]",420,420,384,90071992547409920/3152519739159347,90071992547409920/3152519739159347,0,False,3,3
s840113_span450_exact,840113,450,exact,815ddeaa235abff06ad4799b85c722492182e5a8fa5a29b63f8a084cd5aa4fda,50,True,True,"[0, 5]","[0, 5]",420,420,384,90071992547409920/3152519739159347,90071992547409920/3152519739159347,0,False,3,3
s840113_span450_exact,840113,450,exact,815ddeaa235abff06ad4799b85c722492182e5a8fa5a29b63f8a084cd5aa4fda,100,True,True,[1],"[0, 5]",420,420,384,75360233764666310/390311967705443,90071992547409920/3152519739159347,0,False,3,3
s840113_span450_exact,840113,450,exact,815ddeaa235abff06ad4799b85c722492182e5a8fa5a29b63f8a084cd5aa4fda,150,True,True,[5],"[0, 5]",402,420,384,91573192423200098/390311967705443,90071992547409920/3152519739159347,3/70,False,3,3
s840113_span450_heterogeneous,840113,450,heterogeneous,8e083e21498f5793af84c0e90f01f7d65221c40532d957a7e2119e4e0c801065,20,False,False,,,,,19,,,,,,
s840113_span450_heterogeneous,840113,450,heterogeneous,8e083e21498f5793af84c0e90f01f7d65221c40532d957a7e2119e4e0c801065,50,True,True,"[0, 5]","[0, 5]",55,55,19,914993405749259530870617986871866/13618071456860133628080965053961,914993405749259530870617986871866/13618071456860133628080965053961,0,False,3,3
s840113_span450_heterogeneous,840113,450,heterogeneous,8e083e21498f5793af84c0e90f01f7d65221c40532d957a7e2119e4e0c801065,100,True,True,[2],"[0, 5]",55,55,19,3368959853910638825313718962635/20599322253708728478008868864,914993405749259530870617986871866/13618071456860133628080965053961,0,False,3,3
s840113_span450_heterogeneous,840113,450,heterogeneous,8e083e21498f5793af84c0e90f01f7d65221c40532d957a7e2119e4e0c801065,150,True,True,[5],"[0, 5]",37,55,19,6212711991746251956642681019601/25749152817135910597511086080,914993405749259530870617986871866/13618071456860133628080965053961,18/55,False,3,3
s840114_span20_exact,840114,20,exact,49f2c499954897d4cc5a4a49cdf8197d91628392d71455768ce159510d158147,20,False,False,,,,,384,,,,,,
s840114_span20_exact,840114,20,exact,49f2c499954897d4cc5a4a49cdf8197d91628392d71455768ce159510d158147,50,False,False,,,,,384,,,,,,
s840114_span20_exact,840114,20,exact,49f2c499954897d4cc5a4a49cdf8197d91628392d71455768ce159510d158147,100,True,True,[1],"[1, 4]",402,411,384,260608298437172736/1951559838527215,249799659331483544/1951559838527215,3/137,False,2,2
s840114_span20_exact,840114,20,exact,49f2c499954897d4cc5a4a49cdf8197d91628392d71455768ce159510d158147,150,True,True,[1],"[1, 4]",402,411,384,260608298437172736/1951559838527215,249799659331483544/1951559838527215,3/137,False,2,2
s840114_span20_heterogeneous,840114,20,heterogeneous,994b66a6a8ab83251e7768251e18e89c7ca4c7907b2ae592720e08d09b2904d4,20,False,False,,,,,19,,,,,,
s840114_span20_heterogeneous,840114,20,heterogeneous,994b66a6a8ab83251e7768251e18e89c7ca4c7907b2ae592720e08d09b2904d4,50,False,False,,,,,19,,,,,,
s840114_span20_heterogeneous,840114,20,heterogeneous,994b66a6a8ab83251e7768251e18e89c7ca4c7907b2ae592720e08d09b2904d4,100,True,True,[3],"[1, 4]",37,46,19,2837624635837728974879199556629/17166101878090607065007390720,1510941277951836886177046032849/10299661126854364239004434432,9/46,True,2,2
s840114_span20_heterogeneous,840114,20,heterogeneous,994b66a6a8ab83251e7768251e18e89c7ca4c7907b2ae592720e08d09b2904d4,150,True,True,[1],"[1, 4]",37,46,19,10548283507474735236247640029747/51498305634271821195022172160,1510941277951836886177046032849/10299661126854364239004434432,9/46,True,2,2
s840114_span150_exact,840114,150,exact,4767b99d8027467f1dcfe4069e5617e031e3db6038d6bbdc9bef29a617a4a987,20,False,False,,,,,384,,,,,,
s840114_span150_exact,840114,150,exact,4767b99d8027467f1dcfe4069e5617e031e3db6038d6bbdc9bef29a617a4a987,50,True,True,"[1, 3]","[1, 4]",411,411,384,1328561890074296320/13961158844848537,531424756029718528/7475975381435023,0,False,2,2
s840114_span150_exact,840114,150,exact,4767b99d8027467f1dcfe4069e5617e031e3db6038d6bbdc9bef29a617a4a987,100,True,True,[1],"[1, 4]",402,411,384,59147275106132522/390311967705443,531424756029718528/7475975381435023,3/137,False,2,2
s840114_span150_exact,840114,150,exact,4767b99d8027467f1dcfe4069e5617e031e3db6038d6bbdc9bef29a617a4a987,150,True,True,[1],"[1, 4]",402,411,384,59147275106132522/390311967705443,531424756029718528/7475975381435023,3/137,False,2,2
s840114_span150_heterogeneous,840114,150,heterogeneous,5b052f8b4fd2dec0ad17980454c4cf2cf5f363235994f14cbdf8579b70465e07,20,False,False,,,,,19,,,,,,
s840114_span150_heterogeneous,840114,150,heterogeneous,5b052f8b4fd2dec0ad17980454c4cf2cf5f363235994f14cbdf8579b70465e07,50,True,True,"[0, 5]","[0, 4, 5]",82,91,19,732690795398974318818098502833786/10609408354835383815003203307673,732690795398974318818098502833786/10609408354835383815003203307673,9/91,False,7,7
s840114_span150_heterogeneous,840114,150,heterogeneous,5b052f8b4fd2dec0ad17980454c4cf2cf5f363235994f14cbdf8579b70465e07,100,True,True,[1],"[1, 4]",37,46,19,1455103803215463401202923908747/7356900804895974456431738880,8481675891176077317948745529621/51498305634271821195022172160,9/46,False,2,2
s840114_span150_heterogeneous,840114,150,heterogeneous,5b052f8b4fd2dec0ad17980454c4cf2cf5f363235994f14cbdf8579b70465e07,150,True,True,[1],"[1, 4]",37,46,19,1455103803215463401202923908747/7356900804895974456431738880,8481675891176077317948745529621/51498305634271821195022172160,9/46,False,2,2
s840114_span450_exact,840114,450,exact,c27fc1866c63e7a7b381512313b439a4bcddab206c2e34a6865cc0237b7ed8f4,20,True,True,"[1, 4]","[1, 4]",411,411,384,495395959010754560/13446461744577623,495395959010754560/13446461744577623,0,False,2,2
s840114_span450_exact,840114,450,exact,c27fc1866c63e7a7b381512313b439a4bcddab206c2e34a6865cc0237b7ed8f4,50,True,True,"[1, 3]","[1, 4]",411,411,384,1733885856537640960/32876277279804619,495395959010754560/13446461744577623,0,False,2,2
s840114_span450_exact,840114,450,exact,c27fc1866c63e7a7b381512313b439a4bcddab206c2e34a6865cc0237b7ed8f4,100,True,True,[1],"[1, 4]",402,411,384,75360233764666310/390311967705443,495395959010754560/13446461744577623,3/137,False,2,2
s840114_span450_exact,840114,450,exact,c27fc1866c63e7a7b381512313b439a4bcddab206c2e34a6865cc0237b7ed8f4,150,True,True,[1],"[1, 4]",402,411,384,75360233764666310/390311967705443,495395959010754560/13446461744577623,3/137,False,2,2
s840114_span450_heterogeneous,840114,450,heterogeneous,0455e43646a4232fe0ca41fade8c266b8185fc18f6649bea0b59ff2b63ded2b8,20,True,True,"[0, 5]","[0, 4, 5]",82,91,19,15631499827916205700487129858947796/407054726040090665184395732538973,15631499827916205700487129858947796/407054726040090665184395732538973,9/91,False,7,7
s840114_span450_heterogeneous,840114,450,heterogeneous,0455e43646a4232fe0ca41fade8c266b8185fc18f6649bea0b59ff2b63ded2b8,50,True,True,"[0, 4]","[0, 4]",55,55,19,21599646203760370025181937723931940/357758157642828485375610398465917,21599646203760370025181937723931940/357758157642828485375610398465917,0,False,3,3
s840114_span450_heterogeneous,840114,450,heterogeneous,0455e43646a4232fe0ca41fade8c266b8185fc18f6649bea0b59ff2b63ded2b8,100,True,True,[3],"[1, 4]",37,46,19,9534917203947197030887115611199/51498305634271821195022172160,243764499110182451972220731245298/1722711318968956224337845249667,9/46,False,2,2
s840114_span450_heterogeneous,840114,450,heterogeneous,0455e43646a4232fe0ca41fade8c266b8185fc18f6649bea0b59ff2b63ded2b8,150,True,True,[1],"[1, 4]",37,46,19,12324887010393381240105502819789/51498305634271821195022172160,243764499110182451972220731245298/1722711318968956224337845249667,9/46,False,2,2
s840115_span20_exact,840115,20,exact,8617c590d3fff41ffd524aeddeea55528a832b2414116719abe04d7dc6f534f7,20,False,False,,,,,384,,,,,,
s840115_span20_exact,840115,20,exact,8617c590d3fff41ffd524aeddeea55528a832b2414116719abe04d7dc6f534f7,50,False,False,,,,,384,,,,,,
s840115_span20_exact,840115,20,exact,8617c590d3fff41ffd524aeddeea55528a832b2414116719abe04d7dc6f534f7,100,True,True,[2],"[2, 5]",402,429,384,771016256205829016/5854679515581645,108601088157162832/836382787940235,9/143,False,4,4
s840115_span20_exact,840115,20,exact,8617c590d3fff41ffd524aeddeea55528a832b2414116719abe04d7dc6f534f7,150,True,True,[2],"[2, 5]",402,429,384,771016256205829016/5854679515581645,108601088157162832/836382787940235,9/143,False,4,4
s840115_span20_heterogeneous,840115,20,heterogeneous,1ae9508886fc04ce9fdda3b0dbb2633b664421dacd1397a77e84a2eb4d6f0983,20,False,False,,,,,19,,,,,,
s840115_span20_heterogeneous,840115,20,heterogeneous,1ae9508886fc04ce9fdda3b0dbb2633b664421dacd1397a77e84a2eb4d6f0983,50,False,False,,,,,19,,,,,,
s840115_span20_heterogeneous,840115,20,heterogeneous,1ae9508886fc04ce9fdda3b0dbb2633b664421dacd1397a77e84a2eb4d6f0983,100,True,True,[2],"[0, 2]",37,64,19,14436266956866521239187868112129/102996611268543642390044344320,14436266956866521239187868112129/102996611268543642390044344320,27/64,True,4,4
s840115_span20_heterogeneous,840115,20,heterogeneous,1ae9508886fc04ce9fdda3b0dbb2633b664421dacd1397a77e84a2eb4d6f0983,150,True,True,[2],"[0, 2]",37,64,19,14436266956866521239187868112129/102996611268543642390044344320,14436266956866521239187868112129/102996611268543642390044344320,27/64,True,4,4
s840115_span150_exact,840115,150,exact,2aa710bbc051810c08df7a7fd5dd2be07bc59c91eb0175f73298c0aeb8d2e237,20,False,False,,,,,384,,,,,,
s840115_span150_exact,840115,150,exact,2aa710bbc051810c08df7a7fd5dd2be07bc59c91eb0175f73298c0aeb8d2e237,50,True,True,"[2, 5]","[2, 5]",429,429,384,585467951558164480/7475975381435023,585467951558164480/7475975381435023,0,False,4,4
s840115_span150_exact,840115,150,exact,2aa710bbc051810c08df7a7fd5dd2be07bc59c91eb0175f73298c0aeb8d2e237,100,True,True,[2],"[2, 5]",402,429,384,53742955553287926/390311967705443,585467951558164480/7475975381435023,9/143,False,4,4
s840115_span150_exact,840115,150,exact,2aa710bbc051810c08df7a7fd5dd2be07bc59c91eb0175f73298c0aeb8d2e237,150,True,True,[2],"[2, 5]",402,429,384,53742955553287926/390311967705443,585467951558164480/7475975381435023,9/143,False,4,4
s840115_span150_heterogeneous,840115,150,heterogeneous,36e70f38707e7301e1873e85d03ea1e51fa5cde860d9a205c7ec3cd9c0d8539c,20,False,False,,,,,19,,,,,,
s840115_span150_heterogeneous,840115,150,heterogeneous,36e70f38707e7301e1873e85d03ea1e51fa5cde860d9a205c7ec3cd9c0d8539c,50,False,False,,,,,19,,,,,,
s840115_span150_heterogeneous,840115,150,heterogeneous,36e70f38707e7301e1873e85d03ea1e51fa5cde860d9a205c7ec3cd9c0d8539c,100,True,True,[2],"[2, 5]",37,64,19,15054246624477783163896878355713/102996611268543642390044344320,2249560968056990130692442834259/17166101878090607065007390720,27/64,False,4,4
s840115_span150_heterogeneous,840115,150,heterogeneous,36e70f38707e7301e1873e85d03ea1e51fa5cde860d9a205c7ec3cd9c0d8539c,150,True,True,[2],"[2, 5]",37,64,19,15054246624477783163896878355713/102996611268543642390044344320,2249560968056990130692442834259/17166101878090607065007390720,27/64,False,4,4
s840115_span450_exact,840115,450,exact,ed4eeac1e0eaf5ffac4d0dd3e52bbc62dfe8242ad2ec885fd23f849c092883d0,20,True,True,"[0, 5]","[0, 5]",447,447,384,90071992547409920/3152519739159347,90071992547409920/3152519739159347,0,False,6,6
s840115_span450_exact,840115,450,exact,ed4eeac1e0eaf5ffac4d0dd3e52bbc62dfe8242ad2ec885fd23f849c092883d0,50,True,True,"[0, 2]","[2, 5]",429,429,384,2139209823000985600/32876277279804619,4278419646001971200/94125232212043361,0,False,4,4
s840115_span450_exact,840115,450,exact,ed4eeac1e0eaf5ffac4d0dd3e52bbc62dfe8242ad2ec885fd23f849c092883d0,100,True,True,[2],"[2, 5]",402,429,384,59147275106132522/390311967705443,4278419646001971200/94125232212043361,9/143,False,4,4
s840115_span450_exact,840115,450,exact,ed4eeac1e0eaf5ffac4d0dd3e52bbc62dfe8242ad2ec885fd23f849c092883d0,150,True,True,[2],"[2, 5]",402,429,384,59147275106132522/390311967705443,4278419646001971200/94125232212043361,9/143,False,4,4
s840115_span450_heterogeneous,840115,450,heterogeneous,e377c1f41f4e5781d5bb273e3dc8cae5fd62199fdafdf6fb8624f9effe15365a,20,False,False,,,,,19,,,,,,
s840115_span450_heterogeneous,840115,450,heterogeneous,e377c1f41f4e5781d5bb273e3dc8cae5fd62199fdafdf6fb8624f9effe15365a,50,True,True,"[2, 5]","[2, 5]",64,64,19,2832656203196304148933876086835100/35086302422479904193781615643377,2832656203196304148933876086835100/35086302422479904193781615643377,0,False,4,4
s840115_span450_heterogeneous,840115,450,heterogeneous,e377c1f41f4e5781d5bb273e3dc8cae5fd62199fdafdf6fb8624f9effe15365a,100,True,True,[2],"[2, 5]",37,64,19,2354336221390648778812414570679/14713801609791948912863477760,2832656203196304148933876086835100/35086302422479904193781615643377,27/64,False,4,4
s840115_span450_heterogeneous,840115,450,heterogeneous,e377c1f41f4e5781d5bb273e3dc8cae5fd62199fdafdf6fb8624f9effe15365a,150,True,True,[2],"[2, 5]",37,64,19,2354336221390648778812414570679/14713801609791948912863477760,2832656203196304148933876086835100/35086302422479904193781615643377,27/64,False,4,4
s840116_span20_exact,840116,20,exact,d6b3aca950eaceaf1f5ec36e8b914cf0443a228a36cf7a50a213fe2bc88d18d6,20,False,False,,,,,384,,,,,,
s840116_span20_exact,840116,20,exact,d6b3aca950eaceaf1f5ec36e8b914cf0443a228a36cf7a50a213fe2bc88d18d6,50,False,False,,,,,384,,,,,,
s840116_span20_exact,840116,20,exact,d6b3aca950eaceaf1f5ec36e8b914cf0443a228a36cf7a50a213fe2bc88d18d6,100,True,True,[2],"[2, 4]",402,411,384,771016256205829016/5854679515581645,108601088157162832/836382787940235,3/137,False,2,2
s840116_span20_exact,840116,20,exact,d6b3aca950eaceaf1f5ec36e8b914cf0443a228a36cf7a50a213fe2bc88d18d6,150,True,True,[2],"[2, 4]",402,411,384,771016256205829016/5854679515581645,108601088157162832/836382787940235,3/137,False,2,2
s840116_span20_heterogeneous,840116,20,heterogeneous,319770a482def63660fe5a6eb21eebfc430de8bf18cc7ba599c67f11cc4a3a3e,20,False,False,,,,,19,,,,,,
s840116_span20_heterogeneous,840116,20,heterogeneous,319770a482def63660fe5a6eb21eebfc430de8bf18cc7ba599c67f11cc4a3a3e,50,False,False,,,,,19,,,,,,
s840116_span20_heterogeneous,840116,20,heterogeneous,319770a482def63660fe5a6eb21eebfc430de8bf18cc7ba599c67f11cc4a3a3e,100,True,True,[2],"[2, 4]",37,46,19,108141408317136651446094730729/643728820428397764937777152,7296194305064286717382485371981/51498305634271821195022172160,9/46,True,2,2
s840116_span20_heterogeneous,840116,20,heterogeneous,319770a482def63660fe5a6eb21eebfc430de8bf18cc7ba599c67f11cc4a3a3e,150,True,True,[2],"[2, 4]",37,46,19,108141408317136651446094730729/643728820428397764937777152,7296194305064286717382485371981/51498305634271821195022172160,9/46,True,2,2
s840116_span150_exact,840116,150,exact,b68df1737b9273b430d909e8f15138b67625d48c2f70451f6d7b23c5954607a9,20,False,False,,,,,384,,,,,,
s840116_span150_exact,840116,150,exact,b68df1737b9273b430d909e8f15138b67625d48c2f70451f6d7b23c5954607a9,50,True,True,"[2, 4]","[2, 4]",411,411,384,1328561890074296320/13961158844848537,1328561890074296320/13961158844848537,0,False,2,2
s840116_span150_exact,840116,150,exact,b68df1737b9273b430d909e8f15138b67625d48c2f70451f6d7b23c5954607a9,100,True,True,[2],"[2, 4]",402,411,384,53742955553287926/390311967705443,1328561890074296320/13961158844848537,3/137,False,2,2
s840116_span150_exact,840116,150,exact,b68df1737b9273b430d909e8f15138b67625d48c2f70451f6d7b23c5954607a9,150,True,True,[2],"[2, 4]",402,411,384,53742955553287926/390311967705443,1328561890074296320/13961158844848537,3/137,False,2,2
s840116_span150_heterogeneous,840116,150,heterogeneous,41cb5ad39f174de46cb18c983d183e977ae5ff25d19ea324ab0525461d9718fb,20,False,False,,,,,19,,,,,,
s840116_span150_heterogeneous,840116,150,heterogeneous,41cb5ad39f174de46cb18c983d183e977ae5ff25d19ea324ab0525461d9718fb,50,False,False,,,,,19,,,,,,
s840116_span150_heterogeneous,840116,150,heterogeneous,41cb5ad39f174de46cb18c983d183e977ae5ff25d19ea324ab0525461d9718fb,100,True,True,[2],"[2, 4]",37,46,19,6673858265252240292162510837353/41198644507417456956017737728,8223163806481179604446000737357/51498305634271821195022172160,9/46,False,2,2
s840116_span150_heterogeneous,840116,150,heterogeneous,41cb5ad39f174de46cb18c983d183e977ae5ff25d19ea324ab0525461d9718fb,150,True,True,[2],"[2, 4]",37,46,19,6673858265252240292162510837353/41198644507417456956017737728,8223163806481179604446000737357/51498305634271821195022172160,9/46,False,2,2
s840116_span450_exact,840116,450,exact,f1cb4f658dee2287cc78ed85ad1b7f1e3627591a65660a001051edb66650c91f,20,True,True,"[1, 4]","[1, 4]",420,420,384,495395959010754560/13446461744577623,495395959010754560/13446461744577623,0,False,3,3
s840116_span450_exact,840116,450,exact,f1cb4f658dee2287cc78ed85ad1b7f1e3627591a65660a001051edb66650c91f,50,True,True,"[2, 4]","[2, 4]",411,411,384,1733885856537640960/32876277279804619,1733885856537640960/32876277279804619,0,False,2,2
s840116_span450_exact,840116,450,exact,f1cb4f658dee2287cc78ed85ad1b7f1e3627591a65660a001051edb66650c91f,100,True,True,[2],"[2, 4]",402,411,384,59147275106132522/390311967705443,1733885856537640960/32876277279804619,3/137,False,2,2
s840116_span450_exact,840116,450,exact,f1cb4f658dee2287cc78ed85ad1b7f1e3627591a65660a001051edb66650c91f,150,True,True,[2],"[2, 4]",402,411,384,59147275106132522/390311967705443,1733885856537640960/32876277279804619,3/137,False,2,2
s840116_span450_heterogeneous,840116,450,heterogeneous,d7b897ccc1e4b68b772af11f1c29d7fc2962850fb4f9012b61a6927716c256a2,20,False,False,,,,,19,,,,,,
s840116_span450_heterogeneous,840116,450,heterogeneous,d7b897ccc1e4b68b772af11f1c29d7fc2962850fb4f9012b61a6927716c256a2,50,True,True,"[0, 4]","[0, 4]",64,64,19,1792205190676628437962512132635246/35623026655421249006791334547763,1792205190676628437962512132635246/35623026655421249006791334547763,0,False,4,4
s840116_span450_heterogeneous,840116,450,heterogeneous,d7b897ccc1e4b68b772af11f1c29d7fc2962850fb4f9012b61a6927716c256a2,100,True,True,[2],"[2, 4]",37,46,19,1201152634541145329184643785277/6866440751236242826002956288,3164916072656318821223785290872750/24242339416572165210554512287187,9/46,False,2,2
s840116_span450_heterogeneous,840116,450,heterogeneous,d7b897ccc1e4b68b772af11f1c29d7fc2962850fb4f9012b61a6927716c256a2,150,True,True,[2],"[2, 4]",37,46,19,1201152634541145329184643785277/6866440751236242826002956288,3164916072656318821223785290872750/24242339416572165210554512287187,9/46,False,2,2
s840117_span20_exact,840117,20,exact,ffea967f868faee6ba1fc536fbb5a6a2d14360eba6c5aab6d88395388521f015,20,False,False,,,,,384,,,,,,
s840117_span20_exact,840117,20,exact,ffea967f868faee6ba1fc536fbb5a6a2d14360eba6c5aab6d88395388521f015,50,False,False,,,,,384,,,,,,
s840117_span20_exact,840117,20,exact,ffea967f868faee6ba1fc536fbb5a6a2d14360eba6c5aab6d88395388521f015,100,True,True,[0],"[0, 5]",402,411,384,158526706883441480/1170935903116329,147718067777752288/1170935903116329,3/137,False,2,2
s840117_span20_exact,840117,20,exact,ffea967f868faee6ba1fc536fbb5a6a2d14360eba6c5aab6d88395388521f015,150,True,True,[0],"[0, 5]",402,411,384,158526706883441480/1170935903116329,147718067777752288/1170935903116329,3/137,False,2,2
s840117_span20_heterogeneous,840117,20,heterogeneous,a6d91be7f2da1808976b5e69ea6c1c0eff18a10445141a4e960b92a24111ed74,20,False,False,,,,,19,,,,,,
s840117_span20_heterogeneous,840117,20,heterogeneous,a6d91be7f2da1808976b5e69ea6c1c0eff18a10445141a4e960b92a24111ed74,50,False,False,,,,,19,,,,,,
s840117_span20_heterogeneous,840117,20,heterogeneous,a6d91be7f2da1808976b5e69ea6c1c0eff18a10445141a4e960b92a24111ed74,100,True,True,[0],"[0, 5]",37,46,19,662220388434323106836938002981/3433220375618121413001478144,894372360917662698781761114101/6437288204283977649377771520,9/46,True,2,2
s840117_span20_heterogeneous,840117,20,heterogeneous,a6d91be7f2da1808976b5e69ea6c1c0eff18a10445141a4e960b92a24111ed74,150,True,True,[0],"[0, 5]",37,46,19,662220388434323106836938002981/3433220375618121413001478144,894372360917662698781761114101/6437288204283977649377771520,9/46,True,2,2
s840117_span150_exact,840117,150,exact,530b1c21762d2f4e31642f15bf108da2935980ea063afaebbccbca94d81fbd8f,20,False,False,,,,,384,,,,,,
s840117_span150_exact,840117,150,exact,530b1c21762d2f4e31642f15bf108da2935980ea063afaebbccbca94d81fbd8f,50,True,True,"[0, 5]","[0, 5]",411,411,384,2927339757790822400/56294995342131197,2927339757790822400/56294995342131197,0,False,2,2
s840117_span150_exact,840117,150,exact,530b1c21762d2f4e31642f15bf108da2935980ea063afaebbccbca94d81fbd8f,100,True,True,[0],"[0, 5]",402,411,384,9221656379853874/55758852529349,2927339757790822400/56294995342131197,3/137,False,2,2
s840117_span150_exact,840117,150,exact,530b1c21762d2f4e31642f15bf108da2935980ea063afaebbccbca94d81fbd8f,150,True,True,[0],"[0, 5]",402,411,384,9221656379853874/55758852529349,2927339757790822400/56294995342131197,3/137,False,2,2
s840117_span150_heterogeneous,840117,150,heterogeneous,582f49f4ab3d5ba3bed71c4e56669c8451827e983bf82cc2af1c9592c3138cad,20,False,False,,,,,19,,,,,,
s840117_span150_heterogeneous,840117,150,heterogeneous,582f49f4ab3d5ba3bed71c4e56669c8451827e983bf82cc2af1c9592c3138cad,50,False,False,,,,,19,,,,,,
s840117_span150_heterogeneous,840117,150,heterogeneous,582f49f4ab3d5ba3bed71c4e56669c8451827e983bf82cc2af1c9592c3138cad,100,True,True,[5],"[0, 5]",37,46,19,1087491007046182050253326815221/6437288204283977649377771520,1665757126604616948655599274385/10299661126854364239004434432,9/46,False,2,2
s840117_span150_heterogeneous,840117,150,heterogeneous,582f49f4ab3d5ba3bed71c4e56669c8451827e983bf82cc2af1c9592c3138cad,150,True,True,[0],"[0, 5]",37,46,19,2295650999108600282865319130735/10299661126854364239004434432,1665757126604616948655599274385/10299661126854364239004434432,9/46,False,2,2
s840117_span450_exact,840117,450,exact,a6c3e1622550dae63fbd00b128e325164951309993dd5d4c73ef4209baf3fa3a,20,True,True,"[0, 5]","[0, 5]",411,411,384,90071992547409920/3152519739159347,90071992547409920/3152519739159347,0,False,2,2
s840117_span450_exact,840117,450,exact,a6c3e1622550dae63fbd00b128e325164951309993dd5d4c73ef4209baf3fa3a,50,True,True,"[0, 5]","[0, 5]",411,411,384,90071992547409920/3152519739159347,90071992547409920/3152519739159347,0,False,2,2
s840117_span450_exact,840117,450,exact,a6c3e1622550dae63fbd00b128e325164951309993dd5d4c73ef4209baf3fa3a,100,True,True,"[0, 5]","[0, 5]",411,411,384,90071992547409920/3152519739159347,90071992547409920/3152519739159347,0,False,2,2
s840117_span450_exact,840117,450,exact,a6c3e1622550dae63fbd00b128e325164951309993dd5d4c73ef4209baf3fa3a,150,True,True,[0],"[0, 5]",402,411,384,91573192423200098/390311967705443,90071992547409920/3152519739159347,3/137,False,2,2
s840117_span450_heterogeneous,840117,450,heterogeneous,01c10003a417125569e1ba8236e47bf786223deef91522f620dce3e99eed8ad7,20,False,False,,,,,19,,,,,,
s840117_span450_heterogeneous,840117,450,heterogeneous,01c10003a417125569e1ba8236e47bf786223deef91522f620dce3e99eed8ad7,50,True,True,"[1, 5]","[0, 1, 5]",64,73,19,1793873014775560275093827444319964186506366067/21625345711947641280000709706291805390110720,1793873014775560275093827444319964186506366067/21625345711947641280000709706291805390110720,9/73,False,5,5
s840117_span450_heterogeneous,840117,450,heterogeneous,01c10003a417125569e1ba8236e47bf786223deef91522f620dce3e99eed8ad7,100,True,True,"[0, 5]","[0, 5]",46,46,19,2745155434631904956178243031259860/26636279314947911220412300324909,2745155434631904956178243031259860/26636279314947911220412300324909,0,False,2,2
s840117_span450_heterogeneous,840117,450,heterogeneous,01c10003a417125569e1ba8236e47bf786223deef91522f620dce3e99eed8ad7,150,True,True,[0],"[0, 5]",37,46,19,3008704461736979426760330950255/10299661126854364239004434432,2745155434631904956178243031259860/26636279314947911220412300324909,9/46,False,2,2
s840118_span20_exact,840118,20,exact,7783fc52a8381aafdb203757f9d8f5f27eec9e55cc2a38ce0b4b5b5de1bf64f9,20,False,False,,,,,384,,,,,,
s840118_span20_exact,840118,20,exact,7783fc52a8381aafdb203757f9d8f5f27eec9e55cc2a38ce0b4b5b5de1bf64f9,50,False,False,,,,,384,,,,,,
s840118_span20_exact,840118,20,exact,7783fc52a8381aafdb203757f9d8f5f27eec9e55cc2a38ce0b4b5b5de1bf64f9,100,True,True,[1],"[1, 2]",402,411,384,260608298437172736/1951559838527215,771016256205829016/5854679515581645,3/137,False,2,2
s840118_span20_exact,840118,20,exact,7783fc52a8381aafdb203757f9d8f5f27eec9e55cc2a38ce0b4b5b5de1bf64f9,150,True,True,[1],"[1, 2]",402,411,384,260608298437172736/1951559838527215,771016256205829016/5854679515581645,3/137,False,2,2
s840118_span20_heterogeneous,840118,20,heterogeneous,21a3bfcdbd7db604614e06f55c18571bc95a8882cfa58c3914c366b203699e1f,20,False,False,,,,,19,,,,,,
s840118_span20_heterogeneous,840118,20,heterogeneous,21a3bfcdbd7db604614e06f55c18571bc95a8882cfa58c3914c366b203699e1f,50,False,False,,,,,19,,,,,,
s840118_span20_heterogeneous,840118,20,heterogeneous,21a3bfcdbd7db604614e06f55c18571bc95a8882cfa58c3914c366b203699e1f,100,True,True,[1],"[1, 2]",37,46,19,599670356517949892076818227891/3678450402447987228215869440,1791065163474297254580654098287/12874576408567955298755543040,9/46,True,2,2
s840118_span20_heterogeneous,840118,20,heterogeneous,21a3bfcdbd7db604614e06f55c18571bc95a8882cfa58c3914c366b203699e1f,150,True,True,[1],"[1, 2]",37,46,19,599670356517949892076818227891/3678450402447987228215869440,1791065163474297254580654098287/12874576408567955298755543040,9/46,True,2,2
s840118_span150_exact,840118,150,exact,4682784a42fccb8880e464d8e012870480a4d4b09bbbbe3996baf417b5e3e01c,20,False,False,,,,,384,,,,,,
s840118_span150_exact,840118,150,exact,4682784a42fccb8880e464d8e012870480a4d4b09bbbbe3996baf417b5e3e01c,50,True,True,"[1, 3]","[1, 5]",420,420,384,1328561890074296320/13961158844848537,731834939447705600/11709359031163289,0,False,3,3
s840118_span150_exact,840118,150,exact,4682784a42fccb8880e464d8e012870480a4d4b09bbbbe3996baf417b5e3e01c,100,True,True,[1],"[1, 2]",402,411,384,59147275106132522/390311967705443,53742955553287926/390311967705443,3/137,False,2,2
s840118_span150_exact,840118,150,exact,4682784a42fccb8880e464d8e012870480a4d4b09bbbbe3996baf417b5e3e01c,150,True,True,[1],"[1, 2]",402,411,384,59147275106132522/390311967705443,53742955553287926/390311967705443,3/137,False,2,2
s840118_span150_heterogeneous,840118,150,heterogeneous,7caf2330dd53326d5c0d9ec2be9a0019284919abad2c94bc666667c5ae9b2b36,20,False,False,,,,,19,,,,,,
s840118_span150_heterogeneous,840118,150,heterogeneous,7caf2330dd53326d5c0d9ec2be9a0019284919abad2c94bc666667c5ae9b2b36,50,False,False,,,,,19,,,,,,
s840118_span150_heterogeneous,840118,150,heterogeneous,7caf2330dd53326d5c0d9ec2be9a0019284919abad2c94bc666667c5ae9b2b36,100,True,True,[1],"[1, 2]",37,46,19,932235449266819137613897055585/5149830563427182119502217216,1851449608119006117522101057681/12874576408567955298755543040,9/46,False,2,2
s840118_span150_heterogeneous,840118,150,heterogeneous,7caf2330dd53326d5c0d9ec2be9a0019284919abad2c94bc666667c5ae9b2b36,150,True,True,[1],"[1, 2]",37,46,19,932235449266819137613897055585/5149830563427182119502217216,1851449608119006117522101057681/12874576408567955298755543040,9/46,False,2,2
s840118_span450_exact,840118,450,exact,338357458d087b9a317376b8cc9ca546d387dd88a4ca457f559eaa6ded578b3a,20,True,True,"[1, 5]","[1, 5]",420,420,384,1069604911500492800/30624477466119371,1069604911500492800/30624477466119371,0,False,3,3
s840118_span450_exact,840118,450,exact,338357458d087b9a317376b8cc9ca546d387dd88a4ca457f559eaa6ded578b3a,50,True,True,"[1, 2]","[1, 2]",411,411,384,693554342615056384/7475975381435023,693554342615056384/7475975381435023,0,False,2,2
s840118_span450_exact,840118,450,exact,338357458d087b9a317376b8cc9ca546d387dd88a4ca457f559eaa6ded578b3a,100,True,True,[1],"[1, 2]",402,411,384,75360233764666310/390311967705443,693554342615056384/7475975381435023,3/137,False,2,2
s840118_span450_exact,840118,450,exact,338357458d087b9a317376b8cc9ca546d387dd88a4ca457f559eaa6ded578b3a,150,True,True,[1],"[1, 2]",402,411,384,75360233764666310/390311967705443,693554342615056384/7475975381435023,3/137,False,2,2
s840118_span450_heterogeneous,840118,450,heterogeneous,ed18986fab655114e4424618310576906ce91e43988b54d4c28af2e58bd00b5e,20,False,False,,,,,19,,,,,,
s840118_span450_heterogeneous,840118,450,heterogeneous,ed18986fab655114e4424618310576906ce91e43988b54d4c28af2e58bd00b5e,50,True,True,"[1, 5]","[1, 5]",55,55,19,275668526757717802574502454340800/3311864727802056940542536032927,275668526757717802574502454340800/3311864727802056940542536032927,0,False,3,3
s840118_span450_heterogeneous,840118,450,heterogeneous,ed18986fab655114e4424618310576906ce91e43988b54d4c28af2e58bd00b5e,100,True,True,[2],"[1, 2]",37,46,19,2029712973776100903495854012561/12874576408567955298755543040,2029712973776100903495854012561/12874576408567955298755543040,9/46,False,2,2
s840118_span450_heterogeneous,840118,450,heterogeneous,ed18986fab655114e4424618310576906ce91e43988b54d4c28af2e58bd00b5e,150,True,True,[1],"[1, 2]",37,46,19,1146151488055332880782400601441/5149830563427182119502217216,2029712973776100903495854012561/12874576408567955298755543040,9/46,False,2,2
s840119_span20_exact,840119,20,exact,d5ca53214f9cf4f51ff16a8190922bbfce969ee8b1f649de243e1a3b766efcb4,20,False,False,,,,,384,,,,,,
s840119_span20_exact,840119,20,exact,d5ca53214f9cf4f51ff16a8190922bbfce969ee8b1f649de243e1a3b766efcb4,50,False,False,,,,,384,,,,,,
s840119_span20_exact,840119,20,exact,d5ca53214f9cf4f51ff16a8190922bbfce969ee8b1f649de243e1a3b766efcb4,100,True,True,[5],"[0, 5]",411,438,384,158526706883441480/1170935903116329,147718067777752288/1170935903116329,9/146,False,5,5
s840119_span20_exact,840119,20,exact,d5ca53214f9cf4f51ff16a8190922bbfce969ee8b1f649de243e1a3b766efcb4,150,True,True,[5],"[0, 5]",411,438,384,158526706883441480/1170935903116329,147718067777752288/1170935903116329,9/146,False,5,5
s840119_span20_heterogeneous,840119,20,heterogeneous,5b6f3d78fddf313c3c7130fc01c84193904bf992dc45eec4fd2bee0db810e929,20,False,False,,,,,19,,,,,,
s840119_span20_heterogeneous,840119,20,heterogeneous,5b6f3d78fddf313c3c7130fc01c84193904bf992dc45eec4fd2bee0db810e929,50,False,False,,,,,19,,,,,,
s840119_span20_heterogeneous,840119,20,heterogeneous,5b6f3d78fddf313c3c7130fc01c84193904bf992dc45eec4fd2bee0db810e929,100,True,True,[5],"[1, 5]",46,73,19,1192687716634530129538019172889/8583050939045303532503695360,1986492823626280892230418197813/14713801609791948912863477760,27/73,False,5,5
s840119_span20_heterogeneous,840119,20,heterogeneous,5b6f3d78fddf313c3c7130fc01c84193904bf992dc45eec4fd2bee0db810e929,150,True,True,[5],"[1, 5]",46,73,19,1192687716634530129538019172889/8583050939045303532503695360,1986492823626280892230418197813/14713801609791948912863477760,27/73,False,5,5
s840119_span150_exact,840119,150,exact,1a519a14a6fe1b548611e56c204d0e3b59e600a4e35494d23b25e416404bd9dd,20,False,False,,,,,384,,,,,,
s840119_span150_exact,840119,150,exact,1a519a14a6fe1b548611e56c204d0e3b59e600a4e35494d23b25e416404bd9dd,50,True,True,"[0, 5]","[0, 5]",438,438,384,2927339757790822400/56294995342131197,2927339757790822400/56294995342131197,0,False,5,5
s840119_span150_exact,840119,150,exact,1a519a14a6fe1b548611e56c204d0e3b59e600a4e35494d23b25e416404bd9dd,100,True,True,[5],"[0, 5]",411,438,384,9221656379853874/55758852529349,2927339757790822400/56294995342131197,9/146,False,5,5
s840119_span150_exact,840119,150,exact,1a519a14a6fe1b548611e56c204d0e3b59e600a4e35494d23b25e416404bd9dd,150,True,True,[5],"[0, 5]",411,438,384,9221656379853874/55758852529349,2927339757790822400/56294995342131197,9/146,False,5,5
s840119_span150_heterogeneous,840119,150,heterogeneous,a1c59e463124a49e35966575a8a07790da5e687140c4777ad04a1755a57721a1,20,False,False,,,,,19,,,,,,
s840119_span150_heterogeneous,840119,150,heterogeneous,a1c59e463124a49e35966575a8a07790da5e687140c4777ad04a1755a57721a1,50,True,True,"[1, 5]","[1, 5]",73,73,19,493006460657183014822330679865556/5846527947897068932112404608621,493006460657183014822330679865556/5846527947897068932112404608621,0,False,5,5
s840119_span150_heterogeneous,840119,150,heterogeneous,a1c59e463124a49e35966575a8a07790da5e687140c4777ad04a1755a57721a1,100,True,True,[5],"[1, 5]",46,73,19,4350537734417667794500320323147/25749152817135910597511086080,493006460657183014822330679865556/5846527947897068932112404608621,27/73,False,5,5
s840119_span150_heterogeneous,840119,150,heterogeneous,a1c59e463124a49e35966575a8a07790da5e687140c4777ad04a1755a57721a1,150,True,True,[5],"[1, 5]",46,73,19,4350537734417667794500320323147/25749152817135910597511086080,493006460657183014822330679865556/5846527947897068932112404608621,27/73,False,5,5
s840119_span450_exact,840119,450,exact,a761d8c242af6e185e106290745ef181aa3b68d8aaec2a01b2976148f769f0e5,20,True,True,"[0, 5]","[0, 5]",438,438,384,90071992547409920/3152519739159347,90071992547409920/3152519739159347,0,False,5,5
s840119_span450_exact,840119,450,exact,a761d8c242af6e185e106290745ef181aa3b68d8aaec2a01b2976148f769f0e5,50,True,True,"[0, 5]","[0, 5]",438,438,384,90071992547409920/3152519739159347,90071992547409920/3152519739159347,0,False,5,5
s840119_span450_exact,840119,450,exact,a761d8c242af6e185e106290745ef181aa3b68d8aaec2a01b2976148f769f0e5,100,True,True,[1],"[0, 5]",420,438,384,75360233764666310/390311967705443,90071992547409920/3152519739159347,3/73,False,5,5
s840119_span450_exact,840119,450,exact,a761d8c242af6e185e106290745ef181aa3b68d8aaec2a01b2976148f769f0e5,150,True,True,[5],"[0, 5]",411,438,384,91573192423200098/390311967705443,90071992547409920/3152519739159347,9/146,False,5,5
s840119_span450_heterogeneous,840119,450,heterogeneous,7af5919ad656e38cfdbba0df5957bad8c25532b24852b0b48ce819345db57ecc,20,False,False,,,,,19,,,,,,
s840119_span450_heterogeneous,840119,450,heterogeneous,7af5919ad656e38cfdbba0df5957bad8c25532b24852b0b48ce819345db57ecc,50,True,True,"[0, 5]","[0, 5]",73,73,19,1515755398551324397125412666589676/22262221276010302500199752521003,1515755398551324397125412666589676/22262221276010302500199752521003,0,False,5,5
s840119_span450_heterogeneous,840119,450,heterogeneous,7af5919ad656e38cfdbba0df5957bad8c25532b24852b0b48ce819345db57ecc,100,True,True,[2],"[0, 5]",55,73,19,4298140684847716971306958052861/25749152817135910597511086080,1515755398551324397125412666589676/22262221276010302500199752521003,18/73,False,5,5
s840119_span450_heterogeneous,840119,450,heterogeneous,7af5919ad656e38cfdbba0df5957bad8c25532b24852b0b48ce819345db57ecc,150,True,True,[5],"[0, 5]",46,73,19,6133171390988615654237849871947/25749152817135910597511086080,1515755398551324397125412666589676/22262221276010302500199752521003,27/73,False,5,5
s840120_span20_exact,840120,20,exact,bf9621a3105fb092af38cb22071f8f813a0308f6e29a1a5d0bbc55bb90a37b20,20,False,False,,,,,384,,,,,,
s840120_span20_exact,840120,20,exact,bf9621a3105fb092af38cb22071f8f813a0308f6e29a1a5d0bbc55bb90a37b20,50,False,False,,,,,384,,,,,,
s840120_span20_exact,840120,20,exact,bf9621a3105fb092af38cb22071f8f813a0308f6e29a1a5d0bbc55bb90a37b20,100,True,True,[0],"[0, 1]",402,411,384,158526706883441480/1170935903116329,260608298437172736/1951559838527215,3/137,False,2,2
s840120_span20_exact,840120,20,exact,bf9621a3105fb092af38cb22071f8f813a0308f6e29a1a5d0bbc55bb90a37b20,150,True,True,[0],"[0, 1]",402,411,384,158526706883441480/1170935903116329,260608298437172736/1951559838527215,3/137,False,2,2
s840120_span20_heterogeneous,840120,20,heterogeneous,ff5c9552caca0adc2884e521870b53f66a11af615fbe92d17cf40830a9bfb7d3,20,False,False,,,,,19,,,,,,
s840120_span20_heterogeneous,840120,20,heterogeneous,ff5c9552caca0adc2884e521870b53f66a11af615fbe92d17cf40830a9bfb7d3,50,False,False,,,,,19,,,,,,
s840120_span20_heterogeneous,840120,20,heterogeneous,ff5c9552caca0adc2884e521870b53f66a11af615fbe92d17cf40830a9bfb7d3,100,True,True,[0],"[0, 1]",37,46,19,2085309392428194148130767926253/14713801609791948912863477760,2085309392428194148130767926253/14713801609791948912863477760,9/46,True,2,2
s840120_span20_heterogeneous,840120,20,heterogeneous,ff5c9552caca0adc2884e521870b53f66a11af615fbe92d17cf40830a9bfb7d3,150,True,True,[0],"[0, 1]",37,46,19,2085309392428194148130767926253/14713801609791948912863477760,2085309392428194148130767926253/14713801609791948912863477760,9/46,True,2,2
s840120_span150_exact,840120,150,exact,79d96cf0a8d0e9f51aa0d9d4ad83eb083802b713f49fbb20f9b78710a1b08282,20,False,False,,,,,384,,,,,,
s840120_span150_exact,840120,150,exact,79d96cf0a8d0e9f51aa0d9d4ad83eb083802b713f49fbb20f9b78710a1b08282,50,True,True,"[0, 5]","[0, 5]",420,420,384,2927339757790822400/56294995342131197,2927339757790822400/56294995342131197,0,False,3,3
s840120_span150_exact,840120,150,exact,79d96cf0a8d0e9f51aa0d9d4ad83eb083802b713f49fbb20f9b78710a1b08282,100,True,True,[0],"[0, 1]",402,411,384,9221656379853874/55758852529349,59147275106132522/390311967705443,3/137,False,2,2
s840120_span150_exact,840120,150,exact,79d96cf0a8d0e9f51aa0d9d4ad83eb083802b713f49fbb20f9b78710a1b08282,150,True,True,[0],"[0, 1]",402,411,384,9221656379853874/55758852529349,59147275106132522/390311967705443,3/137,False,2,2
s840120_span150_heterogeneous,840120,150,heterogeneous,9c0258c8d2574ffe3c9b2a7d0602c17413b6f0c05cdceefca1a7b396201d4ad1,20,False,False,,,,,19,,,,,,
s840120_span150_heterogeneous,840120,150,heterogeneous,9c0258c8d2574ffe3c9b2a7d0602c17413b6f0c05cdceefca1a7b396201d4ad1,50,True,True,"[0, 5]","[0, 5]",55,55,19,1905951599603238617674301741335780/21892857234312698141829537771589,1905951599603238617674301741335780/21892857234312698141829537771589,0,False,3,3
s840120_span150_heterogeneous,840120,150,heterogeneous,9c0258c8d2574ffe3c9b2a7d0602c17413b6f0c05cdceefca1a7b396201d4ad1,100,True,True,[0],"[0, 1]",37,46,19,5895688028351222886820142233897/34332203756181214130014781440,5895688028351222886820142233897/34332203756181214130014781440,9/46,False,2,2
s840120_span150_heterogeneous,840120,150,heterogeneous,9c0258c8d2574ffe3c9b2a7d0602c17413b6f0c05cdceefca1a7b396201d4ad1,150,True,True,[0],"[0, 1]",37,46,19,5895688028351222886820142233897/34332203756181214130014781440,5895688028351222886820142233897/34332203756181214130014781440,9/46,False,2,2
s840120_span450_exact,840120,450,exact,a6abeea31a86ed33a636e4cf154b348bdec5d2b1107c56ac90b41ead8ad3e845,20,True,True,"[0, 5]","[0, 5]",420,420,384,90071992547409920/3152519739159347,90071992547409920/3152519739159347,0,False,3,3
s840120_span450_exact,840120,450,exact,a6abeea31a86ed33a636e4cf154b348bdec5d2b1107c56ac90b41ead8ad3e845,50,True,True,"[0, 5]","[0, 5]",420,420,384,90071992547409920/3152519739159347,90071992547409920/3152519739159347,0,False,3,3
s840120_span450_exact,840120,450,exact,a6abeea31a86ed33a636e4cf154b348bdec5d2b1107c56ac90b41ead8ad3e845,100,True,True,[1],"[0, 1]",402,411,384,75360233764666310/390311967705443,855683929200394240/7475975381435023,3/137,False,2,2
s840120_span450_exact,840120,450,exact,a6abeea31a86ed33a636e4cf154b348bdec5d2b1107c56ac90b41ead8ad3e845,150,True,True,[0],"[0, 1]",402,411,384,91573192423200098/390311967705443,855683929200394240/7475975381435023,3/137,False,2,2
s840120_span450_heterogeneous,840120,450,heterogeneous,e28569bf3b06b61e8c392b07415b141f877e13348f6ee1f8d8130b4ad986224b,20,False,False,,,,,19,,,,,,
s840120_span450_heterogeneous,840120,450,heterogeneous,e28569bf3b06b61e8c392b07415b141f877e13348f6ee1f8d8130b4ad986224b,50,True,True,"[0, 5]","[0, 5]",55,55,19,10772110781553239564511275620960171563732035439/223818190981563920813630206412530812647899136,10772110781553239564511275620960171563732035439/223818190981563920813630206412530812647899136,0,False,3,3
s840120_span450_heterogeneous,840120,450,heterogeneous,e28569bf3b06b61e8c392b07415b141f877e13348f6ee1f8d8130b4ad986224b,100,True,True,[4],"[0, 5]",55,55,19,5029888905134071784362857424909/25749152817135910597511086080,10772110781553239564511275620960171563732035439/223818190981563920813630206412530812647899136,0,False,3,3
s840120_span450_heterogeneous,840120,450,heterogeneous,e28569bf3b06b61e8c392b07415b141f877e13348f6ee1f8d8130b4ad986224b,150,True,True,[0],"[0, 1]",37,46,19,132360526460466455815082744643967/549315260098899426080236503040,132360526460466455815082744643967/549315260098899426080236503040,9/46,False,2,2
