interface,source_label,profile,event,clean_absolute_error,worst_squared_error
SourceBridge,SourceBridge_proper_MLNI_WLS,exact,2014-05-29_001006,1.2158540415798598,22.452111825964167
SourceBridge,SourceBridge_proper_MLNI_WLS,exact,2014-05-29_001007,1.00125756167418,6.834202260560773
SourceBridge,SourceBridge_proper_MLNI_WLS,exact,2014-05-29_001008,4.353771328104898,46.961996815665465
SourceBridge,SourceBridge_proper_MLNI_WLS,exact,2014-05-29_001015,4.486009002212569,42.79514032004937
SourceBridge,SourceBridge_proper_MLNI_WLS,exact,2014-05-29_001017,0.09186375354664733,2.9121393233603414
SourceBridge,SourceBridge_proper_MLNI_WLS,exact,2014-05-29_001018,2.2765488208400484,31.69248967180127
SourceBridge,SourceBridge_proper_MLNI_WLS,exact,2014-05-29_001022,3.867772085155025,40.41155046698401
SourceBridge,SourceBridge_proper_MLNI_WLS,exact,2014-05-29_001029,6.5787119628581365,58.14191080307422
SourceBridge,SourceBridge_proper_MLNI_WLS,exact,2014-05-30_001006,0.7732076555309675,11.655029543785822
SourceBridge,SourceBridge_proper_MLNI_WLS,exact,2014-05-30_001007,0.05093923252593413,2.033413354305651
SourceBridge,SourceBridge_proper_MLNI_WLS,exact,2014-05-30_001008,1.0273169851082002,3.9057092301750664
SourceBridge,SourceBridge_proper_MLNI_WLS,exact,2014-05-30_001015,0.28712179242523916,2.1983804624010186
SourceBridge,SourceBridge_proper_MLNI_WLS,exact,2014-05-30_001017,0.6784403591258155,3.2104675714755184
SourceBridge,SourceBridge_proper_MLNI_WLS,exact,2014-05-30_001018,0.2893348542820604,6.157550788764754
SourceBridge,SourceBridge_proper_MLNI_WLS,exact,2014-05-30_001022,0.07964174045665118,6.086359237920197
SourceBridge,SourceBridge_proper_MLNI_WLS,exact,2014-05-30_001029,0.8932651547331147,25.55459055849669
SourceBridge,SourceBridge_proper_MLNI_WLS,exact,2014-05-31_001006,1.3469192129794862,4.023761677032515
SourceBridge,SourceBridge_proper_MLNI_WLS,exact,2014-05-31_001007,1.7058125821280612,11.179798165381287
SourceBridge,SourceBridge_proper_MLNI_WLS,exact,2014-05-31_001008,1.6096218464809056,6.310656584985779
SourceBridge,SourceBridge_proper_MLNI_WLS,exact,2014-05-31_001015,1.560688396631491,13.795944147803139
SourceBridge,SourceBridge_proper_MLNI_WLS,exact,2014-05-31_001017,1.7815729065677601,8.033483152191488
SourceBridge,SourceBridge_proper_MLNI_WLS,exact,2014-05-31_001018,1.050675443225657,8.754485246630603
SourceBridge,SourceBridge_proper_MLNI_WLS,exact,2014-05-31_001022,1.814300844231468,9.349788079849713
SourceBridge,SourceBridge_proper_MLNI_WLS,exact,2014-05-31_001029,0.4284055453671556,4.4084024115866125
SourceBridge,SourceBridge_proper_MLNI_WLS,exact,2014-06-01_001006,1.1404511628180671,3.611591806230914
SourceBridge,SourceBridge_proper_MLNI_WLS,exact,2014-06-01_001007,0.4119923892981774,5.45549840331594
SourceBridge,SourceBridge_proper_MLNI_WLS,exact,2014-06-01_001008,0.9432272373921364,3.4052852977873584
SourceBridge,SourceBridge_proper_MLNI_WLS,exact,2014-06-01_001015,0.585626305075067,6.38079570211958
SourceBridge,SourceBridge_proper_MLNI_WLS,exact,2014-06-01_001017,0.32739724840757845,5.650934252998752
SourceBridge,SourceBridge_proper_MLNI_WLS,exact,2014-06-01_001018,0.1729493623182634,5.219911294037316
SourceBridge,SourceBridge_proper_MLNI_WLS,exact,2014-06-01_001022,0.22001440039014142,8.721397688680927
SourceBridge,SourceBridge_proper_MLNI_WLS,exact,2014-06-01_001029,1.9027427522148628,19.852674626578423
SourceBridge,SourceBridge_proper_MLNI_WLS,exact,2014-06-02_001006,0.06390684064226093,4.575115609065779
SourceBridge,SourceBridge_proper_MLNI_WLS,exact,2014-06-02_001007,1.6512846393092104,10.194147560602602
SourceBridge,SourceBridge_proper_MLNI_WLS,exact,2014-06-02_001008,1.2215361209116224,10.301503256790706
SourceBridge,SourceBridge_proper_MLNI_WLS,exact,2014-06-02_001015,0.9906837840356957,5.630106601513266
SourceBridge,SourceBridge_proper_MLNI_WLS,exact,2014-06-02_001017,0.10131806807328303,2.2074859955929815
SourceBridge,SourceBridge_proper_MLNI_WLS,exact,2014-06-02_001018,1.824587792198173,15.001217005228687
SourceBridge,SourceBridge_proper_MLNI_WLS,exact,2014-06-02_001022,0.5862491051478571,3.6182365175636138
SourceBridge,SourceBridge_proper_MLNI_WLS,exact,2014-06-02_001029,0.31916214965767153,4.940323964150428
SourceBridge,SourceBridge_proper_MLNI_WLS,exact,2014-06-03_001006,1.7430599742883999,13.491849633226861
SourceBridge,SourceBridge_proper_MLNI_WLS,exact,2014-06-03_001007,1.4660756090777625,7.747939279582366
SourceBridge,SourceBridge_proper_MLNI_WLS,exact,2014-06-03_001008,1.2849816884163943,5.8083096177738405
SourceBridge,SourceBridge_proper_MLNI_WLS,exact,2014-06-03_001015,3.8301905828747635,38.01576465983122
SourceBridge,SourceBridge_proper_MLNI_WLS,exact,2014-06-03_001017,0.022947553456873493,3.329087307373288
SourceBridge,SourceBridge_proper_MLNI_WLS,exact,2014-06-03_001018,0.5689691009283706,3.262448445646794
SourceBridge,SourceBridge_proper_MLNI_WLS,exact,2014-06-03_001022,1.3924296907171652,5.681788237520725
SourceBridge,SourceBridge_proper_MLNI_WLS,exact,2014-06-03_001029,1.3181528597296506,6.642429722436033
SourceBridge,SourceBridge_proper_MLNI_WLS,exact,2014-06-04_001022,0.6298473878541131,5.7327928655130815
SourceBridge,SourceBridge_proper_MLNI_WLS,exact,2014-06-05_001006,0.1050628461931069,2.6135742743753068
SourceBridge,SourceBridge_proper_MLNI_WLS,exact,2014-06-05_001007,0.30148699913181076,5.997024282747564
SourceBridge,SourceBridge_proper_MLNI_WLS,exact,2014-06-05_001008,0.6299258967084711,3.1529259754454313
SourceBridge,SourceBridge_proper_MLNI_WLS,exact,2014-06-05_001015,1.8699108345493016,16.436313750962626
SourceBridge,SourceBridge_proper_MLNI_WLS,exact,2014-06-05_001017,0.0744535267044455,7.62896769324037
SourceBridge,SourceBridge_proper_MLNI_WLS,exact,2014-06-05_001018,0.6242505304016674,2.2582804936870797
SourceBridge,SourceBridge_proper_MLNI_WLS,exact,2014-06-05_001022,2.0646424104160417,15.776886610839256
SourceBridge,SourceBridge_proper_MLNI_WLS,exact,2014-06-05_001029,0.44256056303663627,4.682904868519172
SourceBridge,SourceBridge_proper_MLNI_WLS,exact,2014-06-06_001006,0.6431149014118489,9.47379870294452
SourceBridge,SourceBridge_proper_MLNI_WLS,exact,2014-06-06_001007,0.296108490884194,2.107340795213878
SourceBridge,SourceBridge_proper_MLNI_WLS,exact,2014-06-06_001008,1.5130072587300276,20.107924889400103
SourceBridge,SourceBridge_proper_MLNI_WLS,exact,2014-06-06_001015,0.7153448077828557,6.227158132058997
SourceBridge,SourceBridge_proper_MLNI_WLS,exact,2014-06-06_001017,2.9431460319183316,15.85764252016795
SourceBridge,SourceBridge_proper_MLNI_WLS,exact,2014-06-06_001018,0.49999972596873477,7.344847627358794
SourceBridge,SourceBridge_proper_MLNI_WLS,exact,2014-06-06_001022,2.1706680218725865,13.49805853759363
SourceBridge,SourceBridge_proper_MLNI_WLS,exact,2014-06-06_001029,1.461437707320357,11.44480333973944
SourceBridge,SourceBridge_proper_MLNI_WLS,exact,2014-06-07_001006,2.071782955434884,14.68248187900596
SourceBridge,SourceBridge_proper_MLNI_WLS,exact,2014-06-07_001007,0.16614856294057745,3.7006773669723696
SourceBridge,SourceBridge_proper_MLNI_WLS,exact,2014-06-07_001008,1.252719672499154,7.3594412611447195
SourceBridge,SourceBridge_proper_MLNI_WLS,exact,2014-06-07_001015,1.2369092724931363,4.212177229312866
SourceBridge,SourceBridge_proper_MLNI_WLS,exact,2014-06-07_001017,0.3548068259075876,6.270396826259794
SourceBridge,SourceBridge_proper_MLNI_WLS,exact,2014-06-07_001018,0.33068065381149836,8.43850820544899
SourceBridge,SourceBridge_proper_MLNI_WLS,exact,2014-06-07_001022,0.15347907883887046,9.0
SourceBridge,SourceBridge_proper_MLNI_WLS,exact,2014-06-07_001029,0.7164776701622486,9.603776895416505
SourceBridge,SourceBridge_proper_MLNI_WLS,exact,2014-06-08_001006,1.2682149340515139,4.828896891525143
SourceBridge,SourceBridge_proper_MLNI_WLS,exact,2014-06-08_001007,0.8978119500212358,3.2900036843056544
SourceBridge,SourceBridge_proper_MLNI_WLS,exact,2014-06-08_001008,1.2884777013543953,6.605375059718633
SourceBridge,SourceBridge_proper_MLNI_WLS,exact,2014-06-08_001015,3.1191747863405794,16.03241768425822
SourceBridge,SourceBridge_proper_MLNI_WLS,exact,2014-06-08_001017,2.8069672722278938,26.621367681472336
SourceBridge,SourceBridge_proper_MLNI_WLS,exact,2014-06-08_001018,0.17577110478029567,6.452824942312115
SourceBridge,SourceBridge_proper_MLNI_WLS,exact,2014-06-08_001022,4.06567235572237,29.17127747434169
SourceBridge,SourceBridge_proper_MLNI_WLS,exact,2014-06-08_001029,0.5133835510174549,11.037816565966324
SourceBridge,SourceBridge_proper_MLNI_WLS,exact,2014-06-09_001006,0.5440168456934202,6.283654303754928
SourceBridge,SourceBridge_proper_MLNI_WLS,exact,2014-06-09_001007,1.870784364325175,12.487479084590852
SourceBridge,SourceBridge_proper_MLNI_WLS,exact,2014-06-09_001015,0.7537729453831332,12.816647902231747
SourceBridge,SourceBridge_proper_MLNI_WLS,exact,2014-06-09_001017,1.607680552202197,12.996841436631396
SourceBridge,SourceBridge_proper_MLNI_WLS,exact,2014-06-09_001018,1.9696582399776332,10.27870841185482
SourceBridge,SourceBridge_proper_MLNI_WLS,exact,2014-06-09_001022,1.6544646716069167,20.469257204349095
SourceBridge,SourceBridge_proper_MLNI_WLS,exact,2014-06-09_001029,0.6181891294681634,8.55565998075612
SourceBridge,SourceBridge_proper_MLNI_WLS,exact,2014-06-10_001006,0.342985798154416,4.075217204841267
SourceBridge,SourceBridge_proper_MLNI_WLS,exact,2014-06-10_001007,2.629693351620574,11.484128941692992
SourceBridge,SourceBridge_proper_MLNI_WLS,exact,2014-06-10_001008,1.0016315464070829,4.770554317365554
SourceBridge,SourceBridge_proper_MLNI_WLS,exact,2014-06-10_001015,1.5868417018625678,10.234458950389854
SourceBridge,SourceBridge_proper_MLNI_WLS,exact,2014-06-10_001017,0.8865715176359572,7.615158385890818
SourceBridge,SourceBridge_proper_MLNI_WLS,exact,2014-06-10_001018,0.5728530649766412,15.147398385665323
SourceBridge,SourceBridge_proper_MLNI_WLS,exact,2014-06-10_001022,0.3378461403134736,2.3559076597902515
SourceBridge,SourceBridge_proper_MLNI_WLS,exact,2014-06-10_001029,4.238964815271146,26.76568231511056
SourceBridge,SourceBridge_proper_MLNI_WLS,exact,2014-06-11_001006,1.6592719205545166,5.532654929943546
SourceBridge,SourceBridge_proper_MLNI_WLS,exact,2014-06-11_001007,1.120221086459452,43.57776365017789
SourceBridge,SourceBridge_proper_MLNI_WLS,exact,2014-06-11_001008,1.4835213951748472,17.861986557773733
SourceBridge,SourceBridge_proper_MLNI_WLS,exact,2014-06-11_001015,0.4603996796538752,16.61966219056311
SourceBridge,SourceBridge_proper_MLNI_WLS,exact,2014-06-11_001017,0.9716744512497257,20.926666960135808
SourceBridge,SourceBridge_proper_MLNI_WLS,exact,2014-06-11_001018,0.7580994966083665,25.957847375964075
SourceBridge,SourceBridge_proper_MLNI_WLS,exact,2014-06-11_001022,1.574837649886689,28.811833523923063
SourceBridge,SourceBridge_proper_MLNI_WLS,exact,2014-06-11_001029,0.2015885167579654,37.581676675041145
SourceBridge,SourceBridge_proper_MLNI_WLS,exact,2014-06-12_001006,2.626683121675711,6.899464221696059
SourceBridge,SourceBridge_proper_MLNI_WLS,exact,2014-06-12_001007,0.4795002335612537,6.826983627943157
SourceBridge,SourceBridge_proper_MLNI_WLS,exact,2014-06-12_001008,0.07475685651510844,4.239132176268166
SourceBridge,SourceBridge_proper_MLNI_WLS,exact,2014-06-12_001015,0.35453483332076985,7.049600060779261
SourceBridge,SourceBridge_proper_MLNI_WLS,exact,2014-06-12_001017,0.3938314439853059,13.610940452832073
SourceBridge,SourceBridge_proper_MLNI_WLS,exact,2014-06-12_001018,2.0233683696274625,18.22803737339621
SourceBridge,SourceBridge_proper_MLNI_WLS,exact,2014-06-12_001022,1.722102564973369,14.760969303561886
SourceBridge,SourceBridge_proper_MLNI_WLS,exact,2014-06-12_001029,0.30159813273976965,2.085884456409165
SourceBridge,SourceBridge_proper_MLNI_WLS,exact,2014-06-13_001006,0.2377449706908692,7.627499243758253
SourceBridge,SourceBridge_proper_MLNI_WLS,exact,2014-06-13_001007,2.1365194568271875,25.24864195241653
SourceBridge,SourceBridge_proper_MLNI_WLS,exact,2014-06-13_001008,1.2731295412957309,25.783845093839066
SourceBridge,SourceBridge_proper_MLNI_WLS,exact,2014-06-13_001015,7.332487085258066,109.97024853077014
SourceBridge,SourceBridge_proper_MLNI_WLS,exact,2014-06-13_001017,8.625926284933996,132.183420800898
SourceBridge,SourceBridge_proper_MLNI_WLS,exact,2014-06-13_001018,2.6651082651781905,39.45734322152868
SourceBridge,SourceBridge_proper_MLNI_WLS,exact,2014-06-13_001022,6.210172666638613,60.34429623549945
SourceBridge,SourceBridge_proper_MLNI_WLS,exact,2014-06-13_001029,0.23038245431240512,4.304954162729901
SourceBridge,SourceBridge_proper_MLNI_WLS,exact,2014-06-14_001006,1.36910809419075,5.393584755030722
SourceBridge,SourceBridge_proper_MLNI_WLS,exact,2014-06-14_001007,1.2111175424025475,9.751846766963908
SourceBridge,SourceBridge_proper_MLNI_WLS,exact,2014-06-14_001008,0.607612981206529,2.0819457808434647
SourceBridge,SourceBridge_proper_MLNI_WLS,exact,2014-06-14_001015,0.7639258396054345,6.578176137519072
SourceBridge,SourceBridge_proper_MLNI_WLS,exact,2014-06-14_001017,2.617359802461266,16.586916875585704
SourceBridge,SourceBridge_proper_MLNI_WLS,exact,2014-06-14_001018,0.2785136567877373,8.201509132028134
SourceBridge,SourceBridge_proper_MLNI_WLS,exact,2014-06-14_001022,1.893068268078963,16.671888690607762
SourceBridge,SourceBridge_proper_MLNI_WLS,exact,2014-06-14_001029,0.38470258056281637,5.3070289275404425
SourceBridge,SourceBridge_proper_MLNI_WLS,exact,2014-06-15_001006,1.5021852646633533,5.59028507416285
SourceBridge,SourceBridge_proper_MLNI_WLS,exact,2014-06-15_001007,0.9082357137451993,4.2756393989860255
SourceBridge,SourceBridge_proper_MLNI_WLS,exact,2014-06-15_001008,0.26280084365697576,4.066712236264505
SourceBridge,SourceBridge_proper_MLNI_WLS,exact,2014-06-15_001015,1.9627663004770568,10.972861863285605
SourceBridge,SourceBridge_proper_MLNI_WLS,exact,2014-06-15_001017,1.7024294545449123,26.403941494672566
SourceBridge,SourceBridge_proper_MLNI_WLS,exact,2014-06-15_001018,0.21242911427299305,9.917127688251744
SourceBridge,SourceBridge_proper_MLNI_WLS,exact,2014-06-15_001022,1.4944992812358464,12.636838064434189
SourceBridge,SourceBridge_proper_MLNI_WLS,exact,2014-06-15_001029,0.08748585197795933,2.3556612247296145
SourceBridge,SourceBridge_proper_MLNI_WLS,exact,2014-06-16_001006,0.21148115896153286,37.927014755711554
SourceBridge,SourceBridge_proper_MLNI_WLS,exact,2014-06-16_001007,0.34054611275993807,5.616118599564673
SourceBridge,SourceBridge_proper_MLNI_WLS,exact,2014-06-16_001008,1.2545033657037834,5.064997161411113
SourceBridge,SourceBridge_proper_MLNI_WLS,exact,2014-06-16_001015,1.154590753690087,4.901641453080928
SourceBridge,SourceBridge_proper_MLNI_WLS,exact,2014-06-16_001017,0.5552368004551056,3.673969574485943
SourceBridge,SourceBridge_proper_MLNI_WLS,exact,2014-06-16_001018,0.4556985520825947,1.1982663816316559
SourceBridge,SourceBridge_proper_MLNI_WLS,exact,2014-06-16_001022,1.5443819011480855,6.072106528860028
SourceBridge,SourceBridge_proper_MLNI_WLS,exact,2014-06-16_001029,4.246987044246907,62.68938458861916
SourceBridge,SourceBridge_proper_MLNI_WLS,exact,2014-06-17_001006,1.1574974117902457,6.686455806748273
SourceBridge,SourceBridge_proper_MLNI_WLS,exact,2014-06-17_001007,1.1104058023165635,3.6556511544157098
SourceBridge,SourceBridge_proper_MLNI_WLS,exact,2014-06-17_001008,0.2607746003205591,7.953770987522091
SourceBridge,SourceBridge_proper_MLNI_WLS,exact,2014-06-17_001015,0.19289584418075378,1.7591770462406493
SourceBridge,SourceBridge_proper_MLNI_WLS,exact,2014-06-17_001017,0.9674971078668477,19.69586409881686
SourceBridge,SourceBridge_proper_MLNI_WLS,exact,2014-06-17_001018,1.0840556569436046,2.6510973419330344
SourceBridge,SourceBridge_proper_MLNI_WLS,exact,2014-06-17_001022,0.05944158009216949,3.5473849902961936
SourceBridge,SourceBridge_proper_MLNI_WLS,exact,2014-06-17_001029,0.39627976590142566,7.320567357655601
SourceBridge,SourceBridge_proper_MLNI_WLS,exact,2014-06-18_001006,2.921392309133921,17.0342738899075
SourceBridge,SourceBridge_proper_MLNI_WLS,exact,2014-06-18_001007,2.0517585628813606,10.754874891950902
SourceBridge,SourceBridge_proper_MLNI_WLS,exact,2014-06-18_001008,4.249374805973531,31.03553685909004
SourceBridge,SourceBridge_proper_MLNI_WLS,exact,2014-06-18_001015,5.587546043903274,54.40454844721764
SourceBridge,SourceBridge_proper_MLNI_WLS,exact,2014-06-18_001017,0.744824807995343,12.06609501209098
SourceBridge,SourceBridge_proper_MLNI_WLS,exact,2014-06-18_001018,1.0769930078037362,12.169286553638972
SourceBridge,SourceBridge_proper_MLNI_WLS,exact,2014-06-18_001022,3.5317828171432097,53.06470769122752
SourceBridge,SourceBridge_proper_MLNI_WLS,exact,2014-06-18_001029,0.6081621388543681,6.5826577334434795
SourceBridge,SourceBridge_proper_MLNI_WLS,exact,2014-06-19_001007,3.4857411925027293,26.00446206604538
SourceBridge,SourceBridge_proper_MLNI_WLS,exact,2014-06-19_001008,1.0800109038297592,8.881908665849789
SourceBridge,SourceBridge_proper_MLNI_WLS,exact,2014-06-19_001015,0.7533514983776399,2.9705660942456174
SourceBridge,SourceBridge_proper_MLNI_WLS,exact,2014-06-19_001017,1.5277632159962877,9.334116135348637
SourceBridge,SourceBridge_proper_MLNI_WLS,exact,2014-06-19_001018,0.9573343298936834,16.915527640925962
SourceBridge,SourceBridge_proper_MLNI_WLS,exact,2014-06-19_001022,0.21343571391702199,7.865861995237905
SourceBridge,SourceBridge_proper_MLNI_WLS,exact,2014-06-19_001029,1.3106871228442003,9.257672762028484
SourceBridge,SourceBridge_proper_MLNI_WLS,exact,2014-06-20_001006,0.9253521111598388,4.232639819183178
SourceBridge,SourceBridge_proper_MLNI_WLS,exact,2014-06-20_001007,3.9305296296413985,20.58396186798595
SourceBridge,SourceBridge_proper_MLNI_WLS,exact,2014-06-20_001008,0.9205343181212413,7.502996673022358
SourceBridge,SourceBridge_proper_MLNI_WLS,exact,2014-06-20_001015,1.0272636044165893,2.609405840283162
SourceBridge,SourceBridge_proper_MLNI_WLS,exact,2014-06-20_001017,2.582209187850623,12.074929950127284
SourceBridge,SourceBridge_proper_MLNI_WLS,exact,2014-06-20_001018,0.44833470091776917,8.97458480454491
SourceBridge,SourceBridge_proper_MLNI_WLS,exact,2014-06-20_001022,2.858400024562769,33.912201901086085
SourceBridge,SourceBridge_proper_MLNI_WLS,exact,2014-06-20_001029,0.3601035063788913,22.170517208407457
SourceBridge,SourceBridge_proper_MLNI_WLS,exact,2014-06-21_001006,0.8897809743743608,11.57200305920522
SourceBridge,SourceBridge_proper_MLNI_WLS,exact,2014-06-21_001007,0.02268579929915404,12.680035273916477
SourceBridge,SourceBridge_proper_MLNI_WLS,exact,2014-06-21_001008,0.8115593234308562,3.8279363074526596
SourceBridge,SourceBridge_proper_MLNI_WLS,exact,2014-06-21_001015,0.17762916832290898,2.60871115963927
SourceBridge,SourceBridge_proper_MLNI_WLS,exact,2014-06-21_001017,5.3720463353768935,28.85888182943631
SourceBridge,SourceBridge_proper_MLNI_WLS,exact,2014-06-21_001022,2.9397137395648656,38.572420314612714
SourceBridge,SourceBridge_proper_MLNI_WLS,exact,2014-06-21_001029,1.7257211052530863,18.892214494904067
SourceBridge,SourceBridge_proper_MLNI_WLS,exact,2014-06-22_001006,0.819259829446537,6.402685262231091
SourceBridge,SourceBridge_proper_MLNI_WLS,exact,2014-06-22_001007,0.4000579453530406,5.458099774036393
SourceBridge,SourceBridge_proper_MLNI_WLS,exact,2014-06-22_001008,1.0331983132927576,3.5033205111122356
SourceBridge,SourceBridge_proper_MLNI_WLS,exact,2014-06-22_001015,1.0000609744252529,5.686504357230691
SourceBridge,SourceBridge_proper_MLNI_WLS,exact,2014-06-22_001017,0.4714793580078833,8.726849462121612
SourceBridge,SourceBridge_proper_MLNI_WLS,exact,2014-06-22_001018,1.0205008823717776,25.709056077388826
SourceBridge,SourceBridge_proper_MLNI_WLS,exact,2014-06-22_001022,0.15861824386536227,5.185607236423211
SourceBridge,SourceBridge_proper_MLNI_WLS,exact,2014-06-22_001029,0.3935303395139158,4.196778081039837
SourceBridge,SourceBridge_proper_MLNI_WLS,exact,2014-06-23_001006,0.7002989959208037,3.765868800647654
SourceBridge,SourceBridge_proper_MLNI_WLS,exact,2014-06-23_001007,1.7623117423483734,6.652552841262198
SourceBridge,SourceBridge_proper_MLNI_WLS,exact,2014-06-23_001008,1.142441851646339,6.213489925012097
SourceBridge,SourceBridge_proper_MLNI_WLS,exact,2014-06-23_001015,0.8259952134334299,5.6329702688818735
SourceBridge,SourceBridge_proper_MLNI_WLS,exact,2014-06-23_001017,0.48581270975719804,12.006484375892434
SourceBridge,SourceBridge_proper_MLNI_WLS,exact,2014-06-23_001018,0.7840325997867126,4.430738094682841
SourceBridge,SourceBridge_proper_MLNI_WLS,exact,2014-06-23_001022,1.6744405369703372,9.569040139398098
SourceBridge,SourceBridge_proper_MLNI_WLS,exact,2014-06-23_001029,0.7003393838662646,10.286869148812405
SourceBridge,SourceBridge_proper_MLNI_WLS,exact,2014-06-24_001006,0.9454003444671741,4.386881261667883
SourceBridge,SourceBridge_proper_MLNI_WLS,exact,2014-06-24_001007,0.13034377898651428,16.793411216021607
SourceBridge,SourceBridge_proper_MLNI_WLS,exact,2014-06-24_001008,0.7720539007962373,11.70404851309959
SourceBridge,SourceBridge_proper_MLNI_WLS,exact,2014-06-24_001015,1.471464402181681,19.04670666245037
SourceBridge,SourceBridge_proper_MLNI_WLS,exact,2014-06-24_001017,0.33597101166833454,3.015383699667898
SourceBridge,SourceBridge_proper_MLNI_WLS,exact,2014-06-24_001018,4.5534546337099755,39.99673455268128
SourceBridge,SourceBridge_proper_MLNI_WLS,exact,2014-06-24_001022,1.2695884691415529,4.089480456603456
SourceBridge,SourceBridge_proper_MLNI_WLS,exact,2014-06-24_001029,0.8551874745666908,20.250086705963714
SourceBridge,SourceBridge_proper_MLNI_WLS,exact,2014-06-25_001006,2.1068415401023515,7.524862327716297
SourceBridge,SourceBridge_proper_MLNI_WLS,exact,2014-06-25_001007,1.1013926570678052,3.890580115504942
SourceBridge,SourceBridge_proper_MLNI_WLS,exact,2014-06-25_001008,0.6910062919607185,11.37893979762708
SourceBridge,SourceBridge_proper_MLNI_WLS,exact,2014-06-25_001015,2.83827801342548,30.967808653927165
SourceBridge,SourceBridge_proper_MLNI_WLS,exact,2014-06-25_001017,1.9121442868234624,5.717987601814636
SourceBridge,SourceBridge_proper_MLNI_WLS,exact,2014-06-25_001022,0.43464375021056867,5.689647703395563
SourceBridge,SourceBridge_proper_MLNI_WLS,exact,2014-06-25_001029,2.0437806065979487,14.26154137132805
SourceBridge,SourceBridge_proper_MLNI_WLS,heterogeneous,2014-05-29_001006,0.6167841403905925,11.393176091938697
SourceBridge,SourceBridge_proper_MLNI_WLS,heterogeneous,2014-05-29_001007,1.2153968968584081,7.991365517834182
SourceBridge,SourceBridge_proper_MLNI_WLS,heterogeneous,2014-05-29_001008,1.3102465190699206,16.15895959976634
SourceBridge,SourceBridge_proper_MLNI_WLS,heterogeneous,2014-05-29_001015,1.3290086381588821,4.793462767598892
SourceBridge,SourceBridge_proper_MLNI_WLS,heterogeneous,2014-05-29_001017,0.9254964263434715,18.173426049580648
SourceBridge,SourceBridge_proper_MLNI_WLS,heterogeneous,2014-05-29_001018,0.7311843985523865,3.734579790350605
SourceBridge,SourceBridge_proper_MLNI_WLS,heterogeneous,2014-05-29_001022,3.084186991964657,30.126776930123192
SourceBridge,SourceBridge_proper_MLNI_WLS,heterogeneous,2014-05-29_001029,5.385665408757205,40.0608557793137
SourceBridge,SourceBridge_proper_MLNI_WLS,heterogeneous,2014-05-30_001006,2.529732784420986,28.16279363485598
SourceBridge,SourceBridge_proper_MLNI_WLS,heterogeneous,2014-05-30_001007,0.6745935985834706,8.95301721228825
SourceBridge,SourceBridge_proper_MLNI_WLS,heterogeneous,2014-05-30_001008,4.725935333331449,43.29598260804778
SourceBridge,SourceBridge_proper_MLNI_WLS,heterogeneous,2014-05-30_001015,0.7868788606869828,5.7405605217707345
SourceBridge,SourceBridge_proper_MLNI_WLS,heterogeneous,2014-05-30_001017,3.096842549244471,35.487942306996004
SourceBridge,SourceBridge_proper_MLNI_WLS,heterogeneous,2014-05-30_001018,2.306278928933665,10.164361113961322
SourceBridge,SourceBridge_proper_MLNI_WLS,heterogeneous,2014-05-30_001022,2.2087967042544108,20.918365003579694
SourceBridge,SourceBridge_proper_MLNI_WLS,heterogeneous,2014-05-30_001029,8.483934656078986,149.25359539735507
SourceBridge,SourceBridge_proper_MLNI_WLS,heterogeneous,2014-05-31_001006,2.5832627025842783,17.55160914713853
SourceBridge,SourceBridge_proper_MLNI_WLS,heterogeneous,2014-05-31_001007,1.3150162234387608,14.679862794758956
SourceBridge,SourceBridge_proper_MLNI_WLS,heterogeneous,2014-05-31_001008,1.7585832457933748,8.235743924594551
SourceBridge,SourceBridge_proper_MLNI_WLS,heterogeneous,2014-05-31_001015,3.5921999181095714,26.154277273311955
SourceBridge,SourceBridge_proper_MLNI_WLS,heterogeneous,2014-05-31_001017,6.147486920888213,52.9867651975814
SourceBridge,SourceBridge_proper_MLNI_WLS,heterogeneous,2014-05-31_001018,2.9211078925238496,39.42098246718759
SourceBridge,SourceBridge_proper_MLNI_WLS,heterogeneous,2014-05-31_001022,0.09895776994687822,9.585762497812725
SourceBridge,SourceBridge_proper_MLNI_WLS,heterogeneous,2014-05-31_001029,2.08577044923544,23.925396193556672
SourceBridge,SourceBridge_proper_MLNI_WLS,heterogeneous,2014-06-01_001006,1.2701407791425936,11.991084789767775
SourceBridge,SourceBridge_proper_MLNI_WLS,heterogeneous,2014-06-01_001007,3.6611629086611686,27.44794526797718
SourceBridge,SourceBridge_proper_MLNI_WLS,heterogeneous,2014-06-01_001008,0.2717037127707158,5.264905552527168
SourceBridge,SourceBridge_proper_MLNI_WLS,heterogeneous,2014-06-01_001015,0.09563136226842062,2.470775004548294
SourceBridge,SourceBridge_proper_MLNI_WLS,heterogeneous,2014-06-01_001017,1.2360196992271426,18.89193030147068
SourceBridge,SourceBridge_proper_MLNI_WLS,heterogeneous,2014-06-01_001018,0.20352577115261283,4.231915300955515
SourceBridge,SourceBridge_proper_MLNI_WLS,heterogeneous,2014-06-01_001022,0.6427949502397041,7.33188036367868
SourceBridge,SourceBridge_proper_MLNI_WLS,heterogeneous,2014-06-01_001029,1.6083528484967644,8.043017967139063
SourceBridge,SourceBridge_proper_MLNI_WLS,heterogeneous,2014-06-02_001006,1.4643712102436552,7.149627114653319
SourceBridge,SourceBridge_proper_MLNI_WLS,heterogeneous,2014-06-02_001007,1.5974218635063835,7.926260747450042
SourceBridge,SourceBridge_proper_MLNI_WLS,heterogeneous,2014-06-02_001008,0.08135716635467816,11.900255260572237
SourceBridge,SourceBridge_proper_MLNI_WLS,heterogeneous,2014-06-02_001015,0.4955145764562019,3.3720154027791422
SourceBridge,SourceBridge_proper_MLNI_WLS,heterogeneous,2014-06-02_001017,0.08700534688958328,3.206598421125417
SourceBridge,SourceBridge_proper_MLNI_WLS,heterogeneous,2014-06-02_001018,1.9808214352106006,16.49241047820668
SourceBridge,SourceBridge_proper_MLNI_WLS,heterogeneous,2014-06-02_001022,0.4551766015685814,3.730792648999292
SourceBridge,SourceBridge_proper_MLNI_WLS,heterogeneous,2014-06-02_001029,1.706300754527291,23.485641755438582
SourceBridge,SourceBridge_proper_MLNI_WLS,heterogeneous,2014-06-03_001006,0.9474152757048842,6.351703510452661
SourceBridge,SourceBridge_proper_MLNI_WLS,heterogeneous,2014-06-03_001007,1.7281640398139757,13.864366007631062
SourceBridge,SourceBridge_proper_MLNI_WLS,heterogeneous,2014-06-03_001008,0.06276587100708753,9.972901299224823
SourceBridge,SourceBridge_proper_MLNI_WLS,heterogeneous,2014-06-03_001015,1.3450998039775186,9.090405063069346
SourceBridge,SourceBridge_proper_MLNI_WLS,heterogeneous,2014-06-03_001017,0.8899235728648875,10.15635169665
SourceBridge,SourceBridge_proper_MLNI_WLS,heterogeneous,2014-06-03_001018,3.799769167868334,22.19635022558967
SourceBridge,SourceBridge_proper_MLNI_WLS,heterogeneous,2014-06-03_001022,0.7723159311489951,19.021228344792313
SourceBridge,SourceBridge_proper_MLNI_WLS,heterogeneous,2014-06-03_001029,0.048220729166303045,3.8314168827756125
SourceBridge,SourceBridge_proper_MLNI_WLS,heterogeneous,2014-06-04_001022,0.8647701014213283,3.8688179240473355
SourceBridge,SourceBridge_proper_MLNI_WLS,heterogeneous,2014-06-05_001006,3.0,9.0
SourceBridge,SourceBridge_proper_MLNI_WLS,heterogeneous,2014-06-05_001007,1.2508024129713817,6.48608900217258
SourceBridge,SourceBridge_proper_MLNI_WLS,heterogeneous,2014-06-05_001008,0.07857654661586366,1.9978740395219878
SourceBridge,SourceBridge_proper_MLNI_WLS,heterogeneous,2014-06-05_001015,0.27329486865232866,4.51140063158475
SourceBridge,SourceBridge_proper_MLNI_WLS,heterogeneous,2014-06-05_001017,0.5154689903757514,11.675029509250018
SourceBridge,SourceBridge_proper_MLNI_WLS,heterogeneous,2014-06-05_001018,0.09211276476293051,10.267021441214771
SourceBridge,SourceBridge_proper_MLNI_WLS,heterogeneous,2014-06-05_001022,2.4273294092849085,13.178300579212541
SourceBridge,SourceBridge_proper_MLNI_WLS,heterogeneous,2014-06-05_001029,1.3072113332632682,4.070756529598553
SourceBridge,SourceBridge_proper_MLNI_WLS,heterogeneous,2014-06-06_001006,1.0849355871707473,14.744806679103252
SourceBridge,SourceBridge_proper_MLNI_WLS,heterogeneous,2014-06-06_001007,1.4054070599503916,6.607294901628158
SourceBridge,SourceBridge_proper_MLNI_WLS,heterogeneous,2014-06-06_001008,0.933426628409336,7.090720716853288
SourceBridge,SourceBridge_proper_MLNI_WLS,heterogeneous,2014-06-06_001015,3.173507721345544,24.718449674908047
SourceBridge,SourceBridge_proper_MLNI_WLS,heterogeneous,2014-06-06_001017,0.4577750333511972,6.258154059304856
SourceBridge,SourceBridge_proper_MLNI_WLS,heterogeneous,2014-06-06_001018,3.49267478502955,21.887614839851423
SourceBridge,SourceBridge_proper_MLNI_WLS,heterogeneous,2014-06-06_001022,1.8965738519345336,16.431109788205593
SourceBridge,SourceBridge_proper_MLNI_WLS,heterogeneous,2014-06-06_001029,13.29278156467322,221.06814035456415
SourceBridge,SourceBridge_proper_MLNI_WLS,heterogeneous,2014-06-07_001006,0.9785873217862502,5.01246715519532
SourceBridge,SourceBridge_proper_MLNI_WLS,heterogeneous,2014-06-07_001007,0.7071500732374432,3.692630405573035
SourceBridge,SourceBridge_proper_MLNI_WLS,heterogeneous,2014-06-07_001008,4.293300521754617,29.089429102908298
SourceBridge,SourceBridge_proper_MLNI_WLS,heterogeneous,2014-06-07_001015,1.102875999960645,8.925405589206367
SourceBridge,SourceBridge_proper_MLNI_WLS,heterogeneous,2014-06-07_001017,3.4792674254407814,21.35863734445323
SourceBridge,SourceBridge_proper_MLNI_WLS,heterogeneous,2014-06-07_001018,0.1879448496582654,8.518066688370858
SourceBridge,SourceBridge_proper_MLNI_WLS,heterogeneous,2014-06-07_001022,1.2317988236258088,8.60482960921455
SourceBridge,SourceBridge_proper_MLNI_WLS,heterogeneous,2014-06-07_001029,0.7852600026534446,3.978106496725552
SourceBridge,SourceBridge_proper_MLNI_WLS,heterogeneous,2014-06-08_001006,0.9321294693517643,5.58025828989817
SourceBridge,SourceBridge_proper_MLNI_WLS,heterogeneous,2014-06-08_001007,0.4975853726230639,4.545596877237948
SourceBridge,SourceBridge_proper_MLNI_WLS,heterogeneous,2014-06-08_001008,0.8598076770665841,8.809144292194647
SourceBridge,SourceBridge_proper_MLNI_WLS,heterogeneous,2014-06-08_001015,3.343614451911293,19.25379106999819
SourceBridge,SourceBridge_proper_MLNI_WLS,heterogeneous,2014-06-08_001017,2.413410488581434,29.186470377071686
SourceBridge,SourceBridge_proper_MLNI_WLS,heterogeneous,2014-06-08_001018,0.2420009865292343,8.8912243299707
SourceBridge,SourceBridge_proper_MLNI_WLS,heterogeneous,2014-06-08_001022,3.7035031133911502,34.48558164869888
SourceBridge,SourceBridge_proper_MLNI_WLS,heterogeneous,2014-06-08_001029,0.7290213129988388,16.61979707303452
SourceBridge,SourceBridge_proper_MLNI_WLS,heterogeneous,2014-06-09_001006,3.275973072195683,31.303012843325536
SourceBridge,SourceBridge_proper_MLNI_WLS,heterogeneous,2014-06-09_001007,0.9214544834582625,15.43800957329551
SourceBridge,SourceBridge_proper_MLNI_WLS,heterogeneous,2014-06-09_001015,0.16239822230994605,10.381880517191025
SourceBridge,SourceBridge_proper_MLNI_WLS,heterogeneous,2014-06-09_001017,4.249982383430364,60.397909208463716
SourceBridge,SourceBridge_proper_MLNI_WLS,heterogeneous,2014-06-09_001018,2.5207667376466816,15.597112849448967
SourceBridge,SourceBridge_proper_MLNI_WLS,heterogeneous,2014-06-09_001022,1.124146737862901,6.6771568832042645
SourceBridge,SourceBridge_proper_MLNI_WLS,heterogeneous,2014-06-09_001029,2.111006332481537,21.835029935491246
SourceBridge,SourceBridge_proper_MLNI_WLS,heterogeneous,2014-06-10_001006,1.3264283900191458,14.856973076807467
SourceBridge,SourceBridge_proper_MLNI_WLS,heterogeneous,2014-06-10_001007,4.288736149903144,25.507299061771064
SourceBridge,SourceBridge_proper_MLNI_WLS,heterogeneous,2014-06-10_001008,0.6341059738058163,11.111357523643395
SourceBridge,SourceBridge_proper_MLNI_WLS,heterogeneous,2014-06-10_001015,0.06134704065175356,10.030912459224947
SourceBridge,SourceBridge_proper_MLNI_WLS,heterogeneous,2014-06-10_001017,0.6975519590779129,3.9514149757569657
SourceBridge,SourceBridge_proper_MLNI_WLS,heterogeneous,2014-06-10_001018,2.2248388130851424,8.789411377082104
SourceBridge,SourceBridge_proper_MLNI_WLS,heterogeneous,2014-06-10_001022,1.271518562606019,6.9326044742703505
SourceBridge,SourceBridge_proper_MLNI_WLS,heterogeneous,2014-06-10_001029,2.5189103047293884,11.948298040768174
SourceBridge,SourceBridge_proper_MLNI_WLS,heterogeneous,2014-06-11_001006,2.9475896061379387,13.147091336915793
SourceBridge,SourceBridge_proper_MLNI_WLS,heterogeneous,2014-06-11_001007,1.3643450245237148,24.127840543342504
SourceBridge,SourceBridge_proper_MLNI_WLS,heterogeneous,2014-06-11_001008,1.7640588029652235,6.920849965205561
SourceBridge,SourceBridge_proper_MLNI_WLS,heterogeneous,2014-06-11_001015,0.05719029456426483,4.164104772859028
SourceBridge,SourceBridge_proper_MLNI_WLS,heterogeneous,2014-06-11_001017,2.4485343050783683,11.242754662253551
SourceBridge,SourceBridge_proper_MLNI_WLS,heterogeneous,2014-06-11_001018,0.486868172033752,20.69343049410984
SourceBridge,SourceBridge_proper_MLNI_WLS,heterogeneous,2014-06-11_001022,2.9005645586842945,30.261744748974994
SourceBridge,SourceBridge_proper_MLNI_WLS,heterogeneous,2014-06-11_001029,1.248316724534078,10.428769557903122
SourceBridge,SourceBridge_proper_MLNI_WLS,heterogeneous,2014-06-12_001006,1.8590626611621701,5.043962324930969
SourceBridge,SourceBridge_proper_MLNI_WLS,heterogeneous,2014-06-12_001007,0.4646894418826264,4.807838133143754
SourceBridge,SourceBridge_proper_MLNI_WLS,heterogeneous,2014-06-12_001008,1.7461017024272962,11.415944362333095
SourceBridge,SourceBridge_proper_MLNI_WLS,heterogeneous,2014-06-12_001015,0.6639076092756397,15.55519672905025
SourceBridge,SourceBridge_proper_MLNI_WLS,heterogeneous,2014-06-12_001017,1.1742162255800963,11.508062134483517
SourceBridge,SourceBridge_proper_MLNI_WLS,heterogeneous,2014-06-12_001018,0.7356426853933726,14.060680699578468
SourceBridge,SourceBridge_proper_MLNI_WLS,heterogeneous,2014-06-12_001022,1.7340296539004783,20.737910265340155
SourceBridge,SourceBridge_proper_MLNI_WLS,heterogeneous,2014-06-12_001029,1.0031518128260757,12.512020891856926
SourceBridge,SourceBridge_proper_MLNI_WLS,heterogeneous,2014-06-13_001006,2.857208610894361,16.958088306203962
SourceBridge,SourceBridge_proper_MLNI_WLS,heterogeneous,2014-06-13_001007,5.411276490842141,61.169781510266844
SourceBridge,SourceBridge_proper_MLNI_WLS,heterogeneous,2014-06-13_001008,4.314150082451761,66.46780809168439
SourceBridge,SourceBridge_proper_MLNI_WLS,heterogeneous,2014-06-13_001015,7.031692507873657,88.4456160242002
SourceBridge,SourceBridge_proper_MLNI_WLS,heterogeneous,2014-06-13_001017,5.988570752799433,77.46333211454359
SourceBridge,SourceBridge_proper_MLNI_WLS,heterogeneous,2014-06-13_001018,3.843900912459304,30.545083504842584
SourceBridge,SourceBridge_proper_MLNI_WLS,heterogeneous,2014-06-13_001022,2.2566671222128036,28.355145027050764
SourceBridge,SourceBridge_proper_MLNI_WLS,heterogeneous,2014-06-13_001029,4.61757768352939,58.47343805860452
SourceBridge,SourceBridge_proper_MLNI_WLS,heterogeneous,2014-06-14_001006,1.733382146021313,13.552588195657263
SourceBridge,SourceBridge_proper_MLNI_WLS,heterogeneous,2014-06-14_001007,1.0145465444387298,3.734674643093595
SourceBridge,SourceBridge_proper_MLNI_WLS,heterogeneous,2014-06-14_001008,0.132061490585329,8.806111158661405
SourceBridge,SourceBridge_proper_MLNI_WLS,heterogeneous,2014-06-14_001015,0.3378794607664304,9.563818028736947
SourceBridge,SourceBridge_proper_MLNI_WLS,heterogeneous,2014-06-14_001017,1.7019983537027201,15.399462654261026
SourceBridge,SourceBridge_proper_MLNI_WLS,heterogeneous,2014-06-14_001018,0.20335137090833655,6.450298588620323
SourceBridge,SourceBridge_proper_MLNI_WLS,heterogeneous,2014-06-14_001022,0.7976538633165546,5.767112427474097
SourceBridge,SourceBridge_proper_MLNI_WLS,heterogeneous,2014-06-14_001029,1.1030299819003915,14.281657560291126
SourceBridge,SourceBridge_proper_MLNI_WLS,heterogeneous,2014-06-15_001006,5.257522772186434,79.1013918297128
SourceBridge,SourceBridge_proper_MLNI_WLS,heterogeneous,2014-06-15_001007,4.819025845019354,73.7139031508904
SourceBridge,SourceBridge_proper_MLNI_WLS,heterogeneous,2014-06-15_001008,5.913351914967137,108.79803018243713
SourceBridge,SourceBridge_proper_MLNI_WLS,heterogeneous,2014-06-15_001015,12.951369237403398,270.09978961638274
SourceBridge,SourceBridge_proper_MLNI_WLS,heterogeneous,2014-06-15_001017,4.983783834117389,72.32317990593405
SourceBridge,SourceBridge_proper_MLNI_WLS,heterogeneous,2014-06-15_001018,9.619227724898906,150.25387552830074
SourceBridge,SourceBridge_proper_MLNI_WLS,heterogeneous,2014-06-15_001022,4.45264722625501,64.58952737694908
SourceBridge,SourceBridge_proper_MLNI_WLS,heterogeneous,2014-06-15_001029,4.09688189189967,64.43456211114103
SourceBridge,SourceBridge_proper_MLNI_WLS,heterogeneous,2014-06-16_001006,1.309142859522268,28.299975748946583
SourceBridge,SourceBridge_proper_MLNI_WLS,heterogeneous,2014-06-16_001007,1.633360929943791,14.469679327223085
SourceBridge,SourceBridge_proper_MLNI_WLS,heterogeneous,2014-06-16_001008,0.9383406484194836,4.176522548335845
SourceBridge,SourceBridge_proper_MLNI_WLS,heterogeneous,2014-06-16_001015,0.9437131296069197,20.04451386282326
SourceBridge,SourceBridge_proper_MLNI_WLS,heterogeneous,2014-06-16_001017,1.1810149560065497,5.18727295260803
SourceBridge,SourceBridge_proper_MLNI_WLS,heterogeneous,2014-06-16_001018,1.7419266563634892,13.634574798114567
SourceBridge,SourceBridge_proper_MLNI_WLS,heterogeneous,2014-06-16_001022,0.9649231032955754,6.242819767537067
SourceBridge,SourceBridge_proper_MLNI_WLS,heterogeneous,2014-06-16_001029,2.1630003481014057,38.09887443301649
SourceBridge,SourceBridge_proper_MLNI_WLS,heterogeneous,2014-06-17_001006,0.39504938698377146,5.367721969310978
SourceBridge,SourceBridge_proper_MLNI_WLS,heterogeneous,2014-06-17_001007,0.5091421224057342,10.580171313349302
SourceBridge,SourceBridge_proper_MLNI_WLS,heterogeneous,2014-06-17_001008,3.067252077106275,37.25536990100566
SourceBridge,SourceBridge_proper_MLNI_WLS,heterogeneous,2014-06-17_001015,1.4094698477138081,6.606728154819575
SourceBridge,SourceBridge_proper_MLNI_WLS,heterogeneous,2014-06-17_001017,1.4933705932994599,16.596444571595708
SourceBridge,SourceBridge_proper_MLNI_WLS,heterogeneous,2014-06-17_001018,1.786888205289614,15.778055155093698
SourceBridge,SourceBridge_proper_MLNI_WLS,heterogeneous,2014-06-17_001022,1.7105564814727359,19.582930209638842
SourceBridge,SourceBridge_proper_MLNI_WLS,heterogeneous,2014-06-17_001029,2.375415362071635,31.28403565478472
SourceBridge,SourceBridge_proper_MLNI_WLS,heterogeneous,2014-06-18_001006,2.5377771558712254,21.334947946653987
SourceBridge,SourceBridge_proper_MLNI_WLS,heterogeneous,2014-06-18_001007,1.3235897301226487,3.3486174743128037
SourceBridge,SourceBridge_proper_MLNI_WLS,heterogeneous,2014-06-18_001008,4.006015839493784,31.717118566283713
SourceBridge,SourceBridge_proper_MLNI_WLS,heterogeneous,2014-06-18_001015,2.6824576532272886,13.557166706669161
SourceBridge,SourceBridge_proper_MLNI_WLS,heterogeneous,2014-06-18_001017,2.7788226978243245,7.721855585943657
SourceBridge,SourceBridge_proper_MLNI_WLS,heterogeneous,2014-06-18_001018,0.4142997824916108,5.870922543779686
SourceBridge,SourceBridge_proper_MLNI_WLS,heterogeneous,2014-06-18_001022,1.9131250908291122,25.369861724487315
SourceBridge,SourceBridge_proper_MLNI_WLS,heterogeneous,2014-06-18_001029,0.9949758065174024,12.2215106447388
SourceBridge,SourceBridge_proper_MLNI_WLS,heterogeneous,2014-06-19_001007,3.184359149003029,34.68478395220343
SourceBridge,SourceBridge_proper_MLNI_WLS,heterogeneous,2014-06-19_001008,6.388442215850915,116.35542334341116
SourceBridge,SourceBridge_proper_MLNI_WLS,heterogeneous,2014-06-19_001015,1.0718739854943067,18.35249639595616
SourceBridge,SourceBridge_proper_MLNI_WLS,heterogeneous,2014-06-19_001017,4.175350514599472,60.44089447918642
SourceBridge,SourceBridge_proper_MLNI_WLS,heterogeneous,2014-06-19_001018,9.69754288847912,176.77188017421628
SourceBridge,SourceBridge_proper_MLNI_WLS,heterogeneous,2014-06-19_001022,3.3718511794285178,31.480486742115
SourceBridge,SourceBridge_proper_MLNI_WLS,heterogeneous,2014-06-19_001029,11.37982062479702,160.06757027091697
SourceBridge,SourceBridge_proper_MLNI_WLS,heterogeneous,2014-06-20_001006,0.5216683636614619,4.952770929823244
SourceBridge,SourceBridge_proper_MLNI_WLS,heterogeneous,2014-06-20_001007,2.2175637048979127,14.392288087603621
SourceBridge,SourceBridge_proper_MLNI_WLS,heterogeneous,2014-06-20_001008,1.6061861991889543,24.84925639589888
SourceBridge,SourceBridge_proper_MLNI_WLS,heterogeneous,2014-06-20_001015,2.774154337033849,9.316941123427455
SourceBridge,SourceBridge_proper_MLNI_WLS,heterogeneous,2014-06-20_001017,1.431494191073341,6.975712297871961
SourceBridge,SourceBridge_proper_MLNI_WLS,heterogeneous,2014-06-20_001018,1.1389871522860062,8.99069620889971
SourceBridge,SourceBridge_proper_MLNI_WLS,heterogeneous,2014-06-20_001022,2.8854342858310815,26.130318616324626
SourceBridge,SourceBridge_proper_MLNI_WLS,heterogeneous,2014-06-20_001029,3.3946508173244467,30.865234270834858
SourceBridge,SourceBridge_proper_MLNI_WLS,heterogeneous,2014-06-21_001006,3.7945566510161655,25.264066483335004
SourceBridge,SourceBridge_proper_MLNI_WLS,heterogeneous,2014-06-21_001007,1.0890008390033756,8.429700946381603
SourceBridge,SourceBridge_proper_MLNI_WLS,heterogeneous,2014-06-21_001008,2.3431648949133717,15.536513759942814
SourceBridge,SourceBridge_proper_MLNI_WLS,heterogeneous,2014-06-21_001015,0.8003426230787909,4.275285068537545
SourceBridge,SourceBridge_proper_MLNI_WLS,heterogeneous,2014-06-21_001017,2.273171785133087,24.734076330107566
SourceBridge,SourceBridge_proper_MLNI_WLS,heterogeneous,2014-06-21_001022,0.021626082953446257,14.79373997886846
SourceBridge,SourceBridge_proper_MLNI_WLS,heterogeneous,2014-06-21_001029,2.145000865317172,7.795816140065493
SourceBridge,SourceBridge_proper_MLNI_WLS,heterogeneous,2014-06-22_001006,0.7969054605346457,5.616182848352208
SourceBridge,SourceBridge_proper_MLNI_WLS,heterogeneous,2014-06-22_001007,0.5037097343289929,2.4126107671315724
SourceBridge,SourceBridge_proper_MLNI_WLS,heterogeneous,2014-06-22_001008,2.0581090660207906,28.089782854980026
SourceBridge,SourceBridge_proper_MLNI_WLS,heterogeneous,2014-06-22_001015,2.0017448623118526,10.522677897030595
SourceBridge,SourceBridge_proper_MLNI_WLS,heterogeneous,2014-06-22_001017,0.36006738575648,12.716581265468696
SourceBridge,SourceBridge_proper_MLNI_WLS,heterogeneous,2014-06-22_001018,0.9459856365252506,10.68807381498062
SourceBridge,SourceBridge_proper_MLNI_WLS,heterogeneous,2014-06-22_001022,1.4571128616345277,15.476270626714012
SourceBridge,SourceBridge_proper_MLNI_WLS,heterogeneous,2014-06-22_001029,0.5772921368281629,2.279146847018743
SourceBridge,SourceBridge_proper_MLNI_WLS,heterogeneous,2014-06-23_001006,1.2261010991419425,6.929549113039713
SourceBridge,SourceBridge_proper_MLNI_WLS,heterogeneous,2014-06-23_001007,3.0498399215059067,15.730518913201083
SourceBridge,SourceBridge_proper_MLNI_WLS,heterogeneous,2014-06-23_001008,2.9527565243143385,15.011444811999006
SourceBridge,SourceBridge_proper_MLNI_WLS,heterogeneous,2014-06-23_001015,2.878448427569964,27.251934898055016
SourceBridge,SourceBridge_proper_MLNI_WLS,heterogeneous,2014-06-23_001017,0.36141558457808287,5.551163278678894
SourceBridge,SourceBridge_proper_MLNI_WLS,heterogeneous,2014-06-23_001018,2.896734193535025,26.229720769836707
SourceBridge,SourceBridge_proper_MLNI_WLS,heterogeneous,2014-06-23_001022,2.6312915933952183,12.151789648361085
SourceBridge,SourceBridge_proper_MLNI_WLS,heterogeneous,2014-06-23_001029,1.1856383837725843,6.740983147201651
SourceBridge,SourceBridge_proper_MLNI_WLS,heterogeneous,2014-06-24_001006,3.4028499056863097,18.811303412601678
SourceBridge,SourceBridge_proper_MLNI_WLS,heterogeneous,2014-06-24_001007,0.29719010613914065,15.323524873082992
SourceBridge,SourceBridge_proper_MLNI_WLS,heterogeneous,2014-06-24_001008,0.2475465290844454,4.400318824748215
SourceBridge,SourceBridge_proper_MLNI_WLS,heterogeneous,2014-06-24_001015,2.5952358303941025,26.42164210156362
SourceBridge,SourceBridge_proper_MLNI_WLS,heterogeneous,2014-06-24_001017,0.25268977823108685,6.577308825780082
SourceBridge,SourceBridge_proper_MLNI_WLS,heterogeneous,2014-06-24_001018,5.802910654624753,55.50093282759121
SourceBridge,SourceBridge_proper_MLNI_WLS,heterogeneous,2014-06-24_001022,1.135271558607684,4.55510168796114
SourceBridge,SourceBridge_proper_MLNI_WLS,heterogeneous,2014-06-24_001029,1.1513343744963436,18.335186840873586
SourceBridge,SourceBridge_proper_MLNI_WLS,heterogeneous,2014-06-25_001006,2.9847670836598468,18.58720361864557
SourceBridge,SourceBridge_proper_MLNI_WLS,heterogeneous,2014-06-25_001007,0.20103893179390298,4.98701228770036
SourceBridge,SourceBridge_proper_MLNI_WLS,heterogeneous,2014-06-25_001008,0.7684315184207975,20.746042511988037
SourceBridge,SourceBridge_proper_MLNI_WLS,heterogeneous,2014-06-25_001015,5.010457702801318,42.148656435409286
SourceBridge,SourceBridge_proper_MLNI_WLS,heterogeneous,2014-06-25_001017,0.3717354140949283,7.358956143770003
SourceBridge,SourceBridge_proper_MLNI_WLS,heterogeneous,2014-06-25_001022,0.7009442381155111,8.345355043355292
SourceBridge,SourceBridge_proper_MLNI_WLS,heterogeneous,2014-06-25_001029,2.0655340842412215,10.69208238121461
CRH + WLS,CRH_TKDE2016__weighted_source_affine,exact,2014-05-29_001006,2.548380194207276,23.496004830903594
CRH + WLS,CRH_TKDE2016__weighted_source_affine,exact,2014-05-29_001007,1.7955925116852995,30.27527977958518
CRH + WLS,CRH_TKDE2016__weighted_source_affine,exact,2014-05-29_001008,4.177211566423189,33.401162408181904
CRH + WLS,CRH_TKDE2016__weighted_source_affine,exact,2014-05-29_001015,6.249577140930441,77.92849371630753
CRH + WLS,CRH_TKDE2016__weighted_source_affine,exact,2014-05-29_001017,0.9599003107859971,11.68858973519757
CRH + WLS,CRH_TKDE2016__weighted_source_affine,exact,2014-05-29_001018,2.8788349684925407,34.75746612908955
CRH + WLS,CRH_TKDE2016__weighted_source_affine,exact,2014-05-29_001022,4.042132045192901,41.42123519893196
CRH + WLS,CRH_TKDE2016__weighted_source_affine,exact,2014-05-29_001029,7.0472955859264275,119.45126501118975
CRH + WLS,CRH_TKDE2016__weighted_source_affine,exact,2014-05-30_001006,2.7750565635785733,9.177246930113734
CRH + WLS,CRH_TKDE2016__weighted_source_affine,exact,2014-05-30_001007,0.3676790989050289,2.012368023209024
CRH + WLS,CRH_TKDE2016__weighted_source_affine,exact,2014-05-30_001008,1.4188314194484093,4.6700630130333085
CRH + WLS,CRH_TKDE2016__weighted_source_affine,exact,2014-05-30_001015,0.9733511914664348,1.4784882479929162
CRH + WLS,CRH_TKDE2016__weighted_source_affine,exact,2014-05-30_001017,0.781591146741917,2.2046011882604097
CRH + WLS,CRH_TKDE2016__weighted_source_affine,exact,2014-05-30_001018,1.6786444971338597,15.467548797593217
CRH + WLS,CRH_TKDE2016__weighted_source_affine,exact,2014-05-30_001022,0.12429662195708602,24.658294311337574
CRH + WLS,CRH_TKDE2016__weighted_source_affine,exact,2014-05-30_001029,2.777241629375098,18.382799517121406
CRH + WLS,CRH_TKDE2016__weighted_source_affine,exact,2014-05-31_001006,0.1639426169137579,0.09372347612217358
CRH + WLS,CRH_TKDE2016__weighted_source_affine,exact,2014-05-31_001007,3.1727858457558114,19.352875966293354
CRH + WLS,CRH_TKDE2016__weighted_source_affine,exact,2014-05-31_001008,2.1556963083880447,4.647026573997844
CRH + WLS,CRH_TKDE2016__weighted_source_affine,exact,2014-05-31_001015,2.6737836282540144,8.183507560139999
CRH + WLS,CRH_TKDE2016__weighted_source_affine,exact,2014-05-31_001017,1.4630861270567266,20.293844611575278
CRH + WLS,CRH_TKDE2016__weighted_source_affine,exact,2014-05-31_001018,0.9980055978975031,13.379363880763618
CRH + WLS,CRH_TKDE2016__weighted_source_affine,exact,2014-05-31_001022,1.6383289850064955,10.920122140991722
CRH + WLS,CRH_TKDE2016__weighted_source_affine,exact,2014-05-31_001029,0.6063911560721067,5.371052909312429
CRH + WLS,CRH_TKDE2016__weighted_source_affine,exact,2014-06-01_001006,1.382184688881054,2.39927462638075
CRH + WLS,CRH_TKDE2016__weighted_source_affine,exact,2014-06-01_001007,0.646442343418208,17.82759158695846
CRH + WLS,CRH_TKDE2016__weighted_source_affine,exact,2014-06-01_001008,0.9824905305499101,2.0703115934445018
CRH + WLS,CRH_TKDE2016__weighted_source_affine,exact,2014-06-01_001015,0.2984961023724253,2.725105606210921
CRH + WLS,CRH_TKDE2016__weighted_source_affine,exact,2014-06-01_001017,0.1642750348135067,12.978884504357037
CRH + WLS,CRH_TKDE2016__weighted_source_affine,exact,2014-06-01_001018,0.7319765254599844,40.02169655639991
CRH + WLS,CRH_TKDE2016__weighted_source_affine,exact,2014-06-01_001022,0.10502024963761869,28.887075493801543
CRH + WLS,CRH_TKDE2016__weighted_source_affine,exact,2014-06-01_001029,1.528515194350394,30.240147963444443
CRH + WLS,CRH_TKDE2016__weighted_source_affine,exact,2014-06-02_001006,0.09287738097988552,23.469904507053005
CRH + WLS,CRH_TKDE2016__weighted_source_affine,exact,2014-06-02_001007,3.304063910046466,29.538861526323757
CRH + WLS,CRH_TKDE2016__weighted_source_affine,exact,2014-06-02_001008,0.43203812290264665,5.493841135793679
CRH + WLS,CRH_TKDE2016__weighted_source_affine,exact,2014-06-02_001015,0.3695602878684703,2.263989570744647
CRH + WLS,CRH_TKDE2016__weighted_source_affine,exact,2014-06-02_001017,0.03317387661535065,9.084551000335068
CRH + WLS,CRH_TKDE2016__weighted_source_affine,exact,2014-06-02_001018,3.747135924731161,14.378021644876043
CRH + WLS,CRH_TKDE2016__weighted_source_affine,exact,2014-06-02_001022,0.919551934190256,20.26739707629977
CRH + WLS,CRH_TKDE2016__weighted_source_affine,exact,2014-06-02_001029,1.4447731153070258,11.459360906537666
CRH + WLS,CRH_TKDE2016__weighted_source_affine,exact,2014-06-03_001006,2.9065418914291214,23.35482933281542
CRH + WLS,CRH_TKDE2016__weighted_source_affine,exact,2014-06-03_001007,1.3013774323191996,35.51631567906063
CRH + WLS,CRH_TKDE2016__weighted_source_affine,exact,2014-06-03_001008,1.4750948725255881,12.587617535131727
CRH + WLS,CRH_TKDE2016__weighted_source_affine,exact,2014-06-03_001015,3.6249371353203585,40.66509979798336
CRH + WLS,CRH_TKDE2016__weighted_source_affine,exact,2014-06-03_001017,1.4747608749449341,18.374307753147747
CRH + WLS,CRH_TKDE2016__weighted_source_affine,exact,2014-06-03_001018,0.159493184213936,2.7367566756695743
CRH + WLS,CRH_TKDE2016__weighted_source_affine,exact,2014-06-03_001022,1.5512028217761653,2.4062301942863376
CRH + WLS,CRH_TKDE2016__weighted_source_affine,exact,2014-06-03_001029,1.9512606613975976,33.758253455511856
CRH + WLS,CRH_TKDE2016__weighted_source_affine,exact,2014-06-04_001022,1.0564445188267797,4.675826074119609
CRH + WLS,CRH_TKDE2016__weighted_source_affine,exact,2014-06-05_001006,0.48275134256172425,1.1222822747325627
CRH + WLS,CRH_TKDE2016__weighted_source_affine,exact,2014-06-05_001007,0.15204518955938795,8.19516449282829
CRH + WLS,CRH_TKDE2016__weighted_source_affine,exact,2014-06-05_001008,0.6482200468955739,11.569796231345341
CRH + WLS,CRH_TKDE2016__weighted_source_affine,exact,2014-06-05_001015,2.66579661156873,32.04829872954001
CRH + WLS,CRH_TKDE2016__weighted_source_affine,exact,2014-06-05_001017,0.7508104394649564,22.468859165849263
CRH + WLS,CRH_TKDE2016__weighted_source_affine,exact,2014-06-05_001018,0.4351685194482542,2.3963434797003482
CRH + WLS,CRH_TKDE2016__weighted_source_affine,exact,2014-06-05_001022,4.222848258685026,17.83244741587916
CRH + WLS,CRH_TKDE2016__weighted_source_affine,exact,2014-06-05_001029,0.26409734498676585,4.819903558930009
CRH + WLS,CRH_TKDE2016__weighted_source_affine,exact,2014-06-06_001006,0.4188838554849781,8.166337818239015
CRH + WLS,CRH_TKDE2016__weighted_source_affine,exact,2014-06-06_001007,0.6776241596085981,3.8771774987400742
CRH + WLS,CRH_TKDE2016__weighted_source_affine,exact,2014-06-06_001008,0.6201392954304623,24.90184907444334
CRH + WLS,CRH_TKDE2016__weighted_source_affine,exact,2014-06-06_001015,1.8568984861069566,10.957529368551706
CRH + WLS,CRH_TKDE2016__weighted_source_affine,exact,2014-06-06_001017,5.552372636957642,30.82884189963596
CRH + WLS,CRH_TKDE2016__weighted_source_affine,exact,2014-06-06_001018,3.1355361901635206,20.585708710936686
CRH + WLS,CRH_TKDE2016__weighted_source_affine,exact,2014-06-06_001022,3.2285763133174328,12.393839190123773
CRH + WLS,CRH_TKDE2016__weighted_source_affine,exact,2014-06-06_001029,2.639007591055613,20.7802385072387
CRH + WLS,CRH_TKDE2016__weighted_source_affine,exact,2014-06-07_001006,2.4337848751981346,36.0
CRH + WLS,CRH_TKDE2016__weighted_source_affine,exact,2014-06-07_001007,0.5553319249345954,4.013256339468677
CRH + WLS,CRH_TKDE2016__weighted_source_affine,exact,2014-06-07_001008,0.19895045200328454,6.111751622503287
CRH + WLS,CRH_TKDE2016__weighted_source_affine,exact,2014-06-07_001015,2.679981609540615,17.95726551630127
CRH + WLS,CRH_TKDE2016__weighted_source_affine,exact,2014-06-07_001017,0.14969865016304418,31.399411831115025
CRH + WLS,CRH_TKDE2016__weighted_source_affine,exact,2014-06-07_001018,1.3909652401373709,23.133492982944684
CRH + WLS,CRH_TKDE2016__weighted_source_affine,exact,2014-06-07_001022,0.7040626963213747,9.0
CRH + WLS,CRH_TKDE2016__weighted_source_affine,exact,2014-06-07_001029,0.7414713920899088,24.969135684549745
CRH + WLS,CRH_TKDE2016__weighted_source_affine,exact,2014-06-08_001006,0.09828823945834841,16.190307963545376
CRH + WLS,CRH_TKDE2016__weighted_source_affine,exact,2014-06-08_001007,0.4508072347513661,2.0446729150320846
CRH + WLS,CRH_TKDE2016__weighted_source_affine,exact,2014-06-08_001008,1.0463331842835544,22.055563159531943
CRH + WLS,CRH_TKDE2016__weighted_source_affine,exact,2014-06-08_001015,3.985888215612448,38.36260294470212
CRH + WLS,CRH_TKDE2016__weighted_source_affine,exact,2014-06-08_001017,1.8480006158844162,39.50446673571921
CRH + WLS,CRH_TKDE2016__weighted_source_affine,exact,2014-06-08_001018,1.9859195497988367,16.973896988043442
CRH + WLS,CRH_TKDE2016__weighted_source_affine,exact,2014-06-08_001022,3.8846810202018176,25.42304556794023
CRH + WLS,CRH_TKDE2016__weighted_source_affine,exact,2014-06-08_001029,1.5221141679123527,32.48238121686475
CRH + WLS,CRH_TKDE2016__weighted_source_affine,exact,2014-06-09_001006,1.0561395038630366,18.62103862163955
CRH + WLS,CRH_TKDE2016__weighted_source_affine,exact,2014-06-09_001007,1.5021881602647227,5.909170958509289
CRH + WLS,CRH_TKDE2016__weighted_source_affine,exact,2014-06-09_001015,1.1117577783094177,19.93477976565557
CRH + WLS,CRH_TKDE2016__weighted_source_affine,exact,2014-06-09_001017,1.2171238190060265,12.25093781848929
CRH + WLS,CRH_TKDE2016__weighted_source_affine,exact,2014-06-09_001018,3.201399154615629,20.548197798871033
CRH + WLS,CRH_TKDE2016__weighted_source_affine,exact,2014-06-09_001022,3.3917607958209786,23.031918330349665
CRH + WLS,CRH_TKDE2016__weighted_source_affine,exact,2014-06-09_001029,0.14269808393971317,60.00995906146539
CRH + WLS,CRH_TKDE2016__weighted_source_affine,exact,2014-06-10_001006,0.881460872503979,7.493961925855761
CRH + WLS,CRH_TKDE2016__weighted_source_affine,exact,2014-06-10_001007,2.26389973587942,12.308519494595922
CRH + WLS,CRH_TKDE2016__weighted_source_affine,exact,2014-06-10_001008,2.475047745134873,7.3345970210029785
CRH + WLS,CRH_TKDE2016__weighted_source_affine,exact,2014-06-10_001015,0.0563874966935316,82.0982506382021
CRH + WLS,CRH_TKDE2016__weighted_source_affine,exact,2014-06-10_001017,0.028229503435753145,35.376061412010834
CRH + WLS,CRH_TKDE2016__weighted_source_affine,exact,2014-06-10_001018,0.1712353664752584,22.949821859623956
CRH + WLS,CRH_TKDE2016__weighted_source_affine,exact,2014-06-10_001022,1.0841792394428182,1.660902876439419
CRH + WLS,CRH_TKDE2016__weighted_source_affine,exact,2014-06-10_001029,2.320336494616299,90.15372383959829
CRH + WLS,CRH_TKDE2016__weighted_source_affine,exact,2014-06-11_001006,1.9148478970521694,28.231109946831936
CRH + WLS,CRH_TKDE2016__weighted_source_affine,exact,2014-06-11_001007,1.4024227049673215,40.954145065808554
CRH + WLS,CRH_TKDE2016__weighted_source_affine,exact,2014-06-11_001008,0.4026481493491687,41.05979012810957
CRH + WLS,CRH_TKDE2016__weighted_source_affine,exact,2014-06-11_001015,0.5385172932363531,19.12653981871773
CRH + WLS,CRH_TKDE2016__weighted_source_affine,exact,2014-06-11_001017,0.9218993310341723,25.84587227213787
CRH + WLS,CRH_TKDE2016__weighted_source_affine,exact,2014-06-11_001018,0.027754681251435542,11.917983326438852
CRH + WLS,CRH_TKDE2016__weighted_source_affine,exact,2014-06-11_001022,3.4541393403742884,29.849483858656974
CRH + WLS,CRH_TKDE2016__weighted_source_affine,exact,2014-06-11_001029,0.07277814477701483,23.922335236483477
CRH + WLS,CRH_TKDE2016__weighted_source_affine,exact,2014-06-12_001006,1.8706568054447672,3.4993568837568216
CRH + WLS,CRH_TKDE2016__weighted_source_affine,exact,2014-06-12_001007,0.2678386787118754,8.838409415557631
CRH + WLS,CRH_TKDE2016__weighted_source_affine,exact,2014-06-12_001008,0.17454829966457197,8.969994956296729
CRH + WLS,CRH_TKDE2016__weighted_source_affine,exact,2014-06-12_001015,1.7751254936073053,6.585983766062236
CRH + WLS,CRH_TKDE2016__weighted_source_affine,exact,2014-06-12_001017,0.5249245886688101,58.01446561849737
CRH + WLS,CRH_TKDE2016__weighted_source_affine,exact,2014-06-12_001018,1.9213932870694528,59.34472851996414
CRH + WLS,CRH_TKDE2016__weighted_source_affine,exact,2014-06-12_001022,2.3084482568621265,13.586279669842643
CRH + WLS,CRH_TKDE2016__weighted_source_affine,exact,2014-06-12_001029,0.5066010420531484,1.1324277726679652
CRH + WLS,CRH_TKDE2016__weighted_source_affine,exact,2014-06-13_001006,0.7286974521803486,42.701322063477534
CRH + WLS,CRH_TKDE2016__weighted_source_affine,exact,2014-06-13_001007,1.4738227822168568,14.719750916230364
CRH + WLS,CRH_TKDE2016__weighted_source_affine,exact,2014-06-13_001008,1.5846486389235253,26.350756299236032
CRH + WLS,CRH_TKDE2016__weighted_source_affine,exact,2014-06-13_001015,8.210278583486826,128.69792336097882
CRH + WLS,CRH_TKDE2016__weighted_source_affine,exact,2014-06-13_001017,6.303039514615264,105.30502349066346
CRH + WLS,CRH_TKDE2016__weighted_source_affine,exact,2014-06-13_001018,4.2324886279861005,35.79173390822087
CRH + WLS,CRH_TKDE2016__weighted_source_affine,exact,2014-06-13_001022,3.7491086049815365,73.11749973312851
CRH + WLS,CRH_TKDE2016__weighted_source_affine,exact,2014-06-13_001029,0.2423943705402678,3.827939719559125
CRH + WLS,CRH_TKDE2016__weighted_source_affine,exact,2014-06-14_001006,1.033129301631476,19.302869150930235
CRH + WLS,CRH_TKDE2016__weighted_source_affine,exact,2014-06-14_001007,1.4108006039401566,6.750478812371641
CRH + WLS,CRH_TKDE2016__weighted_source_affine,exact,2014-06-14_001008,0.6207138856430277,7.6205005000672354
CRH + WLS,CRH_TKDE2016__weighted_source_affine,exact,2014-06-14_001015,0.5351032259673332,14.683636666103189
CRH + WLS,CRH_TKDE2016__weighted_source_affine,exact,2014-06-14_001017,2.426561527829463,19.454695849293145
CRH + WLS,CRH_TKDE2016__weighted_source_affine,exact,2014-06-14_001018,0.4308414212176359,18.053145256575263
CRH + WLS,CRH_TKDE2016__weighted_source_affine,exact,2014-06-14_001022,1.847809184099198,58.3156077275586
CRH + WLS,CRH_TKDE2016__weighted_source_affine,exact,2014-06-14_001029,0.23950618275165425,2.354437907870595
CRH + WLS,CRH_TKDE2016__weighted_source_affine,exact,2014-06-15_001006,0.6103286867377875,9.221584987075342
CRH + WLS,CRH_TKDE2016__weighted_source_affine,exact,2014-06-15_001007,0.3777956972876382,1.0990093900875924
CRH + WLS,CRH_TKDE2016__weighted_source_affine,exact,2014-06-15_001008,0.6807870398190516,6.345223114421468
CRH + WLS,CRH_TKDE2016__weighted_source_affine,exact,2014-06-15_001015,2.3829710650893787,35.00793257401342
CRH + WLS,CRH_TKDE2016__weighted_source_affine,exact,2014-06-15_001017,1.6982496647609082,26.260697291365393
CRH + WLS,CRH_TKDE2016__weighted_source_affine,exact,2014-06-15_001018,0.3018940472765195,17.102341552462928
CRH + WLS,CRH_TKDE2016__weighted_source_affine,exact,2014-06-15_001022,2.8781138790337906,10.335677004006218
CRH + WLS,CRH_TKDE2016__weighted_source_affine,exact,2014-06-15_001029,1.0156262630726047,2.2117375699266226
CRH + WLS,CRH_TKDE2016__weighted_source_affine,exact,2014-06-16_001006,2.0899015033374724,34.8914742411696
CRH + WLS,CRH_TKDE2016__weighted_source_affine,exact,2014-06-16_001007,1.070349881288024,3.3424656850474004
CRH + WLS,CRH_TKDE2016__weighted_source_affine,exact,2014-06-16_001008,2.3701282147254403,5.617507754237603
CRH + WLS,CRH_TKDE2016__weighted_source_affine,exact,2014-06-16_001015,1.5873048205413056,5.460342045490812
CRH + WLS,CRH_TKDE2016__weighted_source_affine,exact,2014-06-16_001017,1.9879179362198443,8.01138384039977
CRH + WLS,CRH_TKDE2016__weighted_source_affine,exact,2014-06-16_001018,0.9344270073166854,1.0179196395098897
CRH + WLS,CRH_TKDE2016__weighted_source_affine,exact,2014-06-16_001022,1.7691595202320798,5.86548656596471
CRH + WLS,CRH_TKDE2016__weighted_source_affine,exact,2014-06-16_001029,4.51683375419357,60.81653011611975
CRH + WLS,CRH_TKDE2016__weighted_source_affine,exact,2014-06-17_001006,1.512932349504652,6.544940281351287
CRH + WLS,CRH_TKDE2016__weighted_source_affine,exact,2014-06-17_001007,0.6857402509974122,7.382473674781931
CRH + WLS,CRH_TKDE2016__weighted_source_affine,exact,2014-06-17_001008,0.43823022471033823,1.3324052140884575
CRH + WLS,CRH_TKDE2016__weighted_source_affine,exact,2014-06-17_001015,0.08771218239867551,2.3564125906759896
CRH + WLS,CRH_TKDE2016__weighted_source_affine,exact,2014-06-17_001017,0.06445825527224969,34.00417378855166
CRH + WLS,CRH_TKDE2016__weighted_source_affine,exact,2014-06-17_001018,1.8126144281764311,25.31269292343658
CRH + WLS,CRH_TKDE2016__weighted_source_affine,exact,2014-06-17_001022,0.753124589251982,10.86302711699219
CRH + WLS,CRH_TKDE2016__weighted_source_affine,exact,2014-06-17_001029,0.0932199187374465,21.286047282615552
CRH + WLS,CRH_TKDE2016__weighted_source_affine,exact,2014-06-18_001006,2.44657518390985,12.35859418994072
CRH + WLS,CRH_TKDE2016__weighted_source_affine,exact,2014-06-18_001007,3.3355053379181996,14.064689984809927
CRH + WLS,CRH_TKDE2016__weighted_source_affine,exact,2014-06-18_001008,5.576130787800551,64.30594116965516
CRH + WLS,CRH_TKDE2016__weighted_source_affine,exact,2014-06-18_001015,8.585819579664033,104.97024832378341
CRH + WLS,CRH_TKDE2016__weighted_source_affine,exact,2014-06-18_001017,0.15811036273957768,21.98995978075137
CRH + WLS,CRH_TKDE2016__weighted_source_affine,exact,2014-06-18_001018,1.762338952953563,23.366537512530236
CRH + WLS,CRH_TKDE2016__weighted_source_affine,exact,2014-06-18_001022,2.1719843433606982,49.50666148121728
CRH + WLS,CRH_TKDE2016__weighted_source_affine,exact,2014-06-18_001029,0.5841166285125681,1.6490839721208634
CRH + WLS,CRH_TKDE2016__weighted_source_affine,exact,2014-06-19_001007,4.033587918530827,48.45581542460807
CRH + WLS,CRH_TKDE2016__weighted_source_affine,exact,2014-06-19_001008,1.0586677152595314,7.425047919622451
CRH + WLS,CRH_TKDE2016__weighted_source_affine,exact,2014-06-19_001015,0.2150787285188187,0.1917139031302281
CRH + WLS,CRH_TKDE2016__weighted_source_affine,exact,2014-06-19_001017,1.4927047891461882,19.385366891215245
CRH + WLS,CRH_TKDE2016__weighted_source_affine,exact,2014-06-19_001018,0.565922809008498,9.876421532028695
CRH + WLS,CRH_TKDE2016__weighted_source_affine,exact,2014-06-19_001022,0.2492986265549746,22.35003842630425
CRH + WLS,CRH_TKDE2016__weighted_source_affine,exact,2014-06-19_001029,2.1527642290315754,20.58344471974119
CRH + WLS,CRH_TKDE2016__weighted_source_affine,exact,2014-06-20_001006,1.5801813729352503,18.61254438473494
CRH + WLS,CRH_TKDE2016__weighted_source_affine,exact,2014-06-20_001007,4.291908258551082,26.914878615346133
CRH + WLS,CRH_TKDE2016__weighted_source_affine,exact,2014-06-20_001008,1.0400835278922216,89.86522766884904
CRH + WLS,CRH_TKDE2016__weighted_source_affine,exact,2014-06-20_001015,0.6492215201182461,8.025002950094748
CRH + WLS,CRH_TKDE2016__weighted_source_affine,exact,2014-06-20_001017,2.3928349181160655,17.111375063520104
CRH + WLS,CRH_TKDE2016__weighted_source_affine,exact,2014-06-20_001018,1.2304375297792625,12.260335278033361
CRH + WLS,CRH_TKDE2016__weighted_source_affine,exact,2014-06-20_001022,3.765111446767655,72.9485405784455
CRH + WLS,CRH_TKDE2016__weighted_source_affine,exact,2014-06-20_001029,0.5437393729775515,16.701858847568815
CRH + WLS,CRH_TKDE2016__weighted_source_affine,exact,2014-06-21_001006,0.36950528242782354,17.189113799768784
CRH + WLS,CRH_TKDE2016__weighted_source_affine,exact,2014-06-21_001007,0.8121344659962375,17.926379998203885
CRH + WLS,CRH_TKDE2016__weighted_source_affine,exact,2014-06-21_001008,1.1278531807096641,11.320211536827617
CRH + WLS,CRH_TKDE2016__weighted_source_affine,exact,2014-06-21_001015,0.06819042768945849,4.349620334576402
CRH + WLS,CRH_TKDE2016__weighted_source_affine,exact,2014-06-21_001017,5.831587110681255,34.00740822946375
CRH + WLS,CRH_TKDE2016__weighted_source_affine,exact,2014-06-21_001022,1.9657028072635967,31.336388841607327
CRH + WLS,CRH_TKDE2016__weighted_source_affine,exact,2014-06-21_001029,1.1727325314436712,14.527332420271872
CRH + WLS,CRH_TKDE2016__weighted_source_affine,exact,2014-06-22_001006,0.46748481130735087,28.458149870721442
CRH + WLS,CRH_TKDE2016__weighted_source_affine,exact,2014-06-22_001007,0.6005673484991618,11.568962178573901
CRH + WLS,CRH_TKDE2016__weighted_source_affine,exact,2014-06-22_001008,1.0197175391165487,20.32981856016697
CRH + WLS,CRH_TKDE2016__weighted_source_affine,exact,2014-06-22_001015,0.6276172099890545,16.535483521934665
CRH + WLS,CRH_TKDE2016__weighted_source_affine,exact,2014-06-22_001017,0.5600274891900199,21.04308264005743
CRH + WLS,CRH_TKDE2016__weighted_source_affine,exact,2014-06-22_001018,0.9381097436998971,32.53161410761583
CRH + WLS,CRH_TKDE2016__weighted_source_affine,exact,2014-06-22_001022,0.3347702172147464,14.58394923160274
CRH + WLS,CRH_TKDE2016__weighted_source_affine,exact,2014-06-22_001029,0.5139718161997706,10.012736787413232
CRH + WLS,CRH_TKDE2016__weighted_source_affine,exact,2014-06-23_001006,0.27448123476988684,33.09952414215511
CRH + WLS,CRH_TKDE2016__weighted_source_affine,exact,2014-06-23_001007,2.285297169612214,5.354630070369051
CRH + WLS,CRH_TKDE2016__weighted_source_affine,exact,2014-06-23_001008,1.270158321746333,15.921866352148909
CRH + WLS,CRH_TKDE2016__weighted_source_affine,exact,2014-06-23_001015,1.2268930093932724,7.144293691282451
CRH + WLS,CRH_TKDE2016__weighted_source_affine,exact,2014-06-23_001017,0.42831037268274486,21.855612657736213
CRH + WLS,CRH_TKDE2016__weighted_source_affine,exact,2014-06-23_001018,2.1062455996047476,5.284959175088924
CRH + WLS,CRH_TKDE2016__weighted_source_affine,exact,2014-06-23_001022,1.520937868944218,3.8813196690278815
CRH + WLS,CRH_TKDE2016__weighted_source_affine,exact,2014-06-23_001029,1.4650410804535454,22.52625544176372
CRH + WLS,CRH_TKDE2016__weighted_source_affine,exact,2014-06-24_001006,0.9370025030094737,13.59803882193453
CRH + WLS,CRH_TKDE2016__weighted_source_affine,exact,2014-06-24_001007,1.7945154877215876,12.999030827070234
CRH + WLS,CRH_TKDE2016__weighted_source_affine,exact,2014-06-24_001008,0.368602593701425,17.322961354290538
CRH + WLS,CRH_TKDE2016__weighted_source_affine,exact,2014-06-24_001015,0.8293152523819529,33.62699860487921
CRH + WLS,CRH_TKDE2016__weighted_source_affine,exact,2014-06-24_001017,0.5276321409450659,7.27177568619354
CRH + WLS,CRH_TKDE2016__weighted_source_affine,exact,2014-06-24_001018,4.625370786060955,27.322777715580596
CRH + WLS,CRH_TKDE2016__weighted_source_affine,exact,2014-06-24_001022,0.5049853715842616,33.29474248412893
CRH + WLS,CRH_TKDE2016__weighted_source_affine,exact,2014-06-24_001029,1.4031185203705832,25.578432064953248
CRH + WLS,CRH_TKDE2016__weighted_source_affine,exact,2014-06-25_001006,1.8078098695433482,3.2681765244183376
CRH + WLS,CRH_TKDE2016__weighted_source_affine,exact,2014-06-25_001007,0.6419901696747985,5.65167885274583
CRH + WLS,CRH_TKDE2016__weighted_source_affine,exact,2014-06-25_001008,1.5399946179054496,19.519721559823118
CRH + WLS,CRH_TKDE2016__weighted_source_affine,exact,2014-06-25_001015,2.7451265443572908,59.467899828524544
CRH + WLS,CRH_TKDE2016__weighted_source_affine,exact,2014-06-25_001017,2.0749697947297108,6.660510911495406
CRH + WLS,CRH_TKDE2016__weighted_source_affine,exact,2014-06-25_001022,1.3035615047236035,6.4535417938313175
CRH + WLS,CRH_TKDE2016__weighted_source_affine,exact,2014-06-25_001029,2.1190147886184434,29.14456554025685
CRH + WLS,CRH_TKDE2016__weighted_source_affine,heterogeneous,2014-05-29_001006,1.152110012411228,97.00236005125524
CRH + WLS,CRH_TKDE2016__weighted_source_affine,heterogeneous,2014-05-29_001007,1.4831215156899589,38.10108081237229
CRH + WLS,CRH_TKDE2016__weighted_source_affine,heterogeneous,2014-05-29_001008,1.6030596988796475,41.83797954633732
CRH + WLS,CRH_TKDE2016__weighted_source_affine,heterogeneous,2014-05-29_001015,1.676930308117477,10.306501292207752
CRH + WLS,CRH_TKDE2016__weighted_source_affine,heterogeneous,2014-05-29_001017,1.8848483872748716,22.321722746266115
CRH + WLS,CRH_TKDE2016__weighted_source_affine,heterogeneous,2014-05-29_001018,0.1477359304484338,27.50646494171944
CRH + WLS,CRH_TKDE2016__weighted_source_affine,heterogeneous,2014-05-29_001022,4.5751434297683815,33.159240866777495
CRH + WLS,CRH_TKDE2016__weighted_source_affine,heterogeneous,2014-05-29_001029,5.196053806404905,84.15987957598027
CRH + WLS,CRH_TKDE2016__weighted_source_affine,heterogeneous,2014-05-30_001006,2.1403690949903904,16.637157877715964
CRH + WLS,CRH_TKDE2016__weighted_source_affine,heterogeneous,2014-05-30_001007,0.47499917393601265,17.87114268266484
CRH + WLS,CRH_TKDE2016__weighted_source_affine,heterogeneous,2014-05-30_001008,4.071126506750062,38.3611194811018
CRH + WLS,CRH_TKDE2016__weighted_source_affine,heterogeneous,2014-05-30_001015,0.4657359824775398,19.510465901151846
CRH + WLS,CRH_TKDE2016__weighted_source_affine,heterogeneous,2014-05-30_001017,3.4140798663423197,43.58569973547996
CRH + WLS,CRH_TKDE2016__weighted_source_affine,heterogeneous,2014-05-30_001018,2.4474595519945836,5.990058258649528
CRH + WLS,CRH_TKDE2016__weighted_source_affine,heterogeneous,2014-05-30_001022,4.060680237115605,32.06697572734168
CRH + WLS,CRH_TKDE2016__weighted_source_affine,heterogeneous,2014-05-30_001029,10.40001255257269,191.95019843839046
CRH + WLS,CRH_TKDE2016__weighted_source_affine,heterogeneous,2014-05-31_001006,3.6162641453620097,15.077979896648653
CRH + WLS,CRH_TKDE2016__weighted_source_affine,heterogeneous,2014-05-31_001007,1.3227662859712552,34.52690926555736
CRH + WLS,CRH_TKDE2016__weighted_source_affine,heterogeneous,2014-05-31_001008,2.2914287028456073,8.20597312666114
CRH + WLS,CRH_TKDE2016__weighted_source_affine,heterogeneous,2014-05-31_001015,3.521518503587515,17.952057758313412
CRH + WLS,CRH_TKDE2016__weighted_source_affine,heterogeneous,2014-05-31_001017,7.3479555637469645,92.1275381667271
CRH + WLS,CRH_TKDE2016__weighted_source_affine,heterogeneous,2014-05-31_001018,2.025824695458965,61.55881690878713
CRH + WLS,CRH_TKDE2016__weighted_source_affine,heterogeneous,2014-05-31_001022,1.9467113406627448,12.103870888268697
CRH + WLS,CRH_TKDE2016__weighted_source_affine,heterogeneous,2014-05-31_001029,1.0267376743203016,35.08591311172126
CRH + WLS,CRH_TKDE2016__weighted_source_affine,heterogeneous,2014-06-01_001006,0.38428283885705383,32.237838293028894
CRH + WLS,CRH_TKDE2016__weighted_source_affine,heterogeneous,2014-06-01_001007,3.961058304497044,18.950694288210016
CRH + WLS,CRH_TKDE2016__weighted_source_affine,heterogeneous,2014-06-01_001008,0.7765495036575771,11.091299248682297
CRH + WLS,CRH_TKDE2016__weighted_source_affine,heterogeneous,2014-06-01_001015,0.0698447361872212,0.0563415068696618
CRH + WLS,CRH_TKDE2016__weighted_source_affine,heterogeneous,2014-06-01_001017,1.4120508428284921,13.989007157896825
CRH + WLS,CRH_TKDE2016__weighted_source_affine,heterogeneous,2014-06-01_001018,0.989032157591506,13.759906674162474
CRH + WLS,CRH_TKDE2016__weighted_source_affine,heterogeneous,2014-06-01_001022,0.012724989094522243,2.6802571449033037
CRH + WLS,CRH_TKDE2016__weighted_source_affine,heterogeneous,2014-06-01_001029,2.479624278990677,10.994921419093027
CRH + WLS,CRH_TKDE2016__weighted_source_affine,heterogeneous,2014-06-02_001006,2.050394610599973,29.505508429203626
CRH + WLS,CRH_TKDE2016__weighted_source_affine,heterogeneous,2014-06-02_001007,1.7151252678967523,21.608908110288205
CRH + WLS,CRH_TKDE2016__weighted_source_affine,heterogeneous,2014-06-02_001008,1.9580450256520976,15.078774369721067
CRH + WLS,CRH_TKDE2016__weighted_source_affine,heterogeneous,2014-06-02_001015,1.5522932389328403,12.498878546144107
CRH + WLS,CRH_TKDE2016__weighted_source_affine,heterogeneous,2014-06-02_001017,0.20988331986444564,11.142267948014199
CRH + WLS,CRH_TKDE2016__weighted_source_affine,heterogeneous,2014-06-02_001018,1.8051035994932079,7.0855441952153875
CRH + WLS,CRH_TKDE2016__weighted_source_affine,heterogeneous,2014-06-02_001022,0.5239749755211989,12.802358741388314
CRH + WLS,CRH_TKDE2016__weighted_source_affine,heterogeneous,2014-06-02_001029,3.411905295093458,13.829220919546673
CRH + WLS,CRH_TKDE2016__weighted_source_affine,heterogeneous,2014-06-03_001006,0.4139019635250989,19.999630908652055
CRH + WLS,CRH_TKDE2016__weighted_source_affine,heterogeneous,2014-06-03_001007,1.0144895039583801,24.897950389561768
CRH + WLS,CRH_TKDE2016__weighted_source_affine,heterogeneous,2014-06-03_001008,0.887313269533216,8.379722770549346
CRH + WLS,CRH_TKDE2016__weighted_source_affine,heterogeneous,2014-06-03_001015,0.9757736339786689,5.8276083679011155
CRH + WLS,CRH_TKDE2016__weighted_source_affine,heterogeneous,2014-06-03_001017,1.3690498132552946,39.89673777420017
CRH + WLS,CRH_TKDE2016__weighted_source_affine,heterogeneous,2014-06-03_001018,4.505637396719244,28.593518427543625
CRH + WLS,CRH_TKDE2016__weighted_source_affine,heterogeneous,2014-06-03_001022,0.16311764361705627,23.748528116211695
CRH + WLS,CRH_TKDE2016__weighted_source_affine,heterogeneous,2014-06-03_001029,0.5343394408388065,14.658921017404243
CRH + WLS,CRH_TKDE2016__weighted_source_affine,heterogeneous,2014-06-04_001022,0.43505801413569856,8.133607520684741
CRH + WLS,CRH_TKDE2016__weighted_source_affine,heterogeneous,2014-06-05_001006,3.0,192.77686923184865
CRH + WLS,CRH_TKDE2016__weighted_source_affine,heterogeneous,2014-06-05_001007,1.3320077571725903,1.7742446651679544
CRH + WLS,CRH_TKDE2016__weighted_source_affine,heterogeneous,2014-06-05_001008,1.060141395763793,1.3193513734550726
CRH + WLS,CRH_TKDE2016__weighted_source_affine,heterogeneous,2014-06-05_001015,0.18287177644706532,12.701708343468308
CRH + WLS,CRH_TKDE2016__weighted_source_affine,heterogeneous,2014-06-05_001017,0.17307902996351743,26.13973709912114
CRH + WLS,CRH_TKDE2016__weighted_source_affine,heterogeneous,2014-06-05_001018,0.4120115003785969,19.21264644177051
CRH + WLS,CRH_TKDE2016__weighted_source_affine,heterogeneous,2014-06-05_001022,2.6285743286020704,6.909403000985825
CRH + WLS,CRH_TKDE2016__weighted_source_affine,heterogeneous,2014-06-05_001029,0.9548092965693371,11.795139399699487
CRH + WLS,CRH_TKDE2016__weighted_source_affine,heterogeneous,2014-06-06_001006,0.9489879955351057,6.556086560217763
CRH + WLS,CRH_TKDE2016__weighted_source_affine,heterogeneous,2014-06-06_001007,1.607300596404599,4.80006245928347
CRH + WLS,CRH_TKDE2016__weighted_source_affine,heterogeneous,2014-06-06_001008,0.7749086466080541,4.770061579799946
CRH + WLS,CRH_TKDE2016__weighted_source_affine,heterogeneous,2014-06-06_001015,2.6952992244602854,42.06909287110032
CRH + WLS,CRH_TKDE2016__weighted_source_affine,heterogeneous,2014-06-06_001017,1.2129677884177568,21.670039323812123
CRH + WLS,CRH_TKDE2016__weighted_source_affine,heterogeneous,2014-06-06_001018,3.314806935732321,21.623756788167423
CRH + WLS,CRH_TKDE2016__weighted_source_affine,heterogeneous,2014-06-06_001022,1.6755074028107373,22.262778647935196
CRH + WLS,CRH_TKDE2016__weighted_source_affine,heterogeneous,2014-06-06_001029,12.96217488182534,379.7020715441459
CRH + WLS,CRH_TKDE2016__weighted_source_affine,heterogeneous,2014-06-07_001006,0.4690464910600518,8.213823371486106
CRH + WLS,CRH_TKDE2016__weighted_source_affine,heterogeneous,2014-06-07_001007,1.130849538868551,15.999988010532064
CRH + WLS,CRH_TKDE2016__weighted_source_affine,heterogeneous,2014-06-07_001008,4.771721759809161,63.43623346490227
CRH + WLS,CRH_TKDE2016__weighted_source_affine,heterogeneous,2014-06-07_001015,1.102962160101658,4.443901928900501
CRH + WLS,CRH_TKDE2016__weighted_source_affine,heterogeneous,2014-06-07_001017,3.6158924047179575,13.074677882497014
CRH + WLS,CRH_TKDE2016__weighted_source_affine,heterogeneous,2014-06-07_001018,0.2112711745186644,26.120796694889588
CRH + WLS,CRH_TKDE2016__weighted_source_affine,heterogeneous,2014-06-07_001022,2.9294495938393865,21.184640829189995
CRH + WLS,CRH_TKDE2016__weighted_source_affine,heterogeneous,2014-06-07_001029,0.7415522579007563,1.0168554342201064
CRH + WLS,CRH_TKDE2016__weighted_source_affine,heterogeneous,2014-06-08_001006,0.4864364656348954,13.217368863377635
CRH + WLS,CRH_TKDE2016__weighted_source_affine,heterogeneous,2014-06-08_001007,0.0626590085748191,1.0852896735635171
CRH + WLS,CRH_TKDE2016__weighted_source_affine,heterogeneous,2014-06-08_001008,0.6581849581070074,18.560473945343016
CRH + WLS,CRH_TKDE2016__weighted_source_affine,heterogeneous,2014-06-08_001015,4.374036441788995,43.32145214529875
CRH + WLS,CRH_TKDE2016__weighted_source_affine,heterogeneous,2014-06-08_001017,1.4598523897078692,34.77590237957148
CRH + WLS,CRH_TKDE2016__weighted_source_affine,heterogeneous,2014-06-08_001018,2.3740677759753908,18.90692033340423
CRH + WLS,CRH_TKDE2016__weighted_source_affine,heterogeneous,2014-06-08_001022,3.4965327940252706,21.659519242973765
CRH + WLS,CRH_TKDE2016__weighted_source_affine,heterogeneous,2014-06-08_001029,1.9102623940888996,37.05741120031507
CRH + WLS,CRH_TKDE2016__weighted_source_affine,heterogeneous,2014-06-09_001006,4.038133221392499,37.87118961925967
CRH + WLS,CRH_TKDE2016__weighted_source_affine,heterogeneous,2014-06-09_001007,1.2068108903259755,35.03559690020171
CRH + WLS,CRH_TKDE2016__weighted_source_affine,heterogeneous,2014-06-09_001015,0.301831289548403,4.829657212446549
CRH + WLS,CRH_TKDE2016__weighted_source_affine,heterogeneous,2014-06-09_001017,2.9419950070070584,68.39212390282205
CRH + WLS,CRH_TKDE2016__weighted_source_affine,heterogeneous,2014-06-09_001018,2.07203589052844,14.446994493340727
CRH + WLS,CRH_TKDE2016__weighted_source_affine,heterogeneous,2014-06-09_001022,1.3554007797723102,11.133375175780271
CRH + WLS,CRH_TKDE2016__weighted_source_affine,heterogeneous,2014-06-09_001029,1.521562243939151,40.50997538252878
CRH + WLS,CRH_TKDE2016__weighted_source_affine,heterogeneous,2014-06-10_001006,0.7263749910572841,2.1108504433785185
CRH + WLS,CRH_TKDE2016__weighted_source_affine,heterogeneous,2014-06-10_001007,3.871735599440683,26.17535745815425
CRH + WLS,CRH_TKDE2016__weighted_source_affine,heterogeneous,2014-06-10_001008,0.8672118815736098,10.28381818645389
CRH + WLS,CRH_TKDE2016__weighted_source_affine,heterogeneous,2014-06-10_001015,1.6642233602547947,55.54680109032859
CRH + WLS,CRH_TKDE2016__weighted_source_affine,heterogeneous,2014-06-10_001017,1.57960636012551,18.835096488748544
CRH + WLS,CRH_TKDE2016__weighted_source_affine,heterogeneous,2014-06-10_001018,1.4366004970860047,40.93994610559088
CRH + WLS,CRH_TKDE2016__weighted_source_affine,heterogeneous,2014-06-10_001022,0.5236566241184448,7.212156695510858
CRH + WLS,CRH_TKDE2016__weighted_source_affine,heterogeneous,2014-06-10_001029,0.7125006310550361,123.27144271998355
CRH + WLS,CRH_TKDE2016__weighted_source_affine,heterogeneous,2014-06-11_001006,2.7046369753437585,7.3150611683966345
CRH + WLS,CRH_TKDE2016__weighted_source_affine,heterogeneous,2014-06-11_001007,0.7275847395236532,17.77712127412952
CRH + WLS,CRH_TKDE2016__weighted_source_affine,heterogeneous,2014-06-11_001008,2.542306741180081,13.956290499389084
CRH + WLS,CRH_TKDE2016__weighted_source_affine,heterogeneous,2014-06-11_001015,0.30503558859801316,1.7921929545509339
CRH + WLS,CRH_TKDE2016__weighted_source_affine,heterogeneous,2014-06-11_001017,1.885473108330178,3.555008842236263
CRH + WLS,CRH_TKDE2016__weighted_source_affine,heterogeneous,2014-06-11_001018,0.7235871960088787,52.192454399317036
CRH + WLS,CRH_TKDE2016__weighted_source_affine,heterogeneous,2014-06-11_001022,2.3998967466328978,35.53210500861367
CRH + WLS,CRH_TKDE2016__weighted_source_affine,heterogeneous,2014-06-11_001029,0.09218086123484959,33.008906165317896
CRH + WLS,CRH_TKDE2016__weighted_source_affine,heterogeneous,2014-06-12_001006,0.8289989867312713,0.6872393200014745
CRH + WLS,CRH_TKDE2016__weighted_source_affine,heterogeneous,2014-06-12_001007,0.34591378619943214,13.12226755868279
CRH + WLS,CRH_TKDE2016__weighted_source_affine,heterogeneous,2014-06-12_001008,1.764157864594182,8.128974594082843
CRH + WLS,CRH_TKDE2016__weighted_source_affine,heterogeneous,2014-06-12_001015,0.2620176462911168,21.594225663773823
CRH + WLS,CRH_TKDE2016__weighted_source_affine,heterogeneous,2014-06-12_001017,2.4497065044681676,36.73922366226861
CRH + WLS,CRH_TKDE2016__weighted_source_affine,heterogeneous,2014-06-12_001018,1.5812392591709958,3.3616682002829252
CRH + WLS,CRH_TKDE2016__weighted_source_affine,heterogeneous,2014-06-12_001022,2.3566450815609166,36.79922477643895
CRH + WLS,CRH_TKDE2016__weighted_source_affine,heterogeneous,2014-06-12_001029,0.9880908086998659,28.55045982030959
CRH + WLS,CRH_TKDE2016__weighted_source_affine,heterogeneous,2014-06-13_001006,2.859573053326997,19.742278782110283
CRH + WLS,CRH_TKDE2016__weighted_source_affine,heterogeneous,2014-06-13_001007,6.871657473041196,95.02349825533089
CRH + WLS,CRH_TKDE2016__weighted_source_affine,heterogeneous,2014-06-13_001008,5.14926284130852,117.93093355168809
CRH + WLS,CRH_TKDE2016__weighted_source_affine,heterogeneous,2014-06-13_001015,6.5590760246701905,115.78159751231499
CRH + WLS,CRH_TKDE2016__weighted_source_affine,heterogeneous,2014-06-13_001017,7.035090276676456,67.8063126728078
CRH + WLS,CRH_TKDE2016__weighted_source_affine,heterogeneous,2014-06-13_001018,4.9165575068790695,30.754946848265
CRH + WLS,CRH_TKDE2016__weighted_source_affine,heterogeneous,2014-06-13_001022,3.9819328065110327,50.12666221401701
CRH + WLS,CRH_TKDE2016__weighted_source_affine,heterogeneous,2014-06-13_001029,6.23449587812496,53.742277775634356
CRH + WLS,CRH_TKDE2016__weighted_source_affine,heterogeneous,2014-06-14_001006,2.16444419734016,16.64129706097244
CRH + WLS,CRH_TKDE2016__weighted_source_affine,heterogeneous,2014-06-14_001007,1.7452879407811395,6.070591341010004
CRH + WLS,CRH_TKDE2016__weighted_source_affine,heterogeneous,2014-06-14_001008,0.057160077366617656,25.804672957103076
CRH + WLS,CRH_TKDE2016__weighted_source_affine,heterogeneous,2014-06-14_001015,1.4029515780194828,10.728858770513058
CRH + WLS,CRH_TKDE2016__weighted_source_affine,heterogeneous,2014-06-14_001017,1.9135742774402047,9.469310198184258
CRH + WLS,CRH_TKDE2016__weighted_source_affine,heterogeneous,2014-06-14_001018,1.4515743539656398,3.474871891214165
CRH + WLS,CRH_TKDE2016__weighted_source_affine,heterogeneous,2014-06-14_001022,2.732434258634985,21.420497371884327
CRH + WLS,CRH_TKDE2016__weighted_source_affine,heterogeneous,2014-06-14_001029,1.0378358450740812,6.14642756686616
CRH + WLS,CRH_TKDE2016__weighted_source_affine,heterogeneous,2014-06-15_001006,6.314089390524032,56.98945223878261
CRH + WLS,CRH_TKDE2016__weighted_source_affine,heterogeneous,2014-06-15_001007,3.219672002330128,59.487860107977625
CRH + WLS,CRH_TKDE2016__weighted_source_affine,heterogeneous,2014-06-15_001008,8.34135549684143,96.20832368319954
CRH + WLS,CRH_TKDE2016__weighted_source_affine,heterogeneous,2014-06-15_001015,10.191047262378376,362.7586973631618
CRH + WLS,CRH_TKDE2016__weighted_source_affine,heterogeneous,2014-06-15_001017,4.527780541464665,24.0018423562184
CRH + WLS,CRH_TKDE2016__weighted_source_affine,heterogeneous,2014-06-15_001018,8.162893932982172,228.0910854164891
CRH + WLS,CRH_TKDE2016__weighted_source_affine,heterogeneous,2014-06-15_001022,6.522729819075067,45.0956952442744
CRH + WLS,CRH_TKDE2016__weighted_source_affine,heterogeneous,2014-06-15_001029,4.984058429920566,64.83303609133222
CRH + WLS,CRH_TKDE2016__weighted_source_affine,heterogeneous,2014-06-16_001006,1.734552279923605,15.281911092710674
CRH + WLS,CRH_TKDE2016__weighted_source_affine,heterogeneous,2014-06-16_001007,2.1655540629257928,7.917131506762722
CRH + WLS,CRH_TKDE2016__weighted_source_affine,heterogeneous,2014-06-16_001008,1.8448576794928613,3.403499857583785
CRH + WLS,CRH_TKDE2016__weighted_source_affine,heterogeneous,2014-06-16_001015,1.8162396175198694,19.479110591573836
CRH + WLS,CRH_TKDE2016__weighted_source_affine,heterogeneous,2014-06-16_001017,1.262656932973158,5.130680743258903
CRH + WLS,CRH_TKDE2016__weighted_source_affine,heterogeneous,2014-06-16_001018,3.1614009962339082,34.293600402104346
CRH + WLS,CRH_TKDE2016__weighted_source_affine,heterogeneous,2014-06-16_001022,0.26487702842058525,5.558748343942418
CRH + WLS,CRH_TKDE2016__weighted_source_affine,heterogeneous,2014-06-16_001029,1.7761714352890579,27.193632953286258
CRH + WLS,CRH_TKDE2016__weighted_source_affine,heterogeneous,2014-06-17_001006,0.6673234912966421,10.254276255403937
CRH + WLS,CRH_TKDE2016__weighted_source_affine,heterogeneous,2014-06-17_001007,0.37466035723855384,18.291572352552713
CRH + WLS,CRH_TKDE2016__weighted_source_affine,heterogeneous,2014-06-17_001008,3.6999925786050483,24.013331234546676
CRH + WLS,CRH_TKDE2016__weighted_source_affine,heterogeneous,2014-06-17_001015,0.6376610524861093,9.200384682612775
CRH + WLS,CRH_TKDE2016__weighted_source_affine,heterogeneous,2014-06-17_001017,1.6466020070797711,5.4331804808471755
CRH + WLS,CRH_TKDE2016__weighted_source_affine,heterogeneous,2014-06-17_001018,2.444939964914397,10.671629047277746
CRH + WLS,CRH_TKDE2016__weighted_source_affine,heterogeneous,2014-06-17_001022,1.1939839544017872,10.60396101358437
CRH + WLS,CRH_TKDE2016__weighted_source_affine,heterogeneous,2014-06-17_001029,3.0180232036337102,30.947909133263355
CRH + WLS,CRH_TKDE2016__weighted_source_affine,heterogeneous,2014-06-18_001006,2.0325048289244236,46.745235307746114
CRH + WLS,CRH_TKDE2016__weighted_source_affine,heterogeneous,2014-06-18_001007,0.6622772253174887,5.139876649795751
CRH + WLS,CRH_TKDE2016__weighted_source_affine,heterogeneous,2014-06-18_001008,3.9738142427007404,39.18035363871974
CRH + WLS,CRH_TKDE2016__weighted_source_affine,heterogeneous,2014-06-18_001015,2.5872270665713657,20.184759463202656
CRH + WLS,CRH_TKDE2016__weighted_source_affine,heterogeneous,2014-06-18_001017,1.429502473197374,26.363114064235265
CRH + WLS,CRH_TKDE2016__weighted_source_affine,heterogeneous,2014-06-18_001018,0.9606062363605403,24.51521185334396
CRH + WLS,CRH_TKDE2016__weighted_source_affine,heterogeneous,2014-06-18_001022,2.68057944488028,30.34115957485255
CRH + WLS,CRH_TKDE2016__weighted_source_affine,heterogeneous,2014-06-18_001029,1.928614307089937,19.167778802638065
CRH + WLS,CRH_TKDE2016__weighted_source_affine,heterogeneous,2014-06-19_001007,2.7888950743500516,49.44181133713068
CRH + WLS,CRH_TKDE2016__weighted_source_affine,heterogeneous,2014-06-19_001008,7.395929310648029,126.53824783551403
CRH + WLS,CRH_TKDE2016__weighted_source_affine,heterogeneous,2014-06-19_001015,1.5204526200454325,46.139498270284086
CRH + WLS,CRH_TKDE2016__weighted_source_affine,heterogeneous,2014-06-19_001017,1.3233216144590187,306.96566825780826
CRH + WLS,CRH_TKDE2016__weighted_source_affine,heterogeneous,2014-06-19_001018,6.7751523594068885,220.00828768561516
CRH + WLS,CRH_TKDE2016__weighted_source_affine,heterogeneous,2014-06-19_001022,3.0227285914736797,47.23997985382162
CRH + WLS,CRH_TKDE2016__weighted_source_affine,heterogeneous,2014-06-19_001029,8.609687595282416,561.8554522591884
CRH + WLS,CRH_TKDE2016__weighted_source_affine,heterogeneous,2014-06-20_001006,1.7176581992954567,14.604848883941726
CRH + WLS,CRH_TKDE2016__weighted_source_affine,heterogeneous,2014-06-20_001007,1.845822263911586,38.104730745176056
CRH + WLS,CRH_TKDE2016__weighted_source_affine,heterogeneous,2014-06-20_001008,1.4649227900723147,57.282022642356104
CRH + WLS,CRH_TKDE2016__weighted_source_affine,heterogeneous,2014-06-20_001015,1.7516147096380053,3.9651365937617147
CRH + WLS,CRH_TKDE2016__weighted_source_affine,heterogeneous,2014-06-20_001017,1.741483445400977,6.661548202861936
CRH + WLS,CRH_TKDE2016__weighted_source_affine,heterogeneous,2014-06-20_001018,2.153350344199822,25.058381336334058
CRH + WLS,CRH_TKDE2016__weighted_source_affine,heterogeneous,2014-06-20_001022,4.385884029070137,74.4893977799721
CRH + WLS,CRH_TKDE2016__weighted_source_affine,heterogeneous,2014-06-20_001029,3.9324073624252662,21.95982628661947
CRH + WLS,CRH_TKDE2016__weighted_source_affine,heterogeneous,2014-06-21_001006,3.466411282981497,47.64154123219781
CRH + WLS,CRH_TKDE2016__weighted_source_affine,heterogeneous,2014-06-21_001007,0.9128410807420266,0.954503157460901
CRH + WLS,CRH_TKDE2016__weighted_source_affine,heterogeneous,2014-06-21_001008,3.2980855609337425,11.1393838989541
CRH + WLS,CRH_TKDE2016__weighted_source_affine,heterogeneous,2014-06-21_001015,1.2561233050896732,12.62406868342335
CRH + WLS,CRH_TKDE2016__weighted_source_affine,heterogeneous,2014-06-21_001017,2.779178828207151,34.64888400471621
CRH + WLS,CRH_TKDE2016__weighted_source_affine,heterogeneous,2014-06-21_001022,0.47327398160278733,18.74960248209389
CRH + WLS,CRH_TKDE2016__weighted_source_affine,heterogeneous,2014-06-21_001029,1.9319638472386202,3.732484307037051
CRH + WLS,CRH_TKDE2016__weighted_source_affine,heterogeneous,2014-06-22_001006,0.8193610885185336,15.110681021042904
CRH + WLS,CRH_TKDE2016__weighted_source_affine,heterogeneous,2014-06-22_001007,0.07637307702418639,3.008997855511591
CRH + WLS,CRH_TKDE2016__weighted_source_affine,heterogeneous,2014-06-22_001008,2.7673071020776803,54.941467437483794
CRH + WLS,CRH_TKDE2016__weighted_source_affine,heterogeneous,2014-06-22_001015,2.95786088238539,15.45197997108444
CRH + WLS,CRH_TKDE2016__weighted_source_affine,heterogeneous,2014-06-22_001017,1.4720382390870625,20.458930385657894
CRH + WLS,CRH_TKDE2016__weighted_source_affine,heterogeneous,2014-06-22_001018,0.7289523616886839,8.612798333406674
CRH + WLS,CRH_TKDE2016__weighted_source_affine,heterogeneous,2014-06-22_001022,2.7087888054630795,43.08348639273667
CRH + WLS,CRH_TKDE2016__weighted_source_affine,heterogeneous,2014-06-22_001029,1.1850508574282301,3.2205725649395784
CRH + WLS,CRH_TKDE2016__weighted_source_affine,heterogeneous,2014-06-23_001006,1.0721643958217708,1.3483926335748475
CRH + WLS,CRH_TKDE2016__weighted_source_affine,heterogeneous,2014-06-23_001007,2.9104918139005793,27.903116822902707
CRH + WLS,CRH_TKDE2016__weighted_source_affine,heterogeneous,2014-06-23_001008,3.61552677549858,41.59728723173176
CRH + WLS,CRH_TKDE2016__weighted_source_affine,heterogeneous,2014-06-23_001015,1.8656622186198968,45.8969673429567
CRH + WLS,CRH_TKDE2016__weighted_source_affine,heterogeneous,2014-06-23_001017,0.35739415174189304,3.908799290523577
CRH + WLS,CRH_TKDE2016__weighted_source_affine,heterogeneous,2014-06-23_001018,1.5595196449179554,59.677315600638856
CRH + WLS,CRH_TKDE2016__weighted_source_affine,heterogeneous,2014-06-23_001022,2.232256567667598,4.982969383895125
CRH + WLS,CRH_TKDE2016__weighted_source_affine,heterogeneous,2014-06-23_001029,1.7380458465498343,7.688056033832296
CRH + WLS,CRH_TKDE2016__weighted_source_affine,heterogeneous,2014-06-24_001006,3.226874359706983,26.553750648551322
CRH + WLS,CRH_TKDE2016__weighted_source_affine,heterogeneous,2014-06-24_001007,0.09942056955191347,9.0
CRH + WLS,CRH_TKDE2016__weighted_source_affine,heterogeneous,2014-06-24_001008,0.07176643499325053,19.925691916410802
CRH + WLS,CRH_TKDE2016__weighted_source_affine,heterogeneous,2014-06-24_001015,1.8039443872766512,67.43285543495735
CRH + WLS,CRH_TKDE2016__weighted_source_affine,heterogeneous,2014-06-24_001017,0.09440593522666774,12.510332187302845
CRH + WLS,CRH_TKDE2016__weighted_source_affine,heterogeneous,2014-06-24_001018,5.914771864831977,56.99631841110308
CRH + WLS,CRH_TKDE2016__weighted_source_affine,heterogeneous,2014-06-24_001022,0.6984197814900313,26.73644002626919
CRH + WLS,CRH_TKDE2016__weighted_source_affine,heterogeneous,2014-06-24_001029,1.213461282692009,36.391704396007505
CRH + WLS,CRH_TKDE2016__weighted_source_affine,heterogeneous,2014-06-25_001006,2.7069002530407147,71.11319733700459
CRH + WLS,CRH_TKDE2016__weighted_source_affine,heterogeneous,2014-06-25_001007,0.6739620017359869,3.165013473291971
CRH + WLS,CRH_TKDE2016__weighted_source_affine,heterogeneous,2014-06-25_001008,0.17690205405369852,26.88457428869317
CRH + WLS,CRH_TKDE2016__weighted_source_affine,heterogeneous,2014-06-25_001015,5.992109876984443,43.432333041786855
CRH + WLS,CRH_TKDE2016__weighted_source_affine,heterogeneous,2014-06-25_001017,0.039357529662581214,4.136634225141911
CRH + WLS,CRH_TKDE2016__weighted_source_affine,heterogeneous,2014-06-25_001022,2.3761187696609056,6.765219174872877
CRH + WLS,CRH_TKDE2016__weighted_source_affine,heterogeneous,2014-06-25_001029,1.601266788913719,7.3743986776316754
EPTD + WLS,EPTD_TIFS2022__weighted_source_affine,exact,2014-05-29_001006,0.8800452305744955,118.74530758397256
EPTD + WLS,EPTD_TIFS2022__weighted_source_affine,exact,2014-05-29_001007,1.769584198896112,225.0038426287773
EPTD + WLS,EPTD_TIFS2022__weighted_source_affine,exact,2014-05-29_001008,4.431412746023462,67.98314209026994
EPTD + WLS,EPTD_TIFS2022__weighted_source_affine,exact,2014-05-29_001015,5.412550416330291,99.90451212364003
EPTD + WLS,EPTD_TIFS2022__weighted_source_affine,exact,2014-05-29_001017,0.8851801899485423,166.06141159919318
EPTD + WLS,EPTD_TIFS2022__weighted_source_affine,exact,2014-05-29_001018,1.3307399436639002,93.04043071770549
EPTD + WLS,EPTD_TIFS2022__weighted_source_affine,exact,2014-05-29_001022,4.711249295110683,110.20767757577211
EPTD + WLS,EPTD_TIFS2022__weighted_source_affine,exact,2014-05-29_001029,6.80802339536708,363.49624885673785
EPTD + WLS,EPTD_TIFS2022__weighted_source_affine,exact,2014-05-30_001006,2.229556928881806,90.6369515205795
EPTD + WLS,EPTD_TIFS2022__weighted_source_affine,exact,2014-05-30_001007,0.36030807300713263,89.45049974902534
EPTD + WLS,EPTD_TIFS2022__weighted_source_affine,exact,2014-05-30_001008,1.4115866969996915,110.13752512414592
EPTD + WLS,EPTD_TIFS2022__weighted_source_affine,exact,2014-05-30_001015,0.8813785649788741,106.45625426020027
EPTD + WLS,EPTD_TIFS2022__weighted_source_affine,exact,2014-05-30_001017,0.6907903699636364,97.01672839352683
EPTD + WLS,EPTD_TIFS2022__weighted_source_affine,exact,2014-05-30_001018,0.2629078745748643,104.6765452447086
EPTD + WLS,EPTD_TIFS2022__weighted_source_affine,exact,2014-05-30_001022,0.24305178302911656,92.60845691873628
EPTD + WLS,EPTD_TIFS2022__weighted_source_affine,exact,2014-05-30_001029,0.540681348700069,66.88518743507476
EPTD + WLS,EPTD_TIFS2022__weighted_source_affine,exact,2014-05-31_001006,0.7141716642681075,161.3531092450757
EPTD + WLS,EPTD_TIFS2022__weighted_source_affine,exact,2014-05-31_001007,2.6636025385104176,166.98976397562726
EPTD + WLS,EPTD_TIFS2022__weighted_source_affine,exact,2014-05-31_001008,2.034525926776368,171.33225606659724
EPTD + WLS,EPTD_TIFS2022__weighted_source_affine,exact,2014-05-31_001015,2.12627860017092,106.97832697560442
EPTD + WLS,EPTD_TIFS2022__weighted_source_affine,exact,2014-05-31_001017,2.053630938904007,115.04856654343446
EPTD + WLS,EPTD_TIFS2022__weighted_source_affine,exact,2014-05-31_001018,1.047571203820695,107.54786958141212
EPTD + WLS,EPTD_TIFS2022__weighted_source_affine,exact,2014-05-31_001022,2.317993507467804,171.58505126566396
EPTD + WLS,EPTD_TIFS2022__weighted_source_affine,exact,2014-05-31_001029,0.4444631113890267,160.83232516118082
EPTD + WLS,EPTD_TIFS2022__weighted_source_affine,exact,2014-06-01_001006,0.9626289803538661,233.17822622829857
EPTD + WLS,EPTD_TIFS2022__weighted_source_affine,exact,2014-06-01_001007,0.652526136452952,191.9385189285661
EPTD + WLS,EPTD_TIFS2022__weighted_source_affine,exact,2014-06-01_001008,1.3277804662848283,197.45732268382528
EPTD + WLS,EPTD_TIFS2022__weighted_source_affine,exact,2014-06-01_001015,0.9182565231398669,232.08225942711232
EPTD + WLS,EPTD_TIFS2022__weighted_source_affine,exact,2014-06-01_001017,0.19016975964222382,221.96028698729265
EPTD + WLS,EPTD_TIFS2022__weighted_source_affine,exact,2014-06-01_001018,1.0115288971023944,200.85281019665422
EPTD + WLS,EPTD_TIFS2022__weighted_source_affine,exact,2014-06-01_001022,0.07416932928929754,173.84732944894918
EPTD + WLS,EPTD_TIFS2022__weighted_source_affine,exact,2014-06-01_001029,2.037209962350861,298.87598504420794
EPTD + WLS,EPTD_TIFS2022__weighted_source_affine,exact,2014-06-02_001006,0.03232628208905908,152.98925674381388
EPTD + WLS,EPTD_TIFS2022__weighted_source_affine,exact,2014-06-02_001007,2.7280591786290884,175.61323694955945
EPTD + WLS,EPTD_TIFS2022__weighted_source_affine,exact,2014-06-02_001008,0.8325632033075117,167.48159740859418
EPTD + WLS,EPTD_TIFS2022__weighted_source_affine,exact,2014-06-02_001015,0.8727859275870742,143.6669125860679
EPTD + WLS,EPTD_TIFS2022__weighted_source_affine,exact,2014-06-02_001017,0.23126698917020505,117.28159866104714
EPTD + WLS,EPTD_TIFS2022__weighted_source_affine,exact,2014-06-02_001018,3.605488115236117,200.60236132231887
EPTD + WLS,EPTD_TIFS2022__weighted_source_affine,exact,2014-06-02_001022,0.7432985060004356,126.14876647539482
EPTD + WLS,EPTD_TIFS2022__weighted_source_affine,exact,2014-06-02_001029,0.7233878644368303,151.89661381443022
EPTD + WLS,EPTD_TIFS2022__weighted_source_affine,exact,2014-06-03_001006,2.883063806380463,254.35640270168122
EPTD + WLS,EPTD_TIFS2022__weighted_source_affine,exact,2014-06-03_001007,1.3579403479893166,261.18346003936915
EPTD + WLS,EPTD_TIFS2022__weighted_source_affine,exact,2014-06-03_001008,0.8002242183161634,182.92419206807824
EPTD + WLS,EPTD_TIFS2022__weighted_source_affine,exact,2014-06-03_001015,3.692158482801304,360.5201277276329
EPTD + WLS,EPTD_TIFS2022__weighted_source_affine,exact,2014-06-03_001017,0.9784328137914002,199.06905639918733
EPTD + WLS,EPTD_TIFS2022__weighted_source_affine,exact,2014-06-03_001018,0.07529485472893427,193.3084739224146
EPTD + WLS,EPTD_TIFS2022__weighted_source_affine,exact,2014-06-03_001022,0.802806375626588,247.99376450583213
EPTD + WLS,EPTD_TIFS2022__weighted_source_affine,exact,2014-06-03_001029,1.450043861923028,241.02185916169643
EPTD + WLS,EPTD_TIFS2022__weighted_source_affine,exact,2014-06-04_001022,0.8817608482010968,174.6967114922074
EPTD + WLS,EPTD_TIFS2022__weighted_source_affine,exact,2014-06-05_001006,0.03476491295359718,119.26747591267277
EPTD + WLS,EPTD_TIFS2022__weighted_source_affine,exact,2014-06-05_001007,0.028472610609114213,114.10513507829454
EPTD + WLS,EPTD_TIFS2022__weighted_source_affine,exact,2014-06-05_001008,0.20785648121946565,108.2115271250866
EPTD + WLS,EPTD_TIFS2022__weighted_source_affine,exact,2014-06-05_001015,2.918523622477551,169.38405180491668
EPTD + WLS,EPTD_TIFS2022__weighted_source_affine,exact,2014-06-05_001017,0.11585719103248948,135.146376474919
EPTD + WLS,EPTD_TIFS2022__weighted_source_affine,exact,2014-06-05_001018,0.3019967584690022,103.83668448542711
EPTD + WLS,EPTD_TIFS2022__weighted_source_affine,exact,2014-06-05_001022,3.364645293347607,70.47582818799576
EPTD + WLS,EPTD_TIFS2022__weighted_source_affine,exact,2014-06-05_001029,0.0434229580126555,120.69621116950077
EPTD + WLS,EPTD_TIFS2022__weighted_source_affine,exact,2014-06-06_001006,0.12553171392360696,119.00188389619488
EPTD + WLS,EPTD_TIFS2022__weighted_source_affine,exact,2014-06-06_001007,0.5110202927516667,101.55359128093576
EPTD + WLS,EPTD_TIFS2022__weighted_source_affine,exact,2014-06-06_001008,0.9192099920238235,49.60287262696058
EPTD + WLS,EPTD_TIFS2022__weighted_source_affine,exact,2014-06-06_001015,1.4535186527871957,120.95035111815695
EPTD + WLS,EPTD_TIFS2022__weighted_source_affine,exact,2014-06-06_001017,3.9527496697464812,44.76603804354296
EPTD + WLS,EPTD_TIFS2022__weighted_source_affine,exact,2014-06-06_001018,0.26943825551120426,102.14183851774979
EPTD + WLS,EPTD_TIFS2022__weighted_source_affine,exact,2014-06-06_001022,2.9351585611067748,48.49756440791787
EPTD + WLS,EPTD_TIFS2022__weighted_source_affine,exact,2014-06-06_001029,2.0142937223316792,105.03554459621535
EPTD + WLS,EPTD_TIFS2022__weighted_source_affine,exact,2014-06-07_001006,2.264639382326085,192.9931721650216
EPTD + WLS,EPTD_TIFS2022__weighted_source_affine,exact,2014-06-07_001007,0.17313671467222758,227.69367601919708
EPTD + WLS,EPTD_TIFS2022__weighted_source_affine,exact,2014-06-07_001008,0.5347444010106868,286.78639685393284
EPTD + WLS,EPTD_TIFS2022__weighted_source_affine,exact,2014-06-07_001015,1.9010709322239574,225.0978518513017
EPTD + WLS,EPTD_TIFS2022__weighted_source_affine,exact,2014-06-07_001017,0.09491861967291726,256.7732197792925
EPTD + WLS,EPTD_TIFS2022__weighted_source_affine,exact,2014-06-07_001018,0.41150770203588394,249.59177693335096
EPTD + WLS,EPTD_TIFS2022__weighted_source_affine,exact,2014-06-07_001022,0.9743954300167315,205.08399202389018
EPTD + WLS,EPTD_TIFS2022__weighted_source_affine,exact,2014-06-07_001029,0.6865727603812033,193.53316313566805
EPTD + WLS,EPTD_TIFS2022__weighted_source_affine,exact,2014-06-08_001006,0.5711810311650112,227.24799246831418
EPTD + WLS,EPTD_TIFS2022__weighted_source_affine,exact,2014-06-08_001007,0.8325656705830866,213.60502272724483
EPTD + WLS,EPTD_TIFS2022__weighted_source_affine,exact,2014-06-08_001008,1.5503439819702933,221.9633772972884
EPTD + WLS,EPTD_TIFS2022__weighted_source_affine,exact,2014-06-08_001015,3.799154243914593,158.18430341090024
EPTD + WLS,EPTD_TIFS2022__weighted_source_affine,exact,2014-06-08_001017,2.5864063694877544,297.20647882201524
EPTD + WLS,EPTD_TIFS2022__weighted_source_affine,exact,2014-06-08_001018,1.3959578746877384,208.6204264661031
EPTD + WLS,EPTD_TIFS2022__weighted_source_affine,exact,2014-06-08_001022,3.822724670688359,321.33798394928505
EPTD + WLS,EPTD_TIFS2022__weighted_source_affine,exact,2014-06-08_001029,1.0758123710558074,198.2940206524978
EPTD + WLS,EPTD_TIFS2022__weighted_source_affine,exact,2014-06-09_001006,0.43785070585191477,236.6553378787232
EPTD + WLS,EPTD_TIFS2022__weighted_source_affine,exact,2014-06-09_001007,1.4011420658062406,258.7519801750996
EPTD + WLS,EPTD_TIFS2022__weighted_source_affine,exact,2014-06-09_001015,1.256715678938967,250.1527361888391
EPTD + WLS,EPTD_TIFS2022__weighted_source_affine,exact,2014-06-09_001017,1.2720744614662536,135.94579678428025
EPTD + WLS,EPTD_TIFS2022__weighted_source_affine,exact,2014-06-09_001018,3.1443750066100336,206.51012512969757
EPTD + WLS,EPTD_TIFS2022__weighted_source_affine,exact,2014-06-09_001022,2.5308324543742913,284.0602528128732
EPTD + WLS,EPTD_TIFS2022__weighted_source_affine,exact,2014-06-09_001029,0.5452116238431657,205.61107474743
EPTD + WLS,EPTD_TIFS2022__weighted_source_affine,exact,2014-06-10_001006,1.0219579720448877,187.6463263877961
EPTD + WLS,EPTD_TIFS2022__weighted_source_affine,exact,2014-06-10_001007,2.213745257471615,212.554398096813
EPTD + WLS,EPTD_TIFS2022__weighted_source_affine,exact,2014-06-10_001008,1.8315531303166637,158.9221592849541
EPTD + WLS,EPTD_TIFS2022__weighted_source_affine,exact,2014-06-10_001015,0.5774816928089734,140.50470126327681
EPTD + WLS,EPTD_TIFS2022__weighted_source_affine,exact,2014-06-10_001017,0.15063056459038648,130.73813292306244
EPTD + WLS,EPTD_TIFS2022__weighted_source_affine,exact,2014-06-10_001018,0.011104885406794551,162.47387934909995
EPTD + WLS,EPTD_TIFS2022__weighted_source_affine,exact,2014-06-10_001022,0.5255032364130585,162.8083646828666
EPTD + WLS,EPTD_TIFS2022__weighted_source_affine,exact,2014-06-10_001029,4.2036880963910725,219.762456255929
EPTD + WLS,EPTD_TIFS2022__weighted_source_affine,exact,2014-06-11_001006,1.9538162612505516,218.63821120379663
EPTD + WLS,EPTD_TIFS2022__weighted_source_affine,exact,2014-06-11_001007,1.2623598055123821,185.08539762292057
EPTD + WLS,EPTD_TIFS2022__weighted_source_affine,exact,2014-06-11_001008,0.4610269308464048,301.7956723138204
EPTD + WLS,EPTD_TIFS2022__weighted_source_affine,exact,2014-06-11_001015,0.18432143954630575,294.6000754711295
EPTD + WLS,EPTD_TIFS2022__weighted_source_affine,exact,2014-06-11_001017,0.9250756868748944,176.19952582957475
EPTD + WLS,EPTD_TIFS2022__weighted_source_affine,exact,2014-06-11_001018,0.5997514280881013,279.6834443196907
EPTD + WLS,EPTD_TIFS2022__weighted_source_affine,exact,2014-06-11_001022,2.758282639136228,170.24237307341994
EPTD + WLS,EPTD_TIFS2022__weighted_source_affine,exact,2014-06-11_001029,0.15367615438485238,165.06585257144042
EPTD + WLS,EPTD_TIFS2022__weighted_source_affine,exact,2014-06-12_001006,1.9429421089852674,246.21072002806528
EPTD + WLS,EPTD_TIFS2022__weighted_source_affine,exact,2014-06-12_001007,0.4960651228028681,248.9624168891394
EPTD + WLS,EPTD_TIFS2022__weighted_source_affine,exact,2014-06-12_001008,0.2402519962538605,232.97597334945306
EPTD + WLS,EPTD_TIFS2022__weighted_source_affine,exact,2014-06-12_001015,1.5070628528625143,201.2561808254366
EPTD + WLS,EPTD_TIFS2022__weighted_source_affine,exact,2014-06-12_001017,0.3964336679572469,188.64426048817703
EPTD + WLS,EPTD_TIFS2022__weighted_source_affine,exact,2014-06-12_001018,1.543139087310223,157.49683221891522
EPTD + WLS,EPTD_TIFS2022__weighted_source_affine,exact,2014-06-12_001022,2.1153725561015193,160.77953780745082
EPTD + WLS,EPTD_TIFS2022__weighted_source_affine,exact,2014-06-12_001029,0.054949839776163856,221.64433189267393
EPTD + WLS,EPTD_TIFS2022__weighted_source_affine,exact,2014-06-13_001006,0.2036814372674911,186.7856154910656
EPTD + WLS,EPTD_TIFS2022__weighted_source_affine,exact,2014-06-13_001007,2.0623777846901064,150.89504252869327
EPTD + WLS,EPTD_TIFS2022__weighted_source_affine,exact,2014-06-13_001008,1.5451969665907015,133.60741115142986
EPTD + WLS,EPTD_TIFS2022__weighted_source_affine,exact,2014-06-13_001015,8.10461212887984,124.63645023009391
EPTD + WLS,EPTD_TIFS2022__weighted_source_affine,exact,2014-06-13_001017,8.95958664796947,128.87245718919942
EPTD + WLS,EPTD_TIFS2022__weighted_source_affine,exact,2014-06-13_001018,3.4955405588231656,334.26722867279335
EPTD + WLS,EPTD_TIFS2022__weighted_source_affine,exact,2014-06-13_001022,5.928625854322995,303.3346795912598
EPTD + WLS,EPTD_TIFS2022__weighted_source_affine,exact,2014-06-13_001029,0.09167854651677487,156.08597835281225
EPTD + WLS,EPTD_TIFS2022__weighted_source_affine,exact,2014-06-14_001006,1.3952825129124662,233.46585526437386
EPTD + WLS,EPTD_TIFS2022__weighted_source_affine,exact,2014-06-14_001007,1.3120308431049352,182.00359665942997
EPTD + WLS,EPTD_TIFS2022__weighted_source_affine,exact,2014-06-14_001008,0.675671551933064,214.30584128939387
EPTD + WLS,EPTD_TIFS2022__weighted_source_affine,exact,2014-06-14_001015,0.6063520883743081,238.5428116015903
EPTD + WLS,EPTD_TIFS2022__weighted_source_affine,exact,2014-06-14_001017,2.416146277376086,139.69854110347794
EPTD + WLS,EPTD_TIFS2022__weighted_source_affine,exact,2014-06-14_001018,0.5388373709063572,233.39093713812363
EPTD + WLS,EPTD_TIFS2022__weighted_source_affine,exact,2014-06-14_001022,1.7409523971889023,173.7241717021263
EPTD + WLS,EPTD_TIFS2022__weighted_source_affine,exact,2014-06-14_001029,0.13527476396884452,243.8498138721457
EPTD + WLS,EPTD_TIFS2022__weighted_source_affine,exact,2014-06-15_001006,1.6629462633306957,96.92384014155303
EPTD + WLS,EPTD_TIFS2022__weighted_source_affine,exact,2014-06-15_001007,0.6232737841128824,110.78301577010285
EPTD + WLS,EPTD_TIFS2022__weighted_source_affine,exact,2014-06-15_001008,0.4899015975240104,96.33516225931048
EPTD + WLS,EPTD_TIFS2022__weighted_source_affine,exact,2014-06-15_001015,2.002491601264154,140.34704565658149
EPTD + WLS,EPTD_TIFS2022__weighted_source_affine,exact,2014-06-15_001017,1.6111758651042436,50.58924850649827
EPTD + WLS,EPTD_TIFS2022__weighted_source_affine,exact,2014-06-15_001018,0.32603606822812026,102.65472585855245
EPTD + WLS,EPTD_TIFS2022__weighted_source_affine,exact,2014-06-15_001022,2.475719321169592,130.94902648273586
EPTD + WLS,EPTD_TIFS2022__weighted_source_affine,exact,2014-06-15_001029,0.06375223090999782,85.02721706492653
EPTD + WLS,EPTD_TIFS2022__weighted_source_affine,exact,2014-06-16_001006,1.9969147445993372,137.26455872214783
EPTD + WLS,EPTD_TIFS2022__weighted_source_affine,exact,2014-06-16_001007,1.137421260074916,85.5039857274668
EPTD + WLS,EPTD_TIFS2022__weighted_source_affine,exact,2014-06-16_001008,2.1368259948457933,80.09363378297574
EPTD + WLS,EPTD_TIFS2022__weighted_source_affine,exact,2014-06-16_001015,1.7320297039245531,63.06730300627116
EPTD + WLS,EPTD_TIFS2022__weighted_source_affine,exact,2014-06-16_001017,2.0128495032632543,74.05459267537141
EPTD + WLS,EPTD_TIFS2022__weighted_source_affine,exact,2014-06-16_001018,0.7891539634759965,56.6741966862347
EPTD + WLS,EPTD_TIFS2022__weighted_source_affine,exact,2014-06-16_001022,1.6176073919679652,72.9405577710221
EPTD + WLS,EPTD_TIFS2022__weighted_source_affine,exact,2014-06-16_001029,4.642361317710055,59.17541345509442
EPTD + WLS,EPTD_TIFS2022__weighted_source_affine,exact,2014-06-17_001006,1.3909820083002415,71.83852590144609
EPTD + WLS,EPTD_TIFS2022__weighted_source_affine,exact,2014-06-17_001007,1.4464090247258383,83.17747304780731
EPTD + WLS,EPTD_TIFS2022__weighted_source_affine,exact,2014-06-17_001008,0.37011221043424314,149.64434623660776
EPTD + WLS,EPTD_TIFS2022__weighted_source_affine,exact,2014-06-17_001015,0.08715352267000753,85.40765214568916
EPTD + WLS,EPTD_TIFS2022__weighted_source_affine,exact,2014-06-17_001017,0.6717598106851597,159.29870535979896
EPTD + WLS,EPTD_TIFS2022__weighted_source_affine,exact,2014-06-17_001018,1.5501825188286062,116.30363158787601
EPTD + WLS,EPTD_TIFS2022__weighted_source_affine,exact,2014-06-17_001022,0.5881876933080576,135.7171006855207
EPTD + WLS,EPTD_TIFS2022__weighted_source_affine,exact,2014-06-17_001029,0.35394752066540747,94.8406321607525
EPTD + WLS,EPTD_TIFS2022__weighted_source_affine,exact,2014-06-18_001006,2.6584880013068926,288.31084145418214
EPTD + WLS,EPTD_TIFS2022__weighted_source_affine,exact,2014-06-18_001007,3.000391078675129,232.18198321351485
EPTD + WLS,EPTD_TIFS2022__weighted_source_affine,exact,2014-06-18_001008,4.999295566587982,271.4055765966285
EPTD + WLS,EPTD_TIFS2022__weighted_source_affine,exact,2014-06-18_001015,6.737900199546701,151.9048511452126
EPTD + WLS,EPTD_TIFS2022__weighted_source_affine,exact,2014-06-18_001017,0.252160415670005,130.37197076359288
EPTD + WLS,EPTD_TIFS2022__weighted_source_affine,exact,2014-06-18_001018,1.4971839283852404,202.19301878204146
EPTD + WLS,EPTD_TIFS2022__weighted_source_affine,exact,2014-06-18_001022,2.6156759864715866,89.62940149592977
EPTD + WLS,EPTD_TIFS2022__weighted_source_affine,exact,2014-06-18_001029,1.1159821438128859,231.13618028989674
EPTD + WLS,EPTD_TIFS2022__weighted_source_affine,exact,2014-06-19_001007,3.7200849062178634,118.64685690612541
EPTD + WLS,EPTD_TIFS2022__weighted_source_affine,exact,2014-06-19_001008,1.2142731401523292,43.84101179274644
EPTD + WLS,EPTD_TIFS2022__weighted_source_affine,exact,2014-06-19_001015,0.09589914676851663,49.12023205319028
EPTD + WLS,EPTD_TIFS2022__weighted_source_affine,exact,2014-06-19_001017,1.2635140094447763,63.226916534887515
EPTD + WLS,EPTD_TIFS2022__weighted_source_affine,exact,2014-06-19_001018,0.3801324797941561,66.14467108970177
EPTD + WLS,EPTD_TIFS2022__weighted_source_affine,exact,2014-06-19_001022,0.18080137464008317,40.635575516831004
EPTD + WLS,EPTD_TIFS2022__weighted_source_affine,exact,2014-06-19_001029,2.4861054566452907,172.3327420702149
EPTD + WLS,EPTD_TIFS2022__weighted_source_affine,exact,2014-06-20_001006,1.6410664125322327,208.4640648421503
EPTD + WLS,EPTD_TIFS2022__weighted_source_affine,exact,2014-06-20_001007,4.288584766033743,144.2479372807988
EPTD + WLS,EPTD_TIFS2022__weighted_source_affine,exact,2014-06-20_001008,1.0572905747791879,223.34962089339555
EPTD + WLS,EPTD_TIFS2022__weighted_source_affine,exact,2014-06-20_001015,0.780958463976269,208.15356156246412
EPTD + WLS,EPTD_TIFS2022__weighted_source_affine,exact,2014-06-20_001017,2.5504205493600125,271.8676148376895
EPTD + WLS,EPTD_TIFS2022__weighted_source_affine,exact,2014-06-20_001018,0.6912207419681913,233.03027996934884
EPTD + WLS,EPTD_TIFS2022__weighted_source_affine,exact,2014-06-20_001022,3.488356949809523,245.92285714986042
EPTD + WLS,EPTD_TIFS2022__weighted_source_affine,exact,2014-06-20_001029,0.30848472818561845,148.62698424469815
EPTD + WLS,EPTD_TIFS2022__weighted_source_affine,exact,2014-06-21_001006,0.6407259706458461,119.45527871181157
EPTD + WLS,EPTD_TIFS2022__weighted_source_affine,exact,2014-06-21_001007,0.37968948272418857,148.8039319629612
EPTD + WLS,EPTD_TIFS2022__weighted_source_affine,exact,2014-06-21_001008,1.1258191515868674,153.18082592362867
EPTD + WLS,EPTD_TIFS2022__weighted_source_affine,exact,2014-06-21_001015,0.18387332352287444,165.740422134486
EPTD + WLS,EPTD_TIFS2022__weighted_source_affine,exact,2014-06-21_001017,5.756669242580145,268.1678977536507
EPTD + WLS,EPTD_TIFS2022__weighted_source_affine,exact,2014-06-21_001022,3.2244667981346353,299.5592053886842
EPTD + WLS,EPTD_TIFS2022__weighted_source_affine,exact,2014-06-21_001029,1.7700326621533264,117.36673661450305
EPTD + WLS,EPTD_TIFS2022__weighted_source_affine,exact,2014-06-22_001006,0.38389907776468846,240.75534284570463
EPTD + WLS,EPTD_TIFS2022__weighted_source_affine,exact,2014-06-22_001007,0.2371569518073784,177.11419306632925
EPTD + WLS,EPTD_TIFS2022__weighted_source_affine,exact,2014-06-22_001008,0.1076241833938738,191.81279818700858
EPTD + WLS,EPTD_TIFS2022__weighted_source_affine,exact,2014-06-22_001015,1.847664706769251,227.33555364028095
EPTD + WLS,EPTD_TIFS2022__weighted_source_affine,exact,2014-06-22_001017,0.04560012810360803,234.23627389415432
EPTD + WLS,EPTD_TIFS2022__weighted_source_affine,exact,2014-06-22_001018,0.9679543810168951,257.03442055549607
EPTD + WLS,EPTD_TIFS2022__weighted_source_affine,exact,2014-06-22_001022,0.3967942598352323,197.91001153357652
EPTD + WLS,EPTD_TIFS2022__weighted_source_affine,exact,2014-06-22_001029,0.3018574944125092,230.21113939954338
EPTD + WLS,EPTD_TIFS2022__weighted_source_affine,exact,2014-06-23_001006,0.43289629404696406,245.00753579245057
EPTD + WLS,EPTD_TIFS2022__weighted_source_affine,exact,2014-06-23_001007,2.02179397984918,211.24734386974347
EPTD + WLS,EPTD_TIFS2022__weighted_source_affine,exact,2014-06-23_001008,1.4807324424704902,211.01152755375537
EPTD + WLS,EPTD_TIFS2022__weighted_source_affine,exact,2014-06-23_001015,0.7504112845102693,206.86465247651387
EPTD + WLS,EPTD_TIFS2022__weighted_source_affine,exact,2014-06-23_001017,0.37413156591329866,279.1999028336113
EPTD + WLS,EPTD_TIFS2022__weighted_source_affine,exact,2014-06-23_001018,1.4817855416694528,189.32521519252506
EPTD + WLS,EPTD_TIFS2022__weighted_source_affine,exact,2014-06-23_001022,1.5250353891480337,181.2312985702435
EPTD + WLS,EPTD_TIFS2022__weighted_source_affine,exact,2014-06-23_001029,1.0645950117010905,265.40448247243324
EPTD + WLS,EPTD_TIFS2022__weighted_source_affine,exact,2014-06-24_001006,1.059307875687118,193.061113440332
EPTD + WLS,EPTD_TIFS2022__weighted_source_affine,exact,2014-06-24_001007,0.7357581860434945,319.7739488296269
EPTD + WLS,EPTD_TIFS2022__weighted_source_affine,exact,2014-06-24_001008,1.2179189981251355,241.66804276746015
EPTD + WLS,EPTD_TIFS2022__weighted_source_affine,exact,2014-06-24_001015,1.0835638689700104,125.91672017370134
EPTD + WLS,EPTD_TIFS2022__weighted_source_affine,exact,2014-06-24_001017,0.1297734916640465,184.46317664056218
EPTD + WLS,EPTD_TIFS2022__weighted_source_affine,exact,2014-06-24_001018,4.762187781851807,279.5233145789498
EPTD + WLS,EPTD_TIFS2022__weighted_source_affine,exact,2014-06-24_001022,0.6276442624879977,211.2344842791276
EPTD + WLS,EPTD_TIFS2022__weighted_source_affine,exact,2014-06-24_001029,1.4095669122350358,261.917767065671
EPTD + WLS,EPTD_TIFS2022__weighted_source_affine,exact,2014-06-25_001006,1.7002131244610723,115.0493121272262
EPTD + WLS,EPTD_TIFS2022__weighted_source_affine,exact,2014-06-25_001007,0.6307813066057406,165.07280927370007
EPTD + WLS,EPTD_TIFS2022__weighted_source_affine,exact,2014-06-25_001008,1.5199793154119448,115.26410568641886
EPTD + WLS,EPTD_TIFS2022__weighted_source_affine,exact,2014-06-25_001015,3.3817700903602486,73.85458658510358
EPTD + WLS,EPTD_TIFS2022__weighted_source_affine,exact,2014-06-25_001017,2.23185965248841,154.7805159477509
EPTD + WLS,EPTD_TIFS2022__weighted_source_affine,exact,2014-06-25_001022,0.5904084621606955,160.8360352530341
EPTD + WLS,EPTD_TIFS2022__weighted_source_affine,exact,2014-06-25_001029,2.04566344017897,206.7331361122969
EPTD + WLS,EPTD_TIFS2022__weighted_source_affine,heterogeneous,2014-05-29_001006,1.4682721090237578,146.1172850744163
EPTD + WLS,EPTD_TIFS2022__weighted_source_affine,heterogeneous,2014-05-29_001007,0.04113731020213862,232.96642781804204
EPTD + WLS,EPTD_TIFS2022__weighted_source_affine,heterogeneous,2014-05-29_001008,1.4790154311663812,133.54984214862287
EPTD + WLS,EPTD_TIFS2022__weighted_source_affine,heterogeneous,2014-05-29_001015,1.6862900839921622,186.47311038880395
EPTD + WLS,EPTD_TIFS2022__weighted_source_affine,heterogeneous,2014-05-29_001017,1.276547624653361,144.9380451281886
EPTD + WLS,EPTD_TIFS2022__weighted_source_affine,heterogeneous,2014-05-29_001018,0.2834678369482617,192.67587927402622
EPTD + WLS,EPTD_TIFS2022__weighted_source_affine,heterogeneous,2014-05-29_001022,4.228132619442178,123.43661257239096
EPTD + WLS,EPTD_TIFS2022__weighted_source_affine,heterogeneous,2014-05-29_001029,5.562734776192308,353.6755624672125
EPTD + WLS,EPTD_TIFS2022__weighted_source_affine,heterogeneous,2014-05-30_001006,2.1183783316481453,254.06815128952252
EPTD + WLS,EPTD_TIFS2022__weighted_source_affine,heterogeneous,2014-05-30_001007,0.69989840404034,135.06530151173413
EPTD + WLS,EPTD_TIFS2022__weighted_source_affine,heterogeneous,2014-05-30_001008,4.166537569513352,69.68157925336197
EPTD + WLS,EPTD_TIFS2022__weighted_source_affine,heterogeneous,2014-05-30_001015,0.7160108630269377,160.1861546809502
EPTD + WLS,EPTD_TIFS2022__weighted_source_affine,heterogeneous,2014-05-30_001017,3.5570187180840804,73.82253882843668
EPTD + WLS,EPTD_TIFS2022__weighted_source_affine,heterogeneous,2014-05-30_001018,2.1781630947298964,117.38251788250629
EPTD + WLS,EPTD_TIFS2022__weighted_source_affine,heterogeneous,2014-05-30_001022,3.6514045237037465,99.40239102850134
EPTD + WLS,EPTD_TIFS2022__weighted_source_affine,heterogeneous,2014-05-30_001029,9.293026631764384,170.56893426276423
EPTD + WLS,EPTD_TIFS2022__weighted_source_affine,heterogeneous,2014-05-31_001006,3.329035054452433,109.36748090579074
EPTD + WLS,EPTD_TIFS2022__weighted_source_affine,heterogeneous,2014-05-31_001007,0.6995946377940925,105.06111033688634
EPTD + WLS,EPTD_TIFS2022__weighted_source_affine,heterogeneous,2014-05-31_001008,2.0673097351566554,129.50848456990042
EPTD + WLS,EPTD_TIFS2022__weighted_source_affine,heterogeneous,2014-05-31_001015,3.5734038227648455,84.21419114206442
EPTD + WLS,EPTD_TIFS2022__weighted_source_affine,heterogeneous,2014-05-31_001017,7.470588166787735,85.2436014517409
EPTD + WLS,EPTD_TIFS2022__weighted_source_affine,heterogeneous,2014-05-31_001018,2.5271519276686263,83.01702545961928
EPTD + WLS,EPTD_TIFS2022__weighted_source_affine,heterogeneous,2014-05-31_001022,1.7631646352801624,141.5275222494717
EPTD + WLS,EPTD_TIFS2022__weighted_source_affine,heterogeneous,2014-05-31_001029,1.8816014003445076,126.58333573637968
EPTD + WLS,EPTD_TIFS2022__weighted_source_affine,heterogeneous,2014-06-01_001006,0.6651027923342419,267.40391873828173
EPTD + WLS,EPTD_TIFS2022__weighted_source_affine,heterogeneous,2014-06-01_001007,3.7267230205207724,120.29735582940721
EPTD + WLS,EPTD_TIFS2022__weighted_source_affine,heterogeneous,2014-06-01_001008,0.3599416491848402,216.62488832370232
EPTD + WLS,EPTD_TIFS2022__weighted_source_affine,heterogeneous,2014-06-01_001015,0.0030994430206092716,215.14405873522946
EPTD + WLS,EPTD_TIFS2022__weighted_source_affine,heterogeneous,2014-06-01_001017,1.5942996770005635,284.3887267817976
EPTD + WLS,EPTD_TIFS2022__weighted_source_affine,heterogeneous,2014-06-01_001018,0.5602109242968112,223.05593282462934
EPTD + WLS,EPTD_TIFS2022__weighted_source_affine,heterogeneous,2014-06-01_001022,0.1269138633113691,180.2807418604922
EPTD + WLS,EPTD_TIFS2022__weighted_source_affine,heterogeneous,2014-06-01_001029,2.434060937042048,251.47897079132255
EPTD + WLS,EPTD_TIFS2022__weighted_source_affine,heterogeneous,2014-06-02_001006,2.312059093639892,240.4497668397378
EPTD + WLS,EPTD_TIFS2022__weighted_source_affine,heterogeneous,2014-06-02_001007,1.3415955331400014,257.87360555195545
EPTD + WLS,EPTD_TIFS2022__weighted_source_affine,heterogeneous,2014-06-02_001008,0.82703295899422,253.84129640811676
EPTD + WLS,EPTD_TIFS2022__weighted_source_affine,heterogeneous,2014-06-02_001015,1.3222962971373882,226.21449547135538
EPTD + WLS,EPTD_TIFS2022__weighted_source_affine,heterogeneous,2014-06-02_001017,0.009403264952052126,217.27069707791597
EPTD + WLS,EPTD_TIFS2022__weighted_source_affine,heterogeneous,2014-06-02_001018,1.6941389827783482,304.36513005114654
EPTD + WLS,EPTD_TIFS2022__weighted_source_affine,heterogeneous,2014-06-02_001022,0.31525867327804846,235.78782682539514
EPTD + WLS,EPTD_TIFS2022__weighted_source_affine,heterogeneous,2014-06-02_001029,2.655350845309888,144.84892075100421
EPTD + WLS,EPTD_TIFS2022__weighted_source_affine,heterogeneous,2014-06-03_001006,0.549967104845912,184.99178967622856
EPTD + WLS,EPTD_TIFS2022__weighted_source_affine,heterogeneous,2014-06-03_001007,1.510329761376962,181.6436318681329
EPTD + WLS,EPTD_TIFS2022__weighted_source_affine,heterogeneous,2014-06-03_001008,0.8485910538661976,247.2638209508148
EPTD + WLS,EPTD_TIFS2022__weighted_source_affine,heterogeneous,2014-06-03_001015,1.051562212814396,257.8633507549879
EPTD + WLS,EPTD_TIFS2022__weighted_source_affine,heterogeneous,2014-06-03_001017,0.39598096934831517,173.37611578140897
EPTD + WLS,EPTD_TIFS2022__weighted_source_affine,heterogeneous,2014-06-03_001018,4.510414108816516,140.3632425005104
EPTD + WLS,EPTD_TIFS2022__weighted_source_affine,heterogeneous,2014-06-03_001022,1.9850950942175345,170.58972730956103
EPTD + WLS,EPTD_TIFS2022__weighted_source_affine,heterogeneous,2014-06-03_001029,0.0673720793943886,206.33327472849885
EPTD + WLS,EPTD_TIFS2022__weighted_source_affine,heterogeneous,2014-06-04_001022,0.6097416847613815,214.99882862734097
EPTD + WLS,EPTD_TIFS2022__weighted_source_affine,heterogeneous,2014-06-05_001006,2.8545578399495444,297.8346846767182
EPTD + WLS,EPTD_TIFS2022__weighted_source_affine,heterogeneous,2014-06-05_001007,0.8045000388832477,154.56438869809213
EPTD + WLS,EPTD_TIFS2022__weighted_source_affine,heterogeneous,2014-06-05_001008,0.45757288510718297,179.8553552274441
EPTD + WLS,EPTD_TIFS2022__weighted_source_affine,heterogeneous,2014-06-05_001015,0.28355154889192136,209.4119944038001
EPTD + WLS,EPTD_TIFS2022__weighted_source_affine,heterogeneous,2014-06-05_001017,0.3180908260187181,135.19239812986197
EPTD + WLS,EPTD_TIFS2022__weighted_source_affine,heterogeneous,2014-06-05_001018,0.026526538891047835,152.99415479700778
EPTD + WLS,EPTD_TIFS2022__weighted_source_affine,heterogeneous,2014-06-05_001022,1.9105906996455317,132.7335833580639
EPTD + WLS,EPTD_TIFS2022__weighted_source_affine,heterogeneous,2014-06-05_001029,1.0591115413307222,176.3802179352469
EPTD + WLS,EPTD_TIFS2022__weighted_source_affine,heterogeneous,2014-06-06_001006,1.2999320130288652,199.45565241877404
EPTD + WLS,EPTD_TIFS2022__weighted_source_affine,heterogeneous,2014-06-06_001007,1.4325980193578687,125.07956352281793
EPTD + WLS,EPTD_TIFS2022__weighted_source_affine,heterogeneous,2014-06-06_001008,0.7565257914947949,112.41183537575775
EPTD + WLS,EPTD_TIFS2022__weighted_source_affine,heterogeneous,2014-06-06_001015,3.142582419105466,235.6210459146147
EPTD + WLS,EPTD_TIFS2022__weighted_source_affine,heterogeneous,2014-06-06_001017,1.1194243256966558,122.24187010513977
EPTD + WLS,EPTD_TIFS2022__weighted_source_affine,heterogeneous,2014-06-06_001018,3.5800678953442286,90.15177208858569
EPTD + WLS,EPTD_TIFS2022__weighted_source_affine,heterogeneous,2014-06-06_001022,1.9539881457200607,117.37960217471242
EPTD + WLS,EPTD_TIFS2022__weighted_source_affine,heterogeneous,2014-06-06_001029,11.67055477974556,255.91325631016508
EPTD + WLS,EPTD_TIFS2022__weighted_source_affine,heterogeneous,2014-06-07_001006,1.1407764909971956,218.30139944778793
EPTD + WLS,EPTD_TIFS2022__weighted_source_affine,heterogeneous,2014-06-07_001007,1.3004376777767277,247.74738874138262
EPTD + WLS,EPTD_TIFS2022__weighted_source_affine,heterogeneous,2014-06-07_001008,4.685115603009329,369.2568617001308
EPTD + WLS,EPTD_TIFS2022__weighted_source_affine,heterogeneous,2014-06-07_001015,1.25428147357934,205.38078737714562
EPTD + WLS,EPTD_TIFS2022__weighted_source_affine,heterogeneous,2014-06-07_001017,3.7280688943540277,334.6398899087016
EPTD + WLS,EPTD_TIFS2022__weighted_source_affine,heterogeneous,2014-06-07_001018,0.2387567524166716,239.0331550884165
EPTD + WLS,EPTD_TIFS2022__weighted_source_affine,heterogeneous,2014-06-07_001022,2.286015202612016,268.5065448781099
EPTD + WLS,EPTD_TIFS2022__weighted_source_affine,heterogeneous,2014-06-07_001029,0.8560556741697827,241.88220232053084
EPTD + WLS,EPTD_TIFS2022__weighted_source_affine,heterogeneous,2014-06-08_001006,0.1830328049884642,216.046759621011
EPTD + WLS,EPTD_TIFS2022__weighted_source_affine,heterogeneous,2014-06-08_001007,0.44441744440653963,202.75134255558632
EPTD + WLS,EPTD_TIFS2022__weighted_source_affine,heterogeneous,2014-06-08_001008,1.1621957557937606,210.8951082936589
EPTD + WLS,EPTD_TIFS2022__weighted_source_affine,heterogeneous,2014-06-08_001015,4.187302470091147,148.85943717112403
EPTD + WLS,EPTD_TIFS2022__weighted_source_affine,heterogeneous,2014-06-08_001017,2.1982581433112145,284.37480748330836
EPTD + WLS,EPTD_TIFS2022__weighted_source_affine,heterogeneous,2014-06-08_001018,1.7841061008642924,197.88586566918107
EPTD + WLS,EPTD_TIFS2022__weighted_source_affine,heterogeneous,2014-06-08_001022,3.434576444511819,307.9946393857741
EPTD + WLS,EPTD_TIFS2022__weighted_source_affine,heterogeneous,2014-06-08_001029,1.4639605972323508,187.8353075707538
EPTD + WLS,EPTD_TIFS2022__weighted_source_affine,heterogeneous,2014-06-09_001006,3.8960724240745748,110.94727124689983
EPTD + WLS,EPTD_TIFS2022__weighted_source_affine,heterogeneous,2014-06-09_001007,1.2692986998295765,229.82198569526466
EPTD + WLS,EPTD_TIFS2022__weighted_source_affine,heterogeneous,2014-06-09_001015,0.19822908639232395,240.28504405616474
EPTD + WLS,EPTD_TIFS2022__weighted_source_affine,heterogeneous,2014-06-09_001017,4.977924183220743,136.88151509726498
EPTD + WLS,EPTD_TIFS2022__weighted_source_affine,heterogeneous,2014-06-09_001018,2.4302003051018772,144.34126931640415
EPTD + WLS,EPTD_TIFS2022__weighted_source_affine,heterogeneous,2014-06-09_001022,1.1258059872576887,184.11157568868498
EPTD + WLS,EPTD_TIFS2022__weighted_source_affine,heterogeneous,2014-06-09_001029,1.4586268845501138,138.8186683048898
EPTD + WLS,EPTD_TIFS2022__weighted_source_affine,heterogeneous,2014-06-10_001006,0.5858778915163896,232.79540440616307
EPTD + WLS,EPTD_TIFS2022__weighted_source_affine,heterogeneous,2014-06-10_001007,3.821581121032878,260.4485083336329
EPTD + WLS,EPTD_TIFS2022__weighted_source_affine,heterogeneous,2014-06-10_001008,0.2237172667553864,200.6570612644277
EPTD + WLS,EPTD_TIFS2022__weighted_source_affine,heterogeneous,2014-06-10_001015,1.0303541707523038,179.9088832814777
EPTD + WLS,EPTD_TIFS2022__weighted_source_affine,heterogeneous,2014-06-10_001017,1.457205298970834,168.80957749924806
EPTD + WLS,EPTD_TIFS2022__weighted_source_affine,heterogeneous,2014-06-10_001018,1.6189407489680576,204.77572587665543
EPTD + WLS,EPTD_TIFS2022__weighted_source_affine,heterogeneous,2014-06-10_001022,1.0823326271481903,204.99494957985314
EPTD + WLS,EPTD_TIFS2022__weighted_source_affine,heterogeneous,2014-06-10_001029,2.595852232829813,268.5938577334607
EPTD + WLS,EPTD_TIFS2022__weighted_source_affine,heterogeneous,2014-06-11_001006,2.6953573443414633,168.63724452759553
EPTD + WLS,EPTD_TIFS2022__weighted_source_affine,heterogeneous,2014-06-11_001007,0.9736501686355972,149.6978428417711
EPTD + WLS,EPTD_TIFS2022__weighted_source_affine,heterogeneous,2014-06-11_001008,1.911953571101046,201.60195175472572
EPTD + WLS,EPTD_TIFS2022__weighted_source_affine,heterogeneous,2014-06-11_001015,0.006290419551314486,240.50275878219196
EPTD + WLS,EPTD_TIFS2022__weighted_source_affine,heterogeneous,2014-06-11_001017,2.223653624685074,172.3279250163816
EPTD + WLS,EPTD_TIFS2022__weighted_source_affine,heterogeneous,2014-06-11_001018,0.5846637124228273,184.12272531019175
EPTD + WLS,EPTD_TIFS2022__weighted_source_affine,heterogeneous,2014-06-11_001022,3.6604638471160023,133.31680430790058
EPTD + WLS,EPTD_TIFS2022__weighted_source_affine,heterogeneous,2014-06-11_001029,0.6244252033607101,190.91330316810934
EPTD + WLS,EPTD_TIFS2022__weighted_source_affine,heterogeneous,2014-06-12_001006,0.8537163130058438,240.42578514769562
EPTD + WLS,EPTD_TIFS2022__weighted_source_affine,heterogeneous,2014-06-12_001007,1.5179085596363429,213.9065286111536
EPTD + WLS,EPTD_TIFS2022__weighted_source_affine,heterogeneous,2014-06-12_001008,2.375885946470607,160.0833707397597
EPTD + WLS,EPTD_TIFS2022__weighted_source_affine,heterogeneous,2014-06-12_001015,0.5087796574588133,182.15663912587627
EPTD + WLS,EPTD_TIFS2022__weighted_source_affine,heterogeneous,2014-06-12_001017,1.1786583081801076,183.7968597539258
EPTD + WLS,EPTD_TIFS2022__weighted_source_affine,heterogeneous,2014-06-12_001018,1.1892754846450764,165.95769920623434
EPTD + WLS,EPTD_TIFS2022__weighted_source_affine,heterogeneous,2014-06-12_001022,2.3619693498280707,146.07317846708395
EPTD + WLS,EPTD_TIFS2022__weighted_source_affine,heterogeneous,2014-06-12_001029,1.4698090554712806,253.14501577859366
EPTD + WLS,EPTD_TIFS2022__weighted_source_affine,heterogeneous,2014-06-13_001006,2.143639989680665,142.93534033590717
EPTD + WLS,EPTD_TIFS2022__weighted_source_affine,heterogeneous,2014-06-13_001007,6.695007068168621,95.87337350048152
EPTD + WLS,EPTD_TIFS2022__weighted_source_affine,heterogeneous,2014-06-13_001008,4.153653971160743,79.1038595159909
EPTD + WLS,EPTD_TIFS2022__weighted_source_affine,heterogeneous,2014-06-13_001015,6.900311351338637,99.6737181540738
EPTD + WLS,EPTD_TIFS2022__weighted_source_affine,heterogeneous,2014-06-13_001017,6.73451621533124,77.27974143612288
EPTD + WLS,EPTD_TIFS2022__weighted_source_affine,heterogeneous,2014-06-13_001018,4.589818888880881,131.35523959390233
EPTD + WLS,EPTD_TIFS2022__weighted_source_affine,heterogeneous,2014-06-13_001022,3.2969975169366528,136.73620174341215
EPTD + WLS,EPTD_TIFS2022__weighted_source_affine,heterogeneous,2014-06-13_001029,5.6823111084333675,67.93878244898235
EPTD + WLS,EPTD_TIFS2022__weighted_source_affine,heterogeneous,2014-06-14_001006,1.8433729500361693,271.91209841267255
EPTD + WLS,EPTD_TIFS2022__weighted_source_affine,heterogeneous,2014-06-14_001007,1.6791393514814352,221.78169712942594
EPTD + WLS,EPTD_TIFS2022__weighted_source_affine,heterogeneous,2014-06-14_001008,0.1562953562156153,244.6244147074444
EPTD + WLS,EPTD_TIFS2022__weighted_source_affine,heterogeneous,2014-06-14_001015,0.9583000111096567,247.94052658535247
EPTD + WLS,EPTD_TIFS2022__weighted_source_affine,heterogeneous,2014-06-14_001017,1.6347949087441407,288.2567474016888
EPTD + WLS,EPTD_TIFS2022__weighted_source_affine,heterogeneous,2014-06-14_001018,1.1677044017025722,242.5037676806239
EPTD + WLS,EPTD_TIFS2022__weighted_source_affine,heterogeneous,2014-06-14_001022,2.0762487576800766,234.4955209946407
EPTD + WLS,EPTD_TIFS2022__weighted_source_affine,heterogeneous,2014-06-14_001029,1.1514673854035173,284.513503204787
EPTD + WLS,EPTD_TIFS2022__weighted_source_affine,heterogeneous,2014-06-15_001006,5.875623713190208,348.0106128039462
EPTD + WLS,EPTD_TIFS2022__weighted_source_affine,heterogeneous,2014-06-15_001007,4.109528014989735,308.52282830914015
EPTD + WLS,EPTD_TIFS2022__weighted_source_affine,heterogeneous,2014-06-15_001008,7.559911022771544,325.10992328365455
EPTD + WLS,EPTD_TIFS2022__weighted_source_affine,heterogeneous,2014-06-15_001015,12.642683736988616,593.660589504781
EPTD + WLS,EPTD_TIFS2022__weighted_source_affine,heterogeneous,2014-06-15_001017,4.122951866002353,284.69684061190856
EPTD + WLS,EPTD_TIFS2022__weighted_source_affine,heterogeneous,2014-06-15_001018,11.288709673956873,477.2137733147195
EPTD + WLS,EPTD_TIFS2022__weighted_source_affine,heterogeneous,2014-06-15_001022,5.519918825288386,325.33288909312887
EPTD + WLS,EPTD_TIFS2022__weighted_source_affine,heterogeneous,2014-06-15_001029,4.97038177090495,262.9133729689805
EPTD + WLS,EPTD_TIFS2022__weighted_source_affine,heterogeneous,2014-06-16_001006,0.9920926272032204,140.53987250507362
EPTD + WLS,EPTD_TIFS2022__weighted_source_affine,heterogeneous,2014-06-16_001007,2.437237812764778,99.15823814515566
EPTD + WLS,EPTD_TIFS2022__weighted_source_affine,heterogeneous,2014-06-16_001008,1.7002551252172964,63.0484189043803
EPTD + WLS,EPTD_TIFS2022__weighted_source_affine,heterogeneous,2014-06-16_001015,1.7254490607292325,49.423558891149604
EPTD + WLS,EPTD_TIFS2022__weighted_source_affine,heterogeneous,2014-06-16_001017,1.4275521847017103,80.583606331329
EPTD + WLS,EPTD_TIFS2022__weighted_source_affine,heterogeneous,2014-06-16_001018,1.8215499578293475,44.42770261843404
EPTD + WLS,EPTD_TIFS2022__weighted_source_affine,heterogeneous,2014-06-16_001022,0.35545147803122745,77.08686001558924
EPTD + WLS,EPTD_TIFS2022__weighted_source_affine,heterogeneous,2014-06-16_001029,2.135506594111334,46.68369032601322
EPTD + WLS,EPTD_TIFS2022__weighted_source_affine,heterogeneous,2014-06-17_001006,0.3488352587795447,105.32880945618643
EPTD + WLS,EPTD_TIFS2022__weighted_source_affine,heterogeneous,2014-06-17_001007,0.4797248933159608,141.78757282155019
EPTD + WLS,EPTD_TIFS2022__weighted_source_affine,heterogeneous,2014-06-17_001008,3.2641260728661052,219.04132880262588
EPTD + WLS,EPTD_TIFS2022__weighted_source_affine,heterogeneous,2014-06-17_001015,0.9955974943504344,119.06662372370981
EPTD + WLS,EPTD_TIFS2022__weighted_source_affine,heterogeneous,2014-06-17_001017,2.023139342000654,147.54587073969577
EPTD + WLS,EPTD_TIFS2022__weighted_source_affine,heterogeneous,2014-06-17_001018,2.519961298791543,160.54224873703131
EPTD + WLS,EPTD_TIFS2022__weighted_source_affine,heterogeneous,2014-06-17_001022,1.3806171951886554,174.07644935437165
EPTD + WLS,EPTD_TIFS2022__weighted_source_affine,heterogeneous,2014-06-17_001029,2.942210865837332,181.61651868061955
EPTD + WLS,EPTD_TIFS2022__weighted_source_affine,heterogeneous,2014-06-18_001006,1.8896022456671133,297.5011032300817
EPTD + WLS,EPTD_TIFS2022__weighted_source_affine,heterogeneous,2014-06-18_001007,0.8642172673906217,205.99439989669165
EPTD + WLS,EPTD_TIFS2022__weighted_source_affine,heterogeneous,2014-06-18_001008,4.8656728488737,281.69899534438287
EPTD + WLS,EPTD_TIFS2022__weighted_source_affine,heterogeneous,2014-06-18_001015,2.7711341984999294,151.07418184098594
EPTD + WLS,EPTD_TIFS2022__weighted_source_affine,heterogeneous,2014-06-18_001017,2.2962585183219915,170.94016654688767
EPTD + WLS,EPTD_TIFS2022__weighted_source_affine,heterogeneous,2014-06-18_001018,0.596869975802889,198.0206564880132
EPTD + WLS,EPTD_TIFS2022__weighted_source_affine,heterogeneous,2014-06-18_001022,2.702937610589899,135.31808219492333
EPTD + WLS,EPTD_TIFS2022__weighted_source_affine,heterogeneous,2014-06-18_001029,1.9106838583805867,244.91816136692216
EPTD + WLS,EPTD_TIFS2022__weighted_source_affine,heterogeneous,2014-06-19_001007,4.163790076825109,163.64573088342146
EPTD + WLS,EPTD_TIFS2022__weighted_source_affine,heterogeneous,2014-06-19_001008,7.263337933626303,202.5840142587286
EPTD + WLS,EPTD_TIFS2022__weighted_source_affine,heterogeneous,2014-06-19_001015,1.0063766231958482,110.14490041231927
EPTD + WLS,EPTD_TIFS2022__weighted_source_affine,heterogeneous,2014-06-19_001017,3.5056851900727395,138.07603939698197
EPTD + WLS,EPTD_TIFS2022__weighted_source_affine,heterogeneous,2014-06-19_001018,9.919057096379163,288.72336744155007
EPTD + WLS,EPTD_TIFS2022__weighted_source_affine,heterogeneous,2014-06-19_001022,3.121891239008079,170.97428061358076
EPTD + WLS,EPTD_TIFS2022__weighted_source_affine,heterogeneous,2014-06-19_001029,9.917009443127245,226.954219658369
EPTD + WLS,EPTD_TIFS2022__weighted_source_affine,heterogeneous,2014-06-20_001006,1.2472166262017197,196.16417759176346
EPTD + WLS,EPTD_TIFS2022__weighted_source_affine,heterogeneous,2014-06-20_001007,1.4281910335470407,152.08185611617142
EPTD + WLS,EPTD_TIFS2022__weighted_source_affine,heterogeneous,2014-06-20_001008,1.279733600772225,149.27655360079848
EPTD + WLS,EPTD_TIFS2022__weighted_source_affine,heterogeneous,2014-06-20_001015,1.8317318080002778,169.0396224294254
EPTD + WLS,EPTD_TIFS2022__weighted_source_affine,heterogeneous,2014-06-20_001017,1.493134145602351,177.9951839511533
EPTD + WLS,EPTD_TIFS2022__weighted_source_affine,heterogeneous,2014-06-20_001018,2.037727418293219,237.2262043903205
EPTD + WLS,EPTD_TIFS2022__weighted_source_affine,heterogeneous,2014-06-20_001022,3.859243775668306,212.1650613110205
EPTD + WLS,EPTD_TIFS2022__weighted_source_affine,heterogeneous,2014-06-20_001029,3.702313549744261,152.9202545616106
EPTD + WLS,EPTD_TIFS2022__weighted_source_affine,heterogeneous,2014-06-21_001006,3.6021640731130447,84.07629088082727
EPTD + WLS,EPTD_TIFS2022__weighted_source_affine,heterogeneous,2014-06-21_001007,0.6676903506401715,130.52019584505118
EPTD + WLS,EPTD_TIFS2022__weighted_source_affine,heterogeneous,2014-06-21_001008,3.053339654703933,109.35043786308597
EPTD + WLS,EPTD_TIFS2022__weighted_source_affine,heterogeneous,2014-06-21_001015,1.4964249797097722,161.38404047984864
EPTD + WLS,EPTD_TIFS2022__weighted_source_affine,heterogeneous,2014-06-21_001017,2.5742967327105575,174.94995928566635
EPTD + WLS,EPTD_TIFS2022__weighted_source_affine,heterogeneous,2014-06-21_001022,0.3350914505585081,236.93161344498304
EPTD + WLS,EPTD_TIFS2022__weighted_source_affine,heterogeneous,2014-06-21_001029,1.7421864022745694,142.99140224993505
EPTD + WLS,EPTD_TIFS2022__weighted_source_affine,heterogeneous,2014-06-22_001006,0.8615010773121199,189.40745489487003
EPTD + WLS,EPTD_TIFS2022__weighted_source_affine,heterogeneous,2014-06-22_001007,0.04779384488742977,202.4309331981926
EPTD + WLS,EPTD_TIFS2022__weighted_source_affine,heterogeneous,2014-06-22_001008,2.5864877839856035,151.73322203943624
EPTD + WLS,EPTD_TIFS2022__weighted_source_affine,heterogeneous,2014-06-22_001015,1.0276799955564684,143.84028220891884
EPTD + WLS,EPTD_TIFS2022__weighted_source_affine,heterogeneous,2014-06-22_001017,0.9932253691936097,247.79213986696004
EPTD + WLS,EPTD_TIFS2022__weighted_source_affine,heterogeneous,2014-06-22_001018,1.3622056115056864,227.19364557712055
EPTD + WLS,EPTD_TIFS2022__weighted_source_affine,heterogeneous,2014-06-22_001022,1.9155907419641451,164.16962187009634
EPTD + WLS,EPTD_TIFS2022__weighted_source_affine,heterogeneous,2014-06-22_001029,1.0191200365825246,211.65329880957893
EPTD + WLS,EPTD_TIFS2022__weighted_source_affine,heterogeneous,2014-06-23_001006,0.913292797467097,197.36402766881278
EPTD + WLS,EPTD_TIFS2022__weighted_source_affine,heterogeneous,2014-06-23_001007,3.8760944404558924,180.6147037603046
EPTD + WLS,EPTD_TIFS2022__weighted_source_affine,heterogeneous,2014-06-23_001008,3.690867422175499,178.02683375926225
EPTD + WLS,EPTD_TIFS2022__weighted_source_affine,heterogeneous,2014-06-23_001015,2.473513560129329,147.80165440662603
EPTD + WLS,EPTD_TIFS2022__weighted_source_affine,heterogeneous,2014-06-23_001017,0.5534604884956842,254.62366338134603
EPTD + WLS,EPTD_TIFS2022__weighted_source_affine,heterogeneous,2014-06-23_001018,2.1055111359071716,125.5034206776218
EPTD + WLS,EPTD_TIFS2022__weighted_source_affine,heterogeneous,2014-06-23_001022,2.3519801472873407,181.01017677394296
EPTD + WLS,EPTD_TIFS2022__weighted_source_affine,heterogeneous,2014-06-23_001029,1.8588633313704328,197.67405564186922
EPTD + WLS,EPTD_TIFS2022__weighted_source_affine,heterogeneous,2014-06-24_001006,3.1868298824893415,282.72693745039254
EPTD + WLS,EPTD_TIFS2022__weighted_source_affine,heterogeneous,2014-06-24_001007,0.22439664316899854,300.27972051745513
EPTD + WLS,EPTD_TIFS2022__weighted_source_affine,heterogeneous,2014-06-24_001008,0.5722350702700609,198.7103599763127
EPTD + WLS,EPTD_TIFS2022__weighted_source_affine,heterogeneous,2014-06-24_001015,2.3575908533293983,134.87865689602367
EPTD + WLS,EPTD_TIFS2022__weighted_source_affine,heterogeneous,2014-06-24_001017,0.21610317023231573,171.125463496393
EPTD + WLS,EPTD_TIFS2022__weighted_source_affine,heterogeneous,2014-06-24_001018,6.158897121593483,339.9656951565682
EPTD + WLS,EPTD_TIFS2022__weighted_source_affine,heterogeneous,2014-06-24_001022,0.12954246176088446,213.56074856036108
EPTD + WLS,EPTD_TIFS2022__weighted_source_affine,heterogeneous,2014-06-24_001029,0.7878135779616713,289.1152740932718
EPTD + WLS,EPTD_TIFS2022__weighted_source_affine,heterogeneous,2014-06-25_001006,2.59274598947529,89.34600811918237
EPTD + WLS,EPTD_TIFS2022__weighted_source_affine,heterogeneous,2014-06-25_001007,0.6053521186575352,122.36840014871056
EPTD + WLS,EPTD_TIFS2022__weighted_source_affine,heterogeneous,2014-06-25_001008,0.028693682695319467,98.29824902968325
EPTD + WLS,EPTD_TIFS2022__weighted_source_affine,heterogeneous,2014-06-25_001015,5.811244695523257,78.07178001450643
EPTD + WLS,EPTD_TIFS2022__weighted_source_affine,heterogeneous,2014-06-25_001017,1.2966747204512785,127.70062735074025
EPTD + WLS,EPTD_TIFS2022__weighted_source_affine,heterogeneous,2014-06-25_001022,1.8025340476270912,194.59916889268519
EPTD + WLS,EPTD_TIFS2022__weighted_source_affine,heterogeneous,2014-06-25_001029,1.6674565713243794,105.44447492712571
FETD-D + WLS,FETD_D_AAAI2023__weighted_source_affine,exact,2014-05-29_001006,0.8819738571877735,37.221277719429764
FETD-D + WLS,FETD_D_AAAI2023__weighted_source_affine,exact,2014-05-29_001007,1.458013180243121,13.451969423527355
FETD-D + WLS,FETD_D_AAAI2023__weighted_source_affine,exact,2014-05-29_001008,4.858212055987799,73.17350965318934
FETD-D + WLS,FETD_D_AAAI2023__weighted_source_affine,exact,2014-05-29_001015,4.678097669195175,61.3482934075724
FETD-D + WLS,FETD_D_AAAI2023__weighted_source_affine,exact,2014-05-29_001017,0.5717753281544873,9.062805598924953
FETD-D + WLS,FETD_D_AAAI2023__weighted_source_affine,exact,2014-05-29_001018,1.5767229261647344,29.25184294336042
FETD-D + WLS,FETD_D_AAAI2023__weighted_source_affine,exact,2014-05-29_001022,4.464998370908582,42.181829968262385
FETD-D + WLS,FETD_D_AAAI2023__weighted_source_affine,exact,2014-05-29_001029,6.600292941159459,78.28486384461917
FETD-D + WLS,FETD_D_AAAI2023__weighted_source_affine,exact,2014-05-30_001006,1.7294049481135403,43.589778989397736
FETD-D + WLS,FETD_D_AAAI2023__weighted_source_affine,exact,2014-05-30_001007,0.24941962289966568,15.888166887005944
FETD-D + WLS,FETD_D_AAAI2023__weighted_source_affine,exact,2014-05-30_001008,1.3618016308649032,4.2715693180956045
FETD-D + WLS,FETD_D_AAAI2023__weighted_source_affine,exact,2014-05-30_001015,0.932989588872573,41.133686697913234
FETD-D + WLS,FETD_D_AAAI2023__weighted_source_affine,exact,2014-05-30_001017,0.5715293899151419,7.2192154876521055
FETD-D + WLS,FETD_D_AAAI2023__weighted_source_affine,exact,2014-05-30_001018,0.21021493345608633,27.809982174022974
FETD-D + WLS,FETD_D_AAAI2023__weighted_source_affine,exact,2014-05-30_001022,0.5031760248958221,42.21384437965485
FETD-D + WLS,FETD_D_AAAI2023__weighted_source_affine,exact,2014-05-30_001029,0.868711496082156,68.39961580666187
FETD-D + WLS,FETD_D_AAAI2023__weighted_source_affine,exact,2014-05-31_001006,1.1102531312024837,1.2326620153449195
FETD-D + WLS,FETD_D_AAAI2023__weighted_source_affine,exact,2014-05-31_001007,2.1819418010109644,23.437268269033037
FETD-D + WLS,FETD_D_AAAI2023__weighted_source_affine,exact,2014-05-31_001008,1.853916117389332,3.437004970315935
FETD-D + WLS,FETD_D_AAAI2023__weighted_source_affine,exact,2014-05-31_001015,1.8660003240168663,31.36669000500123
FETD-D + WLS,FETD_D_AAAI2023__weighted_source_affine,exact,2014-05-31_001017,2.250685407294668,9.064877614670767
FETD-D + WLS,FETD_D_AAAI2023__weighted_source_affine,exact,2014-05-31_001018,0.8326100291404543,9.92340369393535
FETD-D + WLS,FETD_D_AAAI2023__weighted_source_affine,exact,2014-05-31_001022,2.3009016122405512,11.452304184474915
FETD-D + WLS,FETD_D_AAAI2023__weighted_source_affine,exact,2014-05-31_001029,0.37107971242686233,9.968860641603644
FETD-D + WLS,FETD_D_AAAI2023__weighted_source_affine,exact,2014-06-01_001006,0.8256388730770432,11.774208406604318
FETD-D + WLS,FETD_D_AAAI2023__weighted_source_affine,exact,2014-06-01_001007,0.5593850647214644,8.978341220012432
FETD-D + WLS,FETD_D_AAAI2023__weighted_source_affine,exact,2014-06-01_001008,1.4455155863962972,2.9093216270410713
FETD-D + WLS,FETD_D_AAAI2023__weighted_source_affine,exact,2014-06-01_001015,1.141995393131424,12.97039438852235
FETD-D + WLS,FETD_D_AAAI2023__weighted_source_affine,exact,2014-06-01_001017,0.12802247951134405,3.0463019419514965
FETD-D + WLS,FETD_D_AAAI2023__weighted_source_affine,exact,2014-06-01_001018,1.2764738203488157,4.600700671332747
FETD-D + WLS,FETD_D_AAAI2023__weighted_source_affine,exact,2014-06-01_001022,0.27119386064836704,10.183699297244816
FETD-D + WLS,FETD_D_AAAI2023__weighted_source_affine,exact,2014-06-01_001029,2.5064156188543087,20.647116532362787
FETD-D + WLS,FETD_D_AAAI2023__weighted_source_affine,exact,2014-06-02_001006,0.03500063271214415,7.363556558093943
FETD-D + WLS,FETD_D_AAAI2023__weighted_source_affine,exact,2014-06-02_001007,2.703918647827237,18.932743010026638
FETD-D + WLS,FETD_D_AAAI2023__weighted_source_affine,exact,2014-06-02_001008,0.6889944900541778,9.17080486469857
FETD-D + WLS,FETD_D_AAAI2023__weighted_source_affine,exact,2014-06-02_001015,1.1278454598431011,31.13837366720348
FETD-D + WLS,FETD_D_AAAI2023__weighted_source_affine,exact,2014-06-02_001017,0.4266935338988489,33.91400892474341
FETD-D + WLS,FETD_D_AAAI2023__weighted_source_affine,exact,2014-06-02_001018,3.481389930378718,42.545249901536266
FETD-D + WLS,FETD_D_AAAI2023__weighted_source_affine,exact,2014-06-02_001022,1.1498452925674023,21.769503135545122
FETD-D + WLS,FETD_D_AAAI2023__weighted_source_affine,exact,2014-06-02_001029,0.23278545101170067,38.54402727659526
FETD-D + WLS,FETD_D_AAAI2023__weighted_source_affine,exact,2014-06-03_001006,2.3712449826297757,18.057765485714746
FETD-D + WLS,FETD_D_AAAI2023__weighted_source_affine,exact,2014-06-03_001007,1.5904169774309125,9.80312974950419
FETD-D + WLS,FETD_D_AAAI2023__weighted_source_affine,exact,2014-06-03_001008,0.7903513438960488,17.365862212710912
FETD-D + WLS,FETD_D_AAAI2023__weighted_source_affine,exact,2014-06-03_001015,3.7602810519659755,30.829572508723967
FETD-D + WLS,FETD_D_AAAI2023__weighted_source_affine,exact,2014-06-03_001017,0.8442395789262704,3.9001781824789643
FETD-D + WLS,FETD_D_AAAI2023__weighted_source_affine,exact,2014-06-03_001018,0.14276812762894409,1.6208359820137987
FETD-D + WLS,FETD_D_AAAI2023__weighted_source_affine,exact,2014-06-03_001022,0.6009746625021037,12.248255415831567
FETD-D + WLS,FETD_D_AAAI2023__weighted_source_affine,exact,2014-06-03_001029,1.1056161283655612,8.62756708581866
FETD-D + WLS,FETD_D_AAAI2023__weighted_source_affine,exact,2014-06-04_001022,0.6382549673167404,5.298041929964601
FETD-D + WLS,FETD_D_AAAI2023__weighted_source_affine,exact,2014-06-05_001006,0.4159138470313435,17.46785839990625
FETD-D + WLS,FETD_D_AAAI2023__weighted_source_affine,exact,2014-06-05_001007,0.007910352995892822,2.5645645512411583
FETD-D + WLS,FETD_D_AAAI2023__weighted_source_affine,exact,2014-06-05_001008,0.27897376917863426,41.26935550831273
FETD-D + WLS,FETD_D_AAAI2023__weighted_source_affine,exact,2014-06-05_001015,2.8169660574441338,22.846363147987997
FETD-D + WLS,FETD_D_AAAI2023__weighted_source_affine,exact,2014-06-05_001017,0.11922572459153002,37.915225502284514
FETD-D + WLS,FETD_D_AAAI2023__weighted_source_affine,exact,2014-06-05_001018,0.10815592843233901,45.777359563450254
FETD-D + WLS,FETD_D_AAAI2023__weighted_source_affine,exact,2014-06-05_001022,3.0527439765350337,24.84248947391911
FETD-D + WLS,FETD_D_AAAI2023__weighted_source_affine,exact,2014-06-05_001029,0.363043180806514,44.57297461066201
FETD-D + WLS,FETD_D_AAAI2023__weighted_source_affine,exact,2014-06-06_001006,0.1404243695262153,40.456076704121735
FETD-D + WLS,FETD_D_AAAI2023__weighted_source_affine,exact,2014-06-06_001007,0.671671202880546,33.017305468705224
FETD-D + WLS,FETD_D_AAAI2023__weighted_source_affine,exact,2014-06-06_001008,1.2498737521309806,43.26445277822517
FETD-D + WLS,FETD_D_AAAI2023__weighted_source_affine,exact,2014-06-06_001015,1.1218608865933248,66.10946553799359
FETD-D + WLS,FETD_D_AAAI2023__weighted_source_affine,exact,2014-06-06_001017,4.047824545218248,66.0266213502172
FETD-D + WLS,FETD_D_AAAI2023__weighted_source_affine,exact,2014-06-06_001018,0.26275744586266114,57.340952171640204
FETD-D + WLS,FETD_D_AAAI2023__weighted_source_affine,exact,2014-06-06_001022,3.082076964312023,87.53228628560032
FETD-D + WLS,FETD_D_AAAI2023__weighted_source_affine,exact,2014-06-06_001029,1.2399131332562519,25.77498987068034
FETD-D + WLS,FETD_D_AAAI2023__weighted_source_affine,exact,2014-06-07_001006,2.4193702817785665,27.17200502130831
FETD-D + WLS,FETD_D_AAAI2023__weighted_source_affine,exact,2014-06-07_001007,0.14950676918483818,2.8596102397480982
FETD-D + WLS,FETD_D_AAAI2023__weighted_source_affine,exact,2014-06-07_001008,0.7877557993992879,18.54119024328414
FETD-D + WLS,FETD_D_AAAI2023__weighted_source_affine,exact,2014-06-07_001015,1.3171960366338844,3.159062998540304
FETD-D + WLS,FETD_D_AAAI2023__weighted_source_affine,exact,2014-06-07_001017,0.4853411915608472,5.009515360238289
FETD-D + WLS,FETD_D_AAAI2023__weighted_source_affine,exact,2014-06-07_001018,0.2564801579987126,9.169718431788937
FETD-D + WLS,FETD_D_AAAI2023__weighted_source_affine,exact,2014-06-07_001022,0.9581929717631872,9.0
FETD-D + WLS,FETD_D_AAAI2023__weighted_source_affine,exact,2014-06-07_001029,0.45876057059412645,10.717721388163401
FETD-D + WLS,FETD_D_AAAI2023__weighted_source_affine,exact,2014-06-08_001006,0.9618255321453404,3.941020405622971
FETD-D + WLS,FETD_D_AAAI2023__weighted_source_affine,exact,2014-06-08_001007,1.184381498596359,4.487765102458565
FETD-D + WLS,FETD_D_AAAI2023__weighted_source_affine,exact,2014-06-08_001008,1.7274283085116977,9.152725199603806
FETD-D + WLS,FETD_D_AAAI2023__weighted_source_affine,exact,2014-06-08_001015,3.6580403423001258,14.908673031039905
FETD-D + WLS,FETD_D_AAAI2023__weighted_source_affine,exact,2014-06-08_001017,2.9172897445767347,37.58435491557999
FETD-D + WLS,FETD_D_AAAI2023__weighted_source_affine,exact,2014-06-08_001018,1.247515500771641,7.764825913032484
FETD-D + WLS,FETD_D_AAAI2023__weighted_source_affine,exact,2014-06-08_001022,3.808425553458221,38.29286058971429
FETD-D + WLS,FETD_D_AAAI2023__weighted_source_affine,exact,2014-06-08_001029,0.9983280990987069,14.334796736433965
FETD-D + WLS,FETD_D_AAAI2023__weighted_source_affine,exact,2014-06-09_001006,0.05148226277668755,5.424821955456231
FETD-D + WLS,FETD_D_AAAI2023__weighted_source_affine,exact,2014-06-09_001007,1.3348611256233553,9.826314614012531
FETD-D + WLS,FETD_D_AAAI2023__weighted_source_affine,exact,2014-06-09_001015,1.255564045391587,15.699925311496226
FETD-D + WLS,FETD_D_AAAI2023__weighted_source_affine,exact,2014-06-09_001017,1.3652308999202205,10.083688259236956
FETD-D + WLS,FETD_D_AAAI2023__weighted_source_affine,exact,2014-06-09_001018,2.6440995175620543,13.603392190443566
FETD-D + WLS,FETD_D_AAAI2023__weighted_source_affine,exact,2014-06-09_001022,2.0055185471240193,34.24649776676104
FETD-D + WLS,FETD_D_AAAI2023__weighted_source_affine,exact,2014-06-09_001029,0.974251645239903,12.315929869430843
FETD-D + WLS,FETD_D_AAAI2023__weighted_source_affine,exact,2014-06-10_001006,1.2504153267402103,10.404083840898885
FETD-D + WLS,FETD_D_AAAI2023__weighted_source_affine,exact,2014-06-10_001007,2.126191644921704,30.04617323538904
FETD-D + WLS,FETD_D_AAAI2023__weighted_source_affine,exact,2014-06-10_001008,1.4599150981705833,8.425519577010109
FETD-D + WLS,FETD_D_AAAI2023__weighted_source_affine,exact,2014-06-10_001015,1.1325103907567637,19.71982287413475
FETD-D + WLS,FETD_D_AAAI2023__weighted_source_affine,exact,2014-06-10_001017,0.2579624794910558,6.385250455384251
FETD-D + WLS,FETD_D_AAAI2023__weighted_source_affine,exact,2014-06-10_001018,0.2978217380565127,19.565889609471032
FETD-D + WLS,FETD_D_AAAI2023__weighted_source_affine,exact,2014-06-10_001022,0.32378480185928993,15.696909512115983
FETD-D + WLS,FETD_D_AAAI2023__weighted_source_affine,exact,2014-06-10_001029,4.4287364061656085,26.02908893420542
FETD-D + WLS,FETD_D_AAAI2023__weighted_source_affine,exact,2014-06-11_001006,1.9920569516381157,3.968290898569742
FETD-D + WLS,FETD_D_AAAI2023__weighted_source_affine,exact,2014-06-11_001007,0.9300135828199423,40.39060100844406
FETD-D + WLS,FETD_D_AAAI2023__weighted_source_affine,exact,2014-06-11_001008,0.6815486733234657,20.47831998742519
FETD-D + WLS,FETD_D_AAAI2023__weighted_source_affine,exact,2014-06-11_001015,0.23597788533350794,11.87366723922891
FETD-D + WLS,FETD_D_AAAI2023__weighted_source_affine,exact,2014-06-11_001017,0.9477426002706366,15.684133261244128
FETD-D + WLS,FETD_D_AAAI2023__weighted_source_affine,exact,2014-06-11_001018,1.1838260043894575,22.804061899995986
FETD-D + WLS,FETD_D_AAAI2023__weighted_source_affine,exact,2014-06-11_001022,2.1484280295289704,36.64284422280913
FETD-D + WLS,FETD_D_AAAI2023__weighted_source_affine,exact,2014-06-11_001029,0.38211371160971197,37.85250089371921
FETD-D + WLS,FETD_D_AAAI2023__weighted_source_affine,exact,2014-06-12_001006,2.4059460783076574,5.788576531723996
FETD-D + WLS,FETD_D_AAAI2023__weighted_source_affine,exact,2014-06-12_001007,0.7611778030239442,5.625791914082509
FETD-D + WLS,FETD_D_AAAI2023__weighted_source_affine,exact,2014-06-12_001008,0.31887006839060916,9.102232910847093
FETD-D + WLS,FETD_D_AAAI2023__weighted_source_affine,exact,2014-06-12_001015,1.2325163120170117,11.865821419473306
FETD-D + WLS,FETD_D_AAAI2023__weighted_source_affine,exact,2014-06-12_001017,0.175364888420102,11.759134614608609
FETD-D + WLS,FETD_D_AAAI2023__weighted_source_affine,exact,2014-06-12_001018,1.3558535256300104,25.520764940754177
FETD-D + WLS,FETD_D_AAAI2023__weighted_source_affine,exact,2014-06-12_001022,1.8922129373507843,16.402986778876553
FETD-D + WLS,FETD_D_AAAI2023__weighted_source_affine,exact,2014-06-12_001029,0.21308542167645328,2.531667724391266
FETD-D + WLS,FETD_D_AAAI2023__weighted_source_affine,exact,2014-06-13_001006,0.144699944249723,42.260978999040525
FETD-D + WLS,FETD_D_AAAI2023__weighted_source_affine,exact,2014-06-13_001007,2.2329512458776506,55.20199994327766
FETD-D + WLS,FETD_D_AAAI2023__weighted_source_affine,exact,2014-06-13_001008,1.6055251280868674,27.6426754672603
FETD-D + WLS,FETD_D_AAAI2023__weighted_source_affine,exact,2014-06-13_001015,7.887252140609952,111.86122981027631
FETD-D + WLS,FETD_D_AAAI2023__weighted_source_affine,exact,2014-06-13_001017,8.566290119809718,144.39602845981997
FETD-D + WLS,FETD_D_AAAI2023__weighted_source_affine,exact,2014-06-13_001018,2.984127598471069,49.02093009690886
FETD-D + WLS,FETD_D_AAAI2023__weighted_source_affine,exact,2014-06-13_001022,6.117378524299049,48.0125232453891
FETD-D + WLS,FETD_D_AAAI2023__weighted_source_affine,exact,2014-06-13_001029,0.22373286890916688,9.58185444726982
FETD-D + WLS,FETD_D_AAAI2023__weighted_source_affine,exact,2014-06-14_001006,1.730612969512407,8.890823358071662
FETD-D + WLS,FETD_D_AAAI2023__weighted_source_affine,exact,2014-06-14_001007,1.1667134383661661,8.028727316418452
FETD-D + WLS,FETD_D_AAAI2023__weighted_source_affine,exact,2014-06-14_001008,0.6093972073210097,4.176490574595398
FETD-D + WLS,FETD_D_AAAI2023__weighted_source_affine,exact,2014-06-14_001015,0.6094625421746613,7.860471876176559
FETD-D + WLS,FETD_D_AAAI2023__weighted_source_affine,exact,2014-06-14_001017,2.3440866232239834,23.689122421087244
FETD-D + WLS,FETD_D_AAAI2023__weighted_source_affine,exact,2014-06-14_001018,0.7175021777763675,4.921110732823604
FETD-D + WLS,FETD_D_AAAI2023__weighted_source_affine,exact,2014-06-14_001022,1.8529654363235828,27.18212074714789
FETD-D + WLS,FETD_D_AAAI2023__weighted_source_affine,exact,2014-06-14_001029,0.055966064053585285,1.5598615013236636
FETD-D + WLS,FETD_D_AAAI2023__weighted_source_affine,exact,2014-06-15_001006,1.7613887522581706,19.35027217878446
FETD-D + WLS,FETD_D_AAAI2023__weighted_source_affine,exact,2014-06-15_001007,0.628631917100094,15.170227286667881
FETD-D + WLS,FETD_D_AAAI2023__weighted_source_affine,exact,2014-06-15_001008,0.5171017891155145,40.70892117507589
FETD-D + WLS,FETD_D_AAAI2023__weighted_source_affine,exact,2014-06-15_001015,1.9457724567516692,44.586758358687966
FETD-D + WLS,FETD_D_AAAI2023__weighted_source_affine,exact,2014-06-15_001017,1.4956046320813812,33.32185150946752
FETD-D + WLS,FETD_D_AAAI2023__weighted_source_affine,exact,2014-06-15_001018,0.25231904049915954,45.0676863280324
FETD-D + WLS,FETD_D_AAAI2023__weighted_source_affine,exact,2014-06-15_001022,2.382553655332586,37.39111822986174
FETD-D + WLS,FETD_D_AAAI2023__weighted_source_affine,exact,2014-06-15_001029,0.3722873075691524,23.51786088968492
FETD-D + WLS,FETD_D_AAAI2023__weighted_source_affine,exact,2014-06-16_001006,2.007344100937928,54.305019456627605
FETD-D + WLS,FETD_D_AAAI2023__weighted_source_affine,exact,2014-06-16_001007,1.0416892743796495,50.456643310007905
FETD-D + WLS,FETD_D_AAAI2023__weighted_source_affine,exact,2014-06-16_001008,2.266862637796777,61.33365256153043
FETD-D + WLS,FETD_D_AAAI2023__weighted_source_affine,exact,2014-06-16_001015,1.8867398257332866,3.5597871700080725
FETD-D + WLS,FETD_D_AAAI2023__weighted_source_affine,exact,2014-06-16_001017,1.8305255383103258,50.24595535235408
FETD-D + WLS,FETD_D_AAAI2023__weighted_source_affine,exact,2014-06-16_001018,0.5942676698135188,8.967722621189353
FETD-D + WLS,FETD_D_AAAI2023__weighted_source_affine,exact,2014-06-16_001022,1.5000222091164517,4.861299508695984
FETD-D + WLS,FETD_D_AAAI2023__weighted_source_affine,exact,2014-06-16_001029,4.817308179869215,86.55590638350645
FETD-D + WLS,FETD_D_AAAI2023__weighted_source_affine,exact,2014-06-17_001006,1.1955235553606087,53.03611611644916
FETD-D + WLS,FETD_D_AAAI2023__weighted_source_affine,exact,2014-06-17_001007,1.5557607165926015,9.233672730671458
FETD-D + WLS,FETD_D_AAAI2023__weighted_source_affine,exact,2014-06-17_001008,0.29336475445369103,19.486702013600205
FETD-D + WLS,FETD_D_AAAI2023__weighted_source_affine,exact,2014-06-17_001015,0.1741391367757643,23.432693416432603
FETD-D + WLS,FETD_D_AAAI2023__weighted_source_affine,exact,2014-06-17_001017,1.0992360524462796,34.909898584785424
FETD-D + WLS,FETD_D_AAAI2023__weighted_source_affine,exact,2014-06-17_001018,1.5196551374213243,44.88256879626767
FETD-D + WLS,FETD_D_AAAI2023__weighted_source_affine,exact,2014-06-17_001022,0.3346685684617867,48.159338509885934
FETD-D + WLS,FETD_D_AAAI2023__weighted_source_affine,exact,2014-06-17_001029,0.11166445941110226,14.4805106253588
FETD-D + WLS,FETD_D_AAAI2023__weighted_source_affine,exact,2014-06-18_001006,2.5124211295430783,18.483773756644265
FETD-D + WLS,FETD_D_AAAI2023__weighted_source_affine,exact,2014-06-18_001007,2.9669307365719177,15.935549125133017
FETD-D + WLS,FETD_D_AAAI2023__weighted_source_affine,exact,2014-06-18_001008,4.560002097957728,36.894575611067125
FETD-D + WLS,FETD_D_AAAI2023__weighted_source_affine,exact,2014-06-18_001015,5.903319898838369,48.35009322921471
FETD-D + WLS,FETD_D_AAAI2023__weighted_source_affine,exact,2014-06-18_001017,0.1843599319328746,16.483636077049898
FETD-D + WLS,FETD_D_AAAI2023__weighted_source_affine,exact,2014-06-18_001018,0.8045990396938727,32.98417233502508
FETD-D + WLS,FETD_D_AAAI2023__weighted_source_affine,exact,2014-06-18_001022,3.0350572648384038,47.828280831789044
FETD-D + WLS,FETD_D_AAAI2023__weighted_source_affine,exact,2014-06-18_001029,0.7160451870711313,11.84971608891641
FETD-D + WLS,FETD_D_AAAI2023__weighted_source_affine,exact,2014-06-19_001007,3.4906033659609648,103.92132750600686
FETD-D + WLS,FETD_D_AAAI2023__weighted_source_affine,exact,2014-06-19_001008,1.3454892854778393,10.129361590890152
FETD-D + WLS,FETD_D_AAAI2023__weighted_source_affine,exact,2014-06-19_001015,0.059499671826870326,30.37915125068592
FETD-D + WLS,FETD_D_AAAI2023__weighted_source_affine,exact,2014-06-19_001017,1.0904301437105062,68.73548537709871
FETD-D + WLS,FETD_D_AAAI2023__weighted_source_affine,exact,2014-06-19_001018,0.30976436256446505,31.229571917064213
FETD-D + WLS,FETD_D_AAAI2023__weighted_source_affine,exact,2014-06-19_001022,0.05272290767371146,56.42439540724219
FETD-D + WLS,FETD_D_AAAI2023__weighted_source_affine,exact,2014-06-19_001029,2.419408612803153,54.38431127891739
FETD-D + WLS,FETD_D_AAAI2023__weighted_source_affine,exact,2014-06-20_001006,1.4906258417411422,4.592121753520528
FETD-D + WLS,FETD_D_AAAI2023__weighted_source_affine,exact,2014-06-20_001007,4.363031222087269,19.036041444908328
FETD-D + WLS,FETD_D_AAAI2023__weighted_source_affine,exact,2014-06-20_001008,1.1079892712503678,16.424132781857942
FETD-D + WLS,FETD_D_AAAI2023__weighted_source_affine,exact,2014-06-20_001015,0.8712015174346419,1.1032464113665046
FETD-D + WLS,FETD_D_AAAI2023__weighted_source_affine,exact,2014-06-20_001017,2.715717344522737,16.697791959435147
FETD-D + WLS,FETD_D_AAAI2023__weighted_source_affine,exact,2014-06-20_001018,0.3116437526660256,17.185987541073164
FETD-D + WLS,FETD_D_AAAI2023__weighted_source_affine,exact,2014-06-20_001022,3.3260196818143175,23.064767702085422
FETD-D + WLS,FETD_D_AAAI2023__weighted_source_affine,exact,2014-06-20_001029,0.1705773739548988,26.661720240265982
FETD-D + WLS,FETD_D_AAAI2023__weighted_source_affine,exact,2014-06-21_001006,1.0618446808931594,8.499984113821231
FETD-D + WLS,FETD_D_AAAI2023__weighted_source_affine,exact,2014-06-21_001007,0.04176566295664941,10.812986558922729
FETD-D + WLS,FETD_D_AAAI2023__weighted_source_affine,exact,2014-06-21_001008,0.7471323820004159,4.717974891905835
FETD-D + WLS,FETD_D_AAAI2023__weighted_source_affine,exact,2014-06-21_001015,0.22637155120762031,2.494173181421741
FETD-D + WLS,FETD_D_AAAI2023__weighted_source_affine,exact,2014-06-21_001017,6.425328878605711,42.96688639910049
FETD-D + WLS,FETD_D_AAAI2023__weighted_source_affine,exact,2014-06-21_001022,3.7046571427269797,46.49811646814015
FETD-D + WLS,FETD_D_AAAI2023__weighted_source_affine,exact,2014-06-21_001029,1.7529477915599045,19.115538421453287
FETD-D + WLS,FETD_D_AAAI2023__weighted_source_affine,exact,2014-06-22_001006,0.12760640700047787,7.2289519405065805
FETD-D + WLS,FETD_D_AAAI2023__weighted_source_affine,exact,2014-06-22_001007,0.04762712331109498,8.230106434580522
FETD-D + WLS,FETD_D_AAAI2023__weighted_source_affine,exact,2014-06-22_001008,0.47408145177167427,2.0327796720296187
FETD-D + WLS,FETD_D_AAAI2023__weighted_source_affine,exact,2014-06-22_001015,1.9292407928755821,6.432480745195783
FETD-D + WLS,FETD_D_AAAI2023__weighted_source_affine,exact,2014-06-22_001017,0.22730770772531628,5.668256430439627
FETD-D + WLS,FETD_D_AAAI2023__weighted_source_affine,exact,2014-06-22_001018,1.0612524412641449,22.194641746784804
FETD-D + WLS,FETD_D_AAAI2023__weighted_source_affine,exact,2014-06-22_001022,0.31801695657332374,4.697732619153153
FETD-D + WLS,FETD_D_AAAI2023__weighted_source_affine,exact,2014-06-22_001029,0.19027907132307575,4.84073623531287
FETD-D + WLS,FETD_D_AAAI2023__weighted_source_affine,exact,2014-06-23_001006,0.3818513274972126,6.258699116980681
FETD-D + WLS,FETD_D_AAAI2023__weighted_source_affine,exact,2014-06-23_001007,2.1032159868246296,6.79106124387628
FETD-D + WLS,FETD_D_AAAI2023__weighted_source_affine,exact,2014-06-23_001008,1.6136521997272624,6.4014095839661
FETD-D + WLS,FETD_D_AAAI2023__weighted_source_affine,exact,2014-06-23_001015,0.34889817212431673,3.642985217374659
FETD-D + WLS,FETD_D_AAAI2023__weighted_source_affine,exact,2014-06-23_001017,0.2264486778064203,11.616926185662766
FETD-D + WLS,FETD_D_AAAI2023__weighted_source_affine,exact,2014-06-23_001018,1.0451239067218907,22.234214255390686
FETD-D + WLS,FETD_D_AAAI2023__weighted_source_affine,exact,2014-06-23_001022,1.51530114023004,6.187916581681688
FETD-D + WLS,FETD_D_AAAI2023__weighted_source_affine,exact,2014-06-23_001029,1.0549921566048397,10.634752682297574
FETD-D + WLS,FETD_D_AAAI2023__weighted_source_affine,exact,2014-06-24_001006,0.7801467158682271,6.771464214472995
FETD-D + WLS,FETD_D_AAAI2023__weighted_source_affine,exact,2014-06-24_001007,0.1559354865473197,33.659224046285665
FETD-D + WLS,FETD_D_AAAI2023__weighted_source_affine,exact,2014-06-24_001008,1.3192287926893158,14.400987328868675
FETD-D + WLS,FETD_D_AAAI2023__weighted_source_affine,exact,2014-06-24_001015,1.094673033251354,11.027850876439064
FETD-D + WLS,FETD_D_AAAI2023__weighted_source_affine,exact,2014-06-24_001017,0.4388702216242564,16.720548931212807
FETD-D + WLS,FETD_D_AAAI2023__weighted_source_affine,exact,2014-06-24_001018,4.870977131837748,68.28609969746596
FETD-D + WLS,FETD_D_AAAI2023__weighted_source_affine,exact,2014-06-24_001022,0.6790193694728259,2.9562123010323993
FETD-D + WLS,FETD_D_AAAI2023__weighted_source_affine,exact,2014-06-24_001029,1.3734497718815035,18.509851934955385
FETD-D + WLS,FETD_D_AAAI2023__weighted_source_affine,exact,2014-06-25_001006,1.722990179839968,4.4610598307516
FETD-D + WLS,FETD_D_AAAI2023__weighted_source_affine,exact,2014-06-25_001007,0.6075164962200716,15.444991029215743
FETD-D + WLS,FETD_D_AAAI2023__weighted_source_affine,exact,2014-06-25_001008,1.089216848509011,11.405178621096606
FETD-D + WLS,FETD_D_AAAI2023__weighted_source_affine,exact,2014-06-25_001015,3.910031224442818,35.33399674995709
FETD-D + WLS,FETD_D_AAAI2023__weighted_source_affine,exact,2014-06-25_001017,2.3907189900937027,5.7155372895946535
FETD-D + WLS,FETD_D_AAAI2023__weighted_source_affine,exact,2014-06-25_001022,0.1779449922898948,6.327332434528316
FETD-D + WLS,FETD_D_AAAI2023__weighted_source_affine,exact,2014-06-25_001029,1.897795380440499,16.276087430839297
FETD-D + WLS,FETD_D_AAAI2023__weighted_source_affine,heterogeneous,2014-05-29_001006,1.3737414827566141,17.385450859142384
FETD-D + WLS,FETD_D_AAAI2023__weighted_source_affine,heterogeneous,2014-05-29_001007,0.3465970516885406,22.511148131262797
FETD-D + WLS,FETD_D_AAAI2023__weighted_source_affine,heterogeneous,2014-05-29_001008,1.7606233837794107,28.823191776089647
FETD-D + WLS,FETD_D_AAAI2023__weighted_source_affine,heterogeneous,2014-05-29_001015,1.7857504134485964,3.9380004968598024
FETD-D + WLS,FETD_D_AAAI2023__weighted_source_affine,heterogeneous,2014-05-29_001017,0.4125196920125944,15.583038844745303
FETD-D + WLS,FETD_D_AAAI2023__weighted_source_affine,heterogeneous,2014-05-29_001018,0.4772231792749153,3.9120369588567105
FETD-D + WLS,FETD_D_AAAI2023__weighted_source_affine,heterogeneous,2014-05-29_001022,3.9276451687759177,49.87358191215751
FETD-D + WLS,FETD_D_AAAI2023__weighted_source_affine,heterogeneous,2014-05-29_001029,5.823532930074975,35.971471899942166
FETD-D + WLS,FETD_D_AAAI2023__weighted_source_affine,heterogeneous,2014-05-30_001006,2.04257752091182,51.01581755536602
FETD-D + WLS,FETD_D_AAAI2023__weighted_source_affine,heterogeneous,2014-05-30_001007,1.0048225184233388,5.425361035470704
FETD-D + WLS,FETD_D_AAAI2023__weighted_source_affine,heterogeneous,2014-05-30_001008,4.354413678914426,44.27485780756171
FETD-D + WLS,FETD_D_AAAI2023__weighted_source_affine,heterogeneous,2014-05-30_001015,1.2304168984710913,3.909693861051711
FETD-D + WLS,FETD_D_AAAI2023__weighted_source_affine,heterogeneous,2014-05-30_001017,3.730021365686028,27.0814197269599
FETD-D + WLS,FETD_D_AAAI2023__weighted_source_affine,heterogeneous,2014-05-30_001018,2.3781543356142123,6.708637866862183
FETD-D + WLS,FETD_D_AAAI2023__weighted_source_affine,heterogeneous,2014-05-30_001022,3.1160108858690023,45.043808408388024
FETD-D + WLS,FETD_D_AAAI2023__weighted_source_affine,heterogeneous,2014-05-30_001029,8.060096047593127,142.53679841915397
FETD-D + WLS,FETD_D_AAAI2023__weighted_source_affine,heterogeneous,2014-05-31_001006,3.1326753185433915,15.685813884949225
FETD-D + WLS,FETD_D_AAAI2023__weighted_source_affine,heterogeneous,2014-05-31_001007,0.6395396233068027,29.31898221948928
FETD-D + WLS,FETD_D_AAAI2023__weighted_source_affine,heterogeneous,2014-05-31_001008,1.990164853710155,5.189928503624774
FETD-D + WLS,FETD_D_AAAI2023__weighted_source_affine,heterogeneous,2014-05-31_001015,3.5909246016650798,31.20399875948208
FETD-D + WLS,FETD_D_AAAI2023__weighted_source_affine,heterogeneous,2014-05-31_001017,6.957888842896196,63.64118928349154
FETD-D + WLS,FETD_D_AAAI2023__weighted_source_affine,heterogeneous,2014-05-31_001018,3.0905115019554046,30.020737172057586
FETD-D + WLS,FETD_D_AAAI2023__weighted_source_affine,heterogeneous,2014-05-31_001022,1.321489083496914,13.38100515477099
FETD-D + WLS,FETD_D_AAAI2023__weighted_source_affine,heterogeneous,2014-05-31_001029,2.4199368100105545,19.030700160029877
FETD-D + WLS,FETD_D_AAAI2023__weighted_source_affine,heterogeneous,2014-06-01_001006,1.0655647744011851,9.60116336001769
FETD-D + WLS,FETD_D_AAAI2023__weighted_source_affine,heterogeneous,2014-06-01_001007,3.5424030757328104,33.965780133123204
FETD-D + WLS,FETD_D_AAAI2023__weighted_source_affine,heterogeneous,2014-06-01_001008,0.12183381792868886,10.78010075054746
FETD-D + WLS,FETD_D_AAAI2023__weighted_source_affine,heterogeneous,2014-06-01_001015,0.19505321623501004,16.235747777350568
FETD-D + WLS,FETD_D_AAAI2023__weighted_source_affine,heterogeneous,2014-06-01_001017,1.600155449111405,11.075614209449272
FETD-D + WLS,FETD_D_AAAI2023__weighted_source_affine,heterogeneous,2014-06-01_001018,0.2914374768722148,4.931440552490439
FETD-D + WLS,FETD_D_AAAI2023__weighted_source_affine,heterogeneous,2014-06-01_001022,0.142707930996675,3.4447216136908017
FETD-D + WLS,FETD_D_AAAI2023__weighted_source_affine,heterogeneous,2014-06-01_001029,2.2185865475683677,10.691338397769139
FETD-D + WLS,FETD_D_AAAI2023__weighted_source_affine,heterogeneous,2014-06-02_001006,2.3626394319734025,10.359285798822809
FETD-D + WLS,FETD_D_AAAI2023__weighted_source_affine,heterogeneous,2014-06-02_001007,1.1898070681482729,16.49681325749472
FETD-D + WLS,FETD_D_AAAI2023__weighted_source_affine,heterogeneous,2014-06-02_001008,0.0730995143969082,6.18403495494537
FETD-D + WLS,FETD_D_AAAI2023__weighted_source_affine,heterogeneous,2014-06-02_001015,1.067719993675734,3.0004021962968705
FETD-D + WLS,FETD_D_AAAI2023__weighted_source_affine,heterogeneous,2014-06-02_001017,0.26292711931449375,2.655258417867247
FETD-D + WLS,FETD_D_AAAI2023__weighted_source_affine,heterogeneous,2014-06-02_001018,1.4890249580148343,14.021012320950424
FETD-D + WLS,FETD_D_AAAI2023__weighted_source_affine,heterogeneous,2014-06-02_001022,0.02136562982559198,7.011346811894612
FETD-D + WLS,FETD_D_AAAI2023__weighted_source_affine,heterogeneous,2014-06-02_001029,2.283380462574778,24.35777940907764
FETD-D + WLS,FETD_D_AAAI2023__weighted_source_affine,heterogeneous,2014-06-03_001006,0.8726964761458689,13.1285218765832
FETD-D + WLS,FETD_D_AAAI2023__weighted_source_affine,heterogeneous,2014-06-03_001007,1.9754079765079915,11.571344616028506
FETD-D + WLS,FETD_D_AAAI2023__weighted_source_affine,heterogeneous,2014-06-03_001008,0.6952405741607848,12.346672947325365
FETD-D + WLS,FETD_D_AAAI2023__weighted_source_affine,heterogeneous,2014-06-03_001015,1.0729487617674778,5.608984309412623
FETD-D + WLS,FETD_D_AAAI2023__weighted_source_affine,heterogeneous,2014-06-03_001017,0.019138058936732705,8.286419634965167
FETD-D + WLS,FETD_D_AAAI2023__weighted_source_affine,heterogeneous,2014-06-03_001018,4.409541262631439,21.769252038384742
FETD-D + WLS,FETD_D_AAAI2023__weighted_source_affine,heterogeneous,2014-06-03_001022,1.511467595485609,20.668816888078887
FETD-D + WLS,FETD_D_AAAI2023__weighted_source_affine,heterogeneous,2014-06-03_001029,0.36881977332912896,5.007696366617602
FETD-D + WLS,FETD_D_AAAI2023__weighted_source_affine,heterogeneous,2014-06-04_001022,0.8532475656457663,3.6093628006969642
FETD-D + WLS,FETD_D_AAAI2023__weighted_source_affine,heterogeneous,2014-06-05_001006,2.2019458287713647,41.57334831966074
FETD-D + WLS,FETD_D_AAAI2023__weighted_source_affine,heterogeneous,2014-06-05_001007,0.6721686222193526,6.403794360185942
FETD-D + WLS,FETD_D_AAAI2023__weighted_source_affine,heterogeneous,2014-06-05_001008,0.27835575216913355,21.219714156958787
FETD-D + WLS,FETD_D_AAAI2023__weighted_source_affine,heterogeneous,2014-06-05_001015,0.609805383303069,13.642420869622832
FETD-D + WLS,FETD_D_AAAI2023__weighted_source_affine,heterogeneous,2014-06-05_001017,0.17755633851882635,5.231960878897306
FETD-D + WLS,FETD_D_AAAI2023__weighted_source_affine,heterogeneous,2014-06-05_001018,0.1732746897259574,10.670355028845199
FETD-D + WLS,FETD_D_AAAI2023__weighted_source_affine,heterogeneous,2014-06-05_001022,1.9472447207048376,31.769471355471026
FETD-D + WLS,FETD_D_AAAI2023__weighted_source_affine,heterogeneous,2014-06-05_001029,1.1046418158926343,1.6399990910285116
FETD-D + WLS,FETD_D_AAAI2023__weighted_source_affine,heterogeneous,2014-06-06_001006,1.4504158871446862,19.549744332698435
FETD-D + WLS,FETD_D_AAAI2023__weighted_source_affine,heterogeneous,2014-06-06_001007,1.2078905729845388,4.142274391663413
FETD-D + WLS,FETD_D_AAAI2023__weighted_source_affine,heterogeneous,2014-06-06_001008,0.6980269970542707,4.409108360805733
FETD-D + WLS,FETD_D_AAAI2023__weighted_source_affine,heterogeneous,2014-06-06_001015,3.4633379754445457,42.13671817614227
FETD-D + WLS,FETD_D_AAAI2023__weighted_source_affine,heterogeneous,2014-06-06_001017,1.3262254985265258,17.08024934029414
FETD-D + WLS,FETD_D_AAAI2023__weighted_source_affine,heterogeneous,2014-06-06_001018,4.011335471667593,34.605468060806345
FETD-D + WLS,FETD_D_AAAI2023__weighted_source_affine,heterogeneous,2014-06-06_001022,2.552069852541024,36.82906778610526
FETD-D + WLS,FETD_D_AAAI2023__weighted_source_affine,heterogeneous,2014-06-06_001029,11.6068850930556,153.8729482239354
FETD-D + WLS,FETD_D_AAAI2023__weighted_source_affine,heterogeneous,2014-06-07_001006,1.3795205923719847,5.817797574182045
FETD-D + WLS,FETD_D_AAAI2023__weighted_source_affine,heterogeneous,2014-06-07_001007,1.2695753440715727,8.886531818075165
FETD-D + WLS,FETD_D_AAAI2023__weighted_source_affine,heterogeneous,2014-06-07_001008,4.627171293367929,34.69139585508445
FETD-D + WLS,FETD_D_AAAI2023__weighted_source_affine,heterogeneous,2014-06-07_001015,1.4755060315649882,10.262207606908307
FETD-D + WLS,FETD_D_AAAI2023__weighted_source_affine,heterogeneous,2014-06-07_001017,3.6150809514369087,23.8916369393341
FETD-D + WLS,FETD_D_AAAI2023__weighted_source_affine,heterogeneous,2014-06-07_001018,0.3199192019421524,8.90326879041243
FETD-D + WLS,FETD_D_AAAI2023__weighted_source_affine,heterogeneous,2014-06-07_001022,2.1884572477751334,10.687543392580878
FETD-D + WLS,FETD_D_AAAI2023__weighted_source_affine,heterogeneous,2014-06-07_001029,1.0240009552866667,5.5399039183747005
FETD-D + WLS,FETD_D_AAAI2023__weighted_source_affine,heterogeneous,2014-06-08_001006,0.5736773059687863,2.550575466887729
FETD-D + WLS,FETD_D_AAAI2023__weighted_source_affine,heterogeneous,2014-06-08_001007,0.796233272419812,2.9938908929516272
FETD-D + WLS,FETD_D_AAAI2023__weighted_source_affine,heterogeneous,2014-06-08_001008,1.3392800823351294,6.95481800829584
FETD-D + WLS,FETD_D_AAAI2023__weighted_source_affine,heterogeneous,2014-06-08_001015,4.046188568476666,18.056748596321867
FETD-D + WLS,FETD_D_AAAI2023__weighted_source_affine,heterogeneous,2014-06-08_001017,2.529141518400209,32.97584469039796
FETD-D + WLS,FETD_D_AAAI2023__weighted_source_affine,heterogeneous,2014-06-08_001018,1.6356637269481809,10.078668964011117
FETD-D + WLS,FETD_D_AAAI2023__weighted_source_affine,heterogeneous,2014-06-08_001022,3.420277327281653,33.639702059436935
FETD-D + WLS,FETD_D_AAAI2023__weighted_source_affine,heterogeneous,2014-06-08_001029,1.3864763252752503,17.424616746219375
FETD-D + WLS,FETD_D_AAAI2023__weighted_source_affine,heterogeneous,2014-06-09_001006,3.7596686202208645,39.16448642628911
FETD-D + WLS,FETD_D_AAAI2023__weighted_source_affine,heterogeneous,2014-06-09_001007,1.3551872238458031,16.89999432137838
FETD-D + WLS,FETD_D_AAAI2023__weighted_source_affine,heterogeneous,2014-06-09_001015,0.0851985611135504,9.346224244447543
FETD-D + WLS,FETD_D_AAAI2023__weighted_source_affine,heterogeneous,2014-06-09_001017,4.900179706603041,58.63900575353826
FETD-D + WLS,FETD_D_AAAI2023__weighted_source_affine,heterogeneous,2014-06-09_001018,2.3928836587299855,27.556523788190752
FETD-D + WLS,FETD_D_AAAI2023__weighted_source_affine,heterogeneous,2014-06-09_001022,0.7337829144388941,6.727199060950617
FETD-D + WLS,FETD_D_AAAI2023__weighted_source_affine,heterogeneous,2014-06-09_001029,1.5645414920652314,18.05690799877425
FETD-D + WLS,FETD_D_AAAI2023__weighted_source_affine,heterogeneous,2014-06-10_001006,0.357420536821067,23.361485599800062
FETD-D + WLS,FETD_D_AAAI2023__weighted_source_affine,heterogeneous,2014-06-10_001007,3.7340275084829386,50.257817735028226
FETD-D + WLS,FETD_D_AAAI2023__weighted_source_affine,heterogeneous,2014-06-10_001008,0.1479207653905803,6.350141140585884
FETD-D + WLS,FETD_D_AAAI2023__weighted_source_affine,heterogeneous,2014-06-10_001015,0.4753254728044993,8.025123288164114
FETD-D + WLS,FETD_D_AAAI2023__weighted_source_affine,heterogeneous,2014-06-10_001017,1.3498733840702215,6.875587238271303
FETD-D + WLS,FETD_D_AAAI2023__weighted_source_affine,heterogeneous,2014-06-10_001018,1.9056576016178184,8.595046144256157
FETD-D + WLS,FETD_D_AAAI2023__weighted_source_affine,heterogeneous,2014-06-10_001022,1.2840510617019874,23.854808363938833
FETD-D + WLS,FETD_D_AAAI2023__weighted_source_affine,heterogeneous,2014-06-10_001029,2.8209005426043454,22.121860404988837
FETD-D + WLS,FETD_D_AAAI2023__weighted_source_affine,heterogeneous,2014-06-11_001006,2.792869631300178,8.853176994370637
FETD-D + WLS,FETD_D_AAAI2023__weighted_source_affine,heterogeneous,2014-06-11_001007,1.058378356519503,23.5876540714489
FETD-D + WLS,FETD_D_AAAI2023__weighted_source_affine,heterogeneous,2014-06-11_001008,1.47531634017942,7.945805710822868
FETD-D + WLS,FETD_D_AAAI2023__weighted_source_affine,heterogeneous,2014-06-11_001015,0.17039809245111392,2.5388711170541316
FETD-D + WLS,FETD_D_AAAI2023__weighted_source_affine,heterogeneous,2014-06-11_001017,2.5653989265473136,6.7415192946833296
FETD-D + WLS,FETD_D_AAAI2023__weighted_source_affine,heterogeneous,2014-06-11_001018,0.5866067004762225,15.603173546091647
FETD-D + WLS,FETD_D_AAAI2023__weighted_source_affine,heterogeneous,2014-06-11_001022,3.6268410890026743,43.03032822214185
FETD-D + WLS,FETD_D_AAAI2023__weighted_source_affine,heterogeneous,2014-06-11_001029,0.8869658335404118,14.77861331688858
FETD-D + WLS,FETD_D_AAAI2023__weighted_source_affine,heterogeneous,2014-06-12_001006,1.1672241811962643,2.612375606113343
FETD-D + WLS,FETD_D_AAAI2023__weighted_source_affine,heterogeneous,2014-06-12_001007,1.1238409319123157,3.484884597628441
FETD-D + WLS,FETD_D_AAAI2023__weighted_source_affine,heterogeneous,2014-06-12_001008,2.4182343101713535,34.22670197501468
FETD-D + WLS,FETD_D_AAAI2023__weighted_source_affine,heterogeneous,2014-06-12_001015,0.9351550934438748,13.515085798045282
FETD-D + WLS,FETD_D_AAAI2023__weighted_source_affine,heterogeneous,2014-06-12_001017,0.6755484870766715,16.15267565457721
FETD-D + WLS,FETD_D_AAAI2023__weighted_source_affine,heterogeneous,2014-06-12_001018,0.457731266782023,8.385570899702866
FETD-D + WLS,FETD_D_AAAI2023__weighted_source_affine,heterogeneous,2014-06-12_001022,2.2539964304333626,18.59456068116218
FETD-D + WLS,FETD_D_AAAI2023__weighted_source_affine,heterogeneous,2014-06-12_001029,1.7027377279832976,20.84793809281696
FETD-D + WLS,FETD_D_AAAI2023__weighted_source_affine,heterogeneous,2014-06-13_001006,2.099667942745036,19.736914205731964
FETD-D + WLS,FETD_D_AAAI2023__weighted_source_affine,heterogeneous,2014-06-13_001007,6.37242880535916,54.79825786499599
FETD-D + WLS,FETD_D_AAAI2023__weighted_source_affine,heterogeneous,2014-06-13_001008,3.4031219025287527,48.930759111629044
FETD-D + WLS,FETD_D_AAAI2023__weighted_source_affine,heterogeneous,2014-06-13_001015,7.346281839586474,79.50580405341086
FETD-D + WLS,FETD_D_AAAI2023__weighted_source_affine,heterogeneous,2014-06-13_001017,6.474566276022145,60.782085438097354
FETD-D + WLS,FETD_D_AAAI2023__weighted_source_affine,heterogeneous,2014-06-13_001018,4.509749227836952,30.180095267333485
FETD-D + WLS,FETD_D_AAAI2023__weighted_source_affine,heterogeneous,2014-06-13_001022,2.8087507787388653,36.121893944671974
FETD-D + WLS,FETD_D_AAAI2023__weighted_source_affine,heterogeneous,2014-06-13_001029,5.33107577231813,76.84326080589587
FETD-D + WLS,FETD_D_AAAI2023__weighted_source_affine,heterogeneous,2014-06-14_001006,1.5930225185830622,15.060278976984005
FETD-D + WLS,FETD_D_AAAI2023__weighted_source_affine,heterogeneous,2014-06-14_001007,1.55627342542072,3.9381615913154637
FETD-D + WLS,FETD_D_AAAI2023__weighted_source_affine,heterogeneous,2014-06-14_001008,0.28903811303495885,11.713262249504817
FETD-D + WLS,FETD_D_AAAI2023__weighted_source_affine,heterogeneous,2014-06-14_001015,0.6935661764186349,19.88132342991483
FETD-D + WLS,FETD_D_AAAI2023__weighted_source_affine,heterogeneous,2014-06-14_001017,1.3884182243490102,17.064792671510947
FETD-D + WLS,FETD_D_AAAI2023__weighted_source_affine,heterogeneous,2014-06-14_001018,0.8779096364799202,4.312054504834839
FETD-D + WLS,FETD_D_AAAI2023__weighted_source_affine,heterogeneous,2014-06-14_001022,1.5505116992130397,6.968388299697114
FETD-D + WLS,FETD_D_AAAI2023__weighted_source_affine,heterogeneous,2014-06-14_001029,1.3008824091616056,15.615884246754291
FETD-D + WLS,FETD_D_AAAI2023__weighted_source_affine,heterogeneous,2014-06-15_001006,5.579088941489317,115.98977758409544
FETD-D + WLS,FETD_D_AAAI2023__weighted_source_affine,heterogeneous,2014-06-15_001007,4.3135884403055655,58.277147729211066
FETD-D + WLS,FETD_D_AAAI2023__weighted_source_affine,heterogeneous,2014-06-15_001008,7.107863740591,128.7729527669279
FETD-D + WLS,FETD_D_AAAI2023__weighted_source_affine,heterogeneous,2014-06-15_001015,13.807647836446435,260.3989715968266
FETD-D + WLS,FETD_D_AAAI2023__weighted_source_affine,heterogeneous,2014-06-15_001017,4.094287504907385,64.00309192875284
FETD-D + WLS,FETD_D_AAAI2023__weighted_source_affine,heterogeneous,2014-06-15_001018,10.931121225410521,241.8453472674497
FETD-D + WLS,FETD_D_AAAI2023__weighted_source_affine,heterogeneous,2014-06-15_001022,5.244361955076741,104.61302615192112
FETD-D + WLS,FETD_D_AAAI2023__weighted_source_affine,heterogeneous,2014-06-15_001029,4.963057700205667,56.53933792530921
FETD-D + WLS,FETD_D_AAAI2023__weighted_source_affine,heterogeneous,2014-06-16_001006,0.9382589862740645,54.497750228240406
FETD-D + WLS,FETD_D_AAAI2023__weighted_source_affine,heterogeneous,2014-06-16_001007,2.2636996221112042,41.84625132994592
FETD-D + WLS,FETD_D_AAAI2023__weighted_source_affine,heterogeneous,2014-06-16_001008,1.417804027157473,56.80816015920127
FETD-D + WLS,FETD_D_AAAI2023__weighted_source_affine,heterogeneous,2014-06-16_001015,1.8028124091443374,17.09784346774025
FETD-D + WLS,FETD_D_AAAI2023__weighted_source_affine,heterogeneous,2014-06-16_001017,1.6756912697691746,51.463525990781974
FETD-D + WLS,FETD_D_AAAI2023__weighted_source_affine,heterogeneous,2014-06-16_001018,1.6704297756453172,21.739191505887256
FETD-D + WLS,FETD_D_AAAI2023__weighted_source_affine,heterogeneous,2014-06-16_001022,0.36951775985446034,27.00402877531445
FETD-D + WLS,FETD_D_AAAI2023__weighted_source_affine,heterogeneous,2014-06-16_001029,2.5096385502640572,44.85296732645908
FETD-D + WLS,FETD_D_AAAI2023__weighted_source_affine,heterogeneous,2014-06-17_001006,0.07851081710371943,47.99213546234066
FETD-D + WLS,FETD_D_AAAI2023__weighted_source_affine,heterogeneous,2014-06-17_001007,0.5426640137765872,37.12246162386879
FETD-D + WLS,FETD_D_AAAI2023__weighted_source_affine,heterogeneous,2014-06-17_001008,2.89859978680704,45.62158781783161
FETD-D + WLS,FETD_D_AAAI2023__weighted_source_affine,heterogeneous,2014-06-17_001015,1.0528284929919494,36.54290822659285
FETD-D + WLS,FETD_D_AAAI2023__weighted_source_affine,heterogeneous,2014-06-17_001017,2.1066557910413692,29.727611198525935
FETD-D + WLS,FETD_D_AAAI2023__weighted_source_affine,heterogeneous,2014-06-17_001018,2.4553216992413667,69.54602821092544
FETD-D + WLS,FETD_D_AAAI2023__weighted_source_affine,heterogeneous,2014-06-17_001022,1.6643023720415613,70.86793085732732
FETD-D + WLS,FETD_D_AAAI2023__weighted_source_affine,heterogeneous,2014-06-17_001029,2.9160913332797946,22.317979098483743
FETD-D + WLS,FETD_D_AAAI2023__weighted_source_affine,heterogeneous,2014-06-18_001006,1.9388944151030785,29.850550696507625
FETD-D + WLS,FETD_D_AAAI2023__weighted_source_affine,heterogeneous,2014-06-18_001007,1.0787018068945713,1.163597588197613
FETD-D + WLS,FETD_D_AAAI2023__weighted_source_affine,heterogeneous,2014-06-18_001008,5.000325209347224,41.335893207221226
FETD-D + WLS,FETD_D_AAAI2023__weighted_source_affine,heterogeneous,2014-06-18_001015,2.5695405881007005,15.570865281878527
FETD-D + WLS,FETD_D_AAAI2023__weighted_source_affine,heterogeneous,2014-06-18_001017,2.824393152525346,7.977196680032061
FETD-D + WLS,FETD_D_AAAI2023__weighted_source_affine,heterogeneous,2014-06-18_001018,0.20821652290032233,16.87750153364749
FETD-D + WLS,FETD_D_AAAI2023__weighted_source_affine,heterogeneous,2014-06-18_001022,2.7891071979617017,21.713350471749454
FETD-D + WLS,FETD_D_AAAI2023__weighted_source_affine,heterogeneous,2014-06-18_001029,1.903650999046377,16.781653997805876
FETD-D + WLS,FETD_D_AAAI2023__weighted_source_affine,heterogeneous,2014-06-19_001007,4.602397643761265,44.92572776337328
FETD-D + WLS,FETD_D_AAAI2023__weighted_source_affine,heterogeneous,2014-06-19_001008,7.152534107915244,111.02382297075886
FETD-D + WLS,FETD_D_AAAI2023__weighted_source_affine,heterogeneous,2014-06-19_001015,0.9465063200095472,25.122270970840564
FETD-D + WLS,FETD_D_AAAI2023__weighted_source_affine,heterogeneous,2014-06-19_001017,5.287445283939292,40.5528930095006
FETD-D + WLS,FETD_D_AAAI2023__weighted_source_affine,heterogeneous,2014-06-19_001018,10.358750057418632,198.31795695295727
FETD-D + WLS,FETD_D_AAAI2023__weighted_source_affine,heterogeneous,2014-06-19_001022,3.3290397510126013,51.09724560159346
FETD-D + WLS,FETD_D_AAAI2023__weighted_source_affine,heterogeneous,2014-06-19_001029,9.926480490350578,233.59422926221475
FETD-D + WLS,FETD_D_AAAI2023__weighted_source_affine,heterogeneous,2014-06-20_001006,0.887736026566472,11.50353227660111
FETD-D + WLS,FETD_D_AAAI2023__weighted_source_affine,heterogeneous,2014-06-20_001007,1.576172914848751,11.49102752955477
FETD-D + WLS,FETD_D_AAAI2023__weighted_source_affine,heterogeneous,2014-06-20_001008,1.0676559456496761,20.981511077051795
FETD-D + WLS,FETD_D_AAAI2023__weighted_source_affine,heterogeneous,2014-06-20_001015,2.12293486065947,11.393845465408758
FETD-D + WLS,FETD_D_AAAI2023__weighted_source_affine,heterogeneous,2014-06-20_001017,1.3434377490988325,8.23363515504527
FETD-D + WLS,FETD_D_AAAI2023__weighted_source_affine,heterogeneous,2014-06-20_001018,1.6723185142621553,15.417536628451044
FETD-D + WLS,FETD_D_AAAI2023__weighted_source_affine,heterogeneous,2014-06-20_001022,3.308641960317443,26.570785764626123
FETD-D + WLS,FETD_D_AAAI2023__weighted_source_affine,heterogeneous,2014-06-20_001029,3.7559324168210573,33.63135859947218
FETD-D + WLS,FETD_D_AAAI2023__weighted_source_affine,heterogeneous,2014-06-21_001006,3.765439412223671,22.612224932684647
FETD-D + WLS,FETD_D_AAAI2023__weighted_source_affine,heterogeneous,2014-06-21_001007,0.5339860409967798,5.181187642900306
FETD-D + WLS,FETD_D_AAAI2023__weighted_source_affine,heterogeneous,2014-06-21_001008,2.926852536428939,20.10058713324198
FETD-D + WLS,FETD_D_AAAI2023__weighted_source_affine,heterogeneous,2014-06-21_001015,1.4287347754067241,6.766003018710629
FETD-D + WLS,FETD_D_AAAI2023__weighted_source_affine,heterogeneous,2014-06-21_001017,2.427735051068744,26.690576803580374
FETD-D + WLS,FETD_D_AAAI2023__weighted_source_affine,heterogeneous,2014-06-21_001022,0.1905236079407402,12.125773031553148
FETD-D + WLS,FETD_D_AAAI2023__weighted_source_affine,heterogeneous,2014-06-21_001029,1.4774041124172754,9.080077922276493
FETD-D + WLS,FETD_D_AAAI2023__weighted_source_affine,heterogeneous,2014-06-22_001006,0.8775993971616529,22.670796997054378
FETD-D + WLS,FETD_D_AAAI2023__weighted_source_affine,heterogeneous,2014-06-22_001007,0.2705460477277981,3.869658638738283
FETD-D + WLS,FETD_D_AAAI2023__weighted_source_affine,heterogeneous,2014-06-22_001008,2.2731860074275616,23.69584776916006
FETD-D + WLS,FETD_D_AAAI2023__weighted_source_affine,heterogeneous,2014-06-22_001015,1.3594230398728442,26.383250985000153
FETD-D + WLS,FETD_D_AAAI2023__weighted_source_affine,heterogeneous,2014-06-22_001017,0.4364888992613558,5.738773408206681
FETD-D + WLS,FETD_D_AAAI2023__weighted_source_affine,heterogeneous,2014-06-22_001018,1.2539720003425714,9.93378457771291
FETD-D + WLS,FETD_D_AAAI2023__weighted_source_affine,heterogeneous,2014-06-22_001022,1.3736956326743481,19.962514899516822
FETD-D + WLS,FETD_D_AAAI2023__weighted_source_affine,heterogeneous,2014-06-22_001029,0.9974338660569586,1.114574897953239
FETD-D + WLS,FETD_D_AAAI2023__weighted_source_affine,heterogeneous,2014-06-23_001006,0.7950171830537283,13.287592323854279
FETD-D + WLS,FETD_D_AAAI2023__weighted_source_affine,heterogeneous,2014-06-23_001007,3.72645335180151,15.244467567476995
FETD-D + WLS,FETD_D_AAAI2023__weighted_source_affine,heterogeneous,2014-06-23_001008,3.9106618505457877,15.293276109314204
FETD-D + WLS,FETD_D_AAAI2023__weighted_source_affine,heterogeneous,2014-06-23_001015,3.004067650122127,24.286346388077902
FETD-D + WLS,FETD_D_AAAI2023__weighted_source_affine,heterogeneous,2014-06-23_001017,0.7046638310732085,13.792305350966133
FETD-D + WLS,FETD_D_AAAI2023__weighted_source_affine,heterogeneous,2014-06-23_001018,2.6116950182462944,49.08594426568424
FETD-D + WLS,FETD_D_AAAI2023__weighted_source_affine,heterogeneous,2014-06-23_001022,2.648106451406667,7.8038366448533045
FETD-D + WLS,FETD_D_AAAI2023__weighted_source_affine,heterogeneous,2014-06-23_001029,1.7168842481913416,19.322635220926735
FETD-D + WLS,FETD_D_AAAI2023__weighted_source_affine,heterogeneous,2014-06-24_001006,2.9871132005883183,22.420423186151407
FETD-D + WLS,FETD_D_AAAI2023__weighted_source_affine,heterogeneous,2014-06-24_001007,0.3266702865353093,32.99516204666496
FETD-D + WLS,FETD_D_AAAI2023__weighted_source_affine,heterogeneous,2014-06-24_001008,0.8198991815746481,2.9202305252525194
FETD-D + WLS,FETD_D_AAAI2023__weighted_source_affine,heterogeneous,2014-06-24_001015,2.9629954374104415,24.736657030684214
FETD-D + WLS,FETD_D_AAAI2023__weighted_source_affine,heterogeneous,2014-06-24_001017,0.3432755913518193,5.139174745695332
FETD-D + WLS,FETD_D_AAAI2023__weighted_source_affine,heterogeneous,2014-06-24_001018,6.302534265754048,107.75070854877542
FETD-D + WLS,FETD_D_AAAI2023__weighted_source_affine,heterogeneous,2014-06-24_001022,0.6985486146323154,15.413387570053244
FETD-D + WLS,FETD_D_AAAI2023__weighted_source_affine,heterogeneous,2014-06-24_001029,0.5797085482417543,17.471930498891517
FETD-D + WLS,FETD_D_AAAI2023__weighted_source_affine,heterogeneous,2014-06-25_001006,2.5763676369483335,19.870286584931584
FETD-D + WLS,FETD_D_AAAI2023__weighted_source_affine,heterogeneous,2014-06-25_001007,0.4726077001956668,3.3908847078034414
FETD-D + WLS,FETD_D_AAAI2023__weighted_source_affine,heterogeneous,2014-06-25_001008,0.23225342992981268,28.921668564487362
FETD-D + WLS,FETD_D_AAAI2023__weighted_source_affine,heterogeneous,2014-06-25_001015,5.590319915802397,60.199034329885635
FETD-D + WLS,FETD_D_AAAI2023__weighted_source_affine,heterogeneous,2014-06-25_001017,1.2328530619729747,5.932692499129321
FETD-D + WLS,FETD_D_AAAI2023__weighted_source_affine,heterogeneous,2014-06-25_001022,1.341764397143848,5.078912502018739
FETD-D + WLS,FETD_D_AAAI2023__weighted_source_affine,heterogeneous,2014-06-25_001029,1.7236247797490591,19.839862140901918
FETD-AK + WLS,FETD_AK_AAAI2023__weighted_source_affine,exact,2014-05-29_001006,2.9250297370122027,174.38990790116267
FETD-AK + WLS,FETD_AK_AAAI2023__weighted_source_affine,exact,2014-05-29_001007,0.5580438223449562,145.93920314651967
FETD-AK + WLS,FETD_AK_AAAI2023__weighted_source_affine,exact,2014-05-29_001008,3.735617165865989,131.03239599849636
FETD-AK + WLS,FETD_AK_AAAI2023__weighted_source_affine,exact,2014-05-29_001015,6.118892952193335,98.7011388660834
FETD-AK + WLS,FETD_AK_AAAI2023__weighted_source_affine,exact,2014-05-29_001017,0.5341209420725193,71.76371294193078
FETD-AK + WLS,FETD_AK_AAAI2023__weighted_source_affine,exact,2014-05-29_001018,2.878834903760179,100.7518822147868
FETD-AK + WLS,FETD_AK_AAAI2023__weighted_source_affine,exact,2014-05-29_001022,3.784344176057644,65.44665628755871
FETD-AK + WLS,FETD_AK_AAAI2023__weighted_source_affine,exact,2014-05-29_001029,6.62333988588091,178.91428600260352
FETD-AK + WLS,FETD_AK_AAAI2023__weighted_source_affine,exact,2014-05-30_001006,2.289897468509267,99.13555825260326
FETD-AK + WLS,FETD_AK_AAAI2023__weighted_source_affine,exact,2014-05-30_001007,0.4654153460452193,28.688780151569507
FETD-AK + WLS,FETD_AK_AAAI2023__weighted_source_affine,exact,2014-05-30_001008,1.182053555071505,40.7175371496255
FETD-AK + WLS,FETD_AK_AAAI2023__weighted_source_affine,exact,2014-05-30_001015,0.6815976341387682,38.36604978997785
FETD-AK + WLS,FETD_AK_AAAI2023__weighted_source_affine,exact,2014-05-30_001017,0.35159966531170994,74.5668442118779
FETD-AK + WLS,FETD_AK_AAAI2023__weighted_source_affine,exact,2014-05-30_001018,0.4699504513963575,39.910771464956134
FETD-AK + WLS,FETD_AK_AAAI2023__weighted_source_affine,exact,2014-05-30_001022,0.08373391534092889,37.862698967235396
FETD-AK + WLS,FETD_AK_AAAI2023__weighted_source_affine,exact,2014-05-30_001029,2.7772416008670646,115.49043145533017
FETD-AK + WLS,FETD_AK_AAAI2023__weighted_source_affine,exact,2014-05-31_001006,0.6905529178618366,54.88857574272489
FETD-AK + WLS,FETD_AK_AAAI2023__weighted_source_affine,exact,2014-05-31_001007,2.731269299258173,67.20348683190758
FETD-AK + WLS,FETD_AK_AAAI2023__weighted_source_affine,exact,2014-05-31_001008,2.1556962869143774,62.58863340086629
FETD-AK + WLS,FETD_AK_AAAI2023__weighted_source_affine,exact,2014-05-31_001015,1.763050085914486,73.54502677924353
FETD-AK + WLS,FETD_AK_AAAI2023__weighted_source_affine,exact,2014-05-31_001017,1.2075264605417715,35.88024399397579
FETD-AK + WLS,FETD_AK_AAAI2023__weighted_source_affine,exact,2014-05-31_001018,1.1054664936645509,58.614138644912245
FETD-AK + WLS,FETD_AK_AAAI2023__weighted_source_affine,exact,2014-05-31_001022,1.5794265998559354,67.14832972885745
FETD-AK + WLS,FETD_AK_AAAI2023__weighted_source_affine,exact,2014-05-31_001029,1.2733632839640876,56.28091885213621
FETD-AK + WLS,FETD_AK_AAAI2023__weighted_source_affine,exact,2014-06-01_001006,1.3174724891044107,80.12754115843104
FETD-AK + WLS,FETD_AK_AAAI2023__weighted_source_affine,exact,2014-06-01_001007,0.2686671667409257,56.914700025109205
FETD-AK + WLS,FETD_AK_AAAI2023__weighted_source_affine,exact,2014-06-01_001008,1.201422348636406,61.791765735821016
FETD-AK + WLS,FETD_AK_AAAI2023__weighted_source_affine,exact,2014-06-01_001015,0.3873091396494672,82.24838313048093
FETD-AK + WLS,FETD_AK_AAAI2023__weighted_source_affine,exact,2014-06-01_001017,0.16427476025171472,75.71172827423939
FETD-AK + WLS,FETD_AK_AAAI2023__weighted_source_affine,exact,2014-06-01_001018,0.5348541298339988,61.746003317635704
FETD-AK + WLS,FETD_AK_AAAI2023__weighted_source_affine,exact,2014-06-01_001022,0.2957853397616681,47.201493730273604
FETD-AK + WLS,FETD_AK_AAAI2023__weighted_source_affine,exact,2014-06-01_001029,1.52851512910933,121.1235427279837
FETD-AK + WLS,FETD_AK_AAAI2023__weighted_source_affine,exact,2014-06-02_001006,0.6388207587667374,58.14778425878831
FETD-AK + WLS,FETD_AK_AAAI2023__weighted_source_affine,exact,2014-06-02_001007,1.517010391588542,73.3726646885944
FETD-AK + WLS,FETD_AK_AAAI2023__weighted_source_affine,exact,2014-06-02_001008,1.5750498128564772,72.1485749048242
FETD-AK + WLS,FETD_AK_AAAI2023__weighted_source_affine,exact,2014-06-02_001015,0.24931853755654743,49.72224575732025
FETD-AK + WLS,FETD_AK_AAAI2023__weighted_source_affine,exact,2014-06-02_001017,0.2089034437270172,36.128332127246175
FETD-AK + WLS,FETD_AK_AAAI2023__weighted_source_affine,exact,2014-06-02_001018,3.625245477705178,85.71650505923604
FETD-AK + WLS,FETD_AK_AAAI2023__weighted_source_affine,exact,2014-06-02_001022,0.5501084390382438,40.6044477535508
FETD-AK + WLS,FETD_AK_AAAI2023__weighted_source_affine,exact,2014-06-02_001029,1.6988486987340465,75.9360410823675
FETD-AK + WLS,FETD_AK_AAAI2023__weighted_source_affine,exact,2014-06-03_001006,2.3047516274909583,95.87800659865304
FETD-AK + WLS,FETD_AK_AAAI2023__weighted_source_affine,exact,2014-06-03_001007,1.6574902720340745,96.91207734755349
FETD-AK + WLS,FETD_AK_AAAI2023__weighted_source_affine,exact,2014-06-03_001008,1.3255676133291203,51.57795739898536
FETD-AK + WLS,FETD_AK_AAAI2023__weighted_source_affine,exact,2014-06-03_001015,3.624937137509228,163.26369997574793
FETD-AK + WLS,FETD_AK_AAAI2023__weighted_source_affine,exact,2014-06-03_001017,0.5825581002502247,62.42479311375542
FETD-AK + WLS,FETD_AK_AAAI2023__weighted_source_affine,exact,2014-06-03_001018,0.5658909039237301,57.12845268825933
FETD-AK + WLS,FETD_AK_AAAI2023__weighted_source_affine,exact,2014-06-03_001022,1.6153250822164864,89.31623015617787
FETD-AK + WLS,FETD_AK_AAAI2023__weighted_source_affine,exact,2014-06-03_001029,1.8312832420538925,89.03143113832583
FETD-AK + WLS,FETD_AK_AAAI2023__weighted_source_affine,exact,2014-06-04_001022,0.9441203786059305,51.137123042691485
FETD-AK + WLS,FETD_AK_AAAI2023__weighted_source_affine,exact,2014-06-05_001006,1.0593782212123033,34.389372697527975
FETD-AK + WLS,FETD_AK_AAAI2023__weighted_source_affine,exact,2014-06-05_001007,0.18756740396968752,37.04054730651795
FETD-AK + WLS,FETD_AK_AAAI2023__weighted_source_affine,exact,2014-06-05_001008,0.14846335815157374,37.302116562797934
FETD-AK + WLS,FETD_AK_AAAI2023__weighted_source_affine,exact,2014-06-05_001015,2.4408633943712275,71.94973728322971
FETD-AK + WLS,FETD_AK_AAAI2023__weighted_source_affine,exact,2014-06-05_001017,0.5774741233863523,54.89973193808335
FETD-AK + WLS,FETD_AK_AAAI2023__weighted_source_affine,exact,2014-06-05_001018,0.43516851876927376,33.270747970073764
FETD-AK + WLS,FETD_AK_AAAI2023__weighted_source_affine,exact,2014-06-05_001022,1.5031763042495072,40.279182555098906
FETD-AK + WLS,FETD_AK_AAAI2023__weighted_source_affine,exact,2014-06-05_001029,0.2087998477539088,43.468562984793536
FETD-AK + WLS,FETD_AK_AAAI2023__weighted_source_affine,exact,2014-06-06_001006,1.0300421643819675,49.72807647051557
FETD-AK + WLS,FETD_AK_AAAI2023__weighted_source_affine,exact,2014-06-06_001007,0.3169817276918536,35.53334284126508
FETD-AK + WLS,FETD_AK_AAAI2023__weighted_source_affine,exact,2014-06-06_001008,0.6201393271183377,46.50916030433603
FETD-AK + WLS,FETD_AK_AAAI2023__weighted_source_affine,exact,2014-06-06_001015,1.7233914371401937,50.323508844118074
FETD-AK + WLS,FETD_AK_AAAI2023__weighted_source_affine,exact,2014-06-06_001017,3.4457298112217813,30.10359208854101
FETD-AK + WLS,FETD_AK_AAAI2023__weighted_source_affine,exact,2014-06-06_001018,1.0582169393913148,43.51035499368908
FETD-AK + WLS,FETD_AK_AAAI2023__weighted_source_affine,exact,2014-06-06_001022,1.818860027142108,34.037509168580705
FETD-AK + WLS,FETD_AK_AAAI2023__weighted_source_affine,exact,2014-06-06_001029,1.0491467720030663,203.13142906422485
FETD-AK + WLS,FETD_AK_AAAI2023__weighted_source_affine,exact,2014-06-07_001006,2.874965540916591,54.670999543016784
FETD-AK + WLS,FETD_AK_AAAI2023__weighted_source_affine,exact,2014-06-07_001007,0.019823017348987726,71.12583400769886
FETD-AK + WLS,FETD_AK_AAAI2023__weighted_source_affine,exact,2014-06-07_001008,2.4721955527757205,106.62096636048986
FETD-AK + WLS,FETD_AK_AAAI2023__weighted_source_affine,exact,2014-06-07_001015,2.5098848354456287,72.45503048336525
FETD-AK + WLS,FETD_AK_AAAI2023__weighted_source_affine,exact,2014-06-07_001017,0.3193740547635109,90.96070045831071
FETD-AK + WLS,FETD_AK_AAAI2023__weighted_source_affine,exact,2014-06-07_001018,1.3909652298092343,90.96323474269917
FETD-AK + WLS,FETD_AK_AAAI2023__weighted_source_affine,exact,2014-06-07_001022,0.38810274239854303,59.47268742123672
FETD-AK + WLS,FETD_AK_AAAI2023__weighted_source_affine,exact,2014-06-07_001029,0.9766892356344989,52.826372771008195
FETD-AK + WLS,FETD_AK_AAAI2023__weighted_source_affine,exact,2014-06-08_001006,1.848376093817322,80.22019782329315
FETD-AK + WLS,FETD_AK_AAAI2023__weighted_source_affine,exact,2014-06-08_001007,0.6029270144349326,71.95753732041497
FETD-AK + WLS,FETD_AK_AAAI2023__weighted_source_affine,exact,2014-06-08_001008,1.413454655538544,80.82730186863925
FETD-AK + WLS,FETD_AK_AAAI2023__weighted_source_affine,exact,2014-06-08_001015,2.770182602089612,73.30110570219499
FETD-AK + WLS,FETD_AK_AAAI2023__weighted_source_affine,exact,2014-06-08_001017,1.8275210053242077,130.21757702656944
FETD-AK + WLS,FETD_AK_AAAI2023__weighted_source_affine,exact,2014-06-08_001018,2.137118739093083,79.89040647219156
FETD-AK + WLS,FETD_AK_AAAI2023__weighted_source_affine,exact,2014-06-08_001022,3.838411538664765,143.0046704127278
FETD-AK + WLS,FETD_AK_AAAI2023__weighted_source_affine,exact,2014-06-08_001029,0.7542988508684516,74.72104205869047
FETD-AK + WLS,FETD_AK_AAAI2023__weighted_source_affine,exact,2014-06-09_001006,1.5871158051681178,95.0572272518741
FETD-AK + WLS,FETD_AK_AAAI2023__weighted_source_affine,exact,2014-06-09_001007,2.1033648856327005,101.65703635953582
FETD-AK + WLS,FETD_AK_AAAI2023__weighted_source_affine,exact,2014-06-09_001015,0.6460554728061751,96.27857377702603
FETD-AK + WLS,FETD_AK_AAAI2023__weighted_source_affine,exact,2014-06-09_001017,1.2171239532435152,31.394204072341783
FETD-AK + WLS,FETD_AK_AAAI2023__weighted_source_affine,exact,2014-06-09_001018,2.6261560360278935,75.97270890664892
FETD-AK + WLS,FETD_AK_AAAI2023__weighted_source_affine,exact,2014-06-09_001022,2.000490588026466,117.07847860445271
FETD-AK + WLS,FETD_AK_AAAI2023__weighted_source_affine,exact,2014-06-09_001029,1.0000516233095098,88.10985765102848
FETD-AK + WLS,FETD_AK_AAAI2023__weighted_source_affine,exact,2014-06-10_001006,0.5182097552389422,70.16569107972875
FETD-AK + WLS,FETD_AK_AAAI2023__weighted_source_affine,exact,2014-06-10_001007,2.8823434020376197,97.89461310401111
FETD-AK + WLS,FETD_AK_AAAI2023__weighted_source_affine,exact,2014-06-10_001008,1.1429834202346,56.06099040194795
FETD-AK + WLS,FETD_AK_AAAI2023__weighted_source_affine,exact,2014-06-10_001015,1.6119612721308982,113.28948950505497
FETD-AK + WLS,FETD_AK_AAAI2023__weighted_source_affine,exact,2014-06-10_001017,0.6038039820129057,52.53867995392876
FETD-AK + WLS,FETD_AK_AAAI2023__weighted_source_affine,exact,2014-06-10_001018,0.17123534977062604,149.4932202466464
FETD-AK + WLS,FETD_AK_AAAI2023__weighted_source_affine,exact,2014-06-10_001022,1.186469684545031,49.78598706429602
FETD-AK + WLS,FETD_AK_AAAI2023__weighted_source_affine,exact,2014-06-10_001029,3.0355269020127302,204.916143422208
FETD-AK + WLS,FETD_AK_AAAI2023__weighted_source_affine,exact,2014-06-11_001006,1.91484789153359,72.23895243287559
FETD-AK + WLS,FETD_AK_AAAI2023__weighted_source_affine,exact,2014-06-11_001007,1.4024227018297886,141.05633365067672
FETD-AK + WLS,FETD_AK_AAAI2023__weighted_source_affine,exact,2014-06-11_001008,1.5376331552502052,123.23380360054229
FETD-AK + WLS,FETD_AK_AAAI2023__weighted_source_affine,exact,2014-06-11_001015,0.04889575481564634,116.57573669241407
FETD-AK + WLS,FETD_AK_AAAI2023__weighted_source_affine,exact,2014-06-11_001017,0.9218993329436529,71.85089823764046
FETD-AK + WLS,FETD_AK_AAAI2023__weighted_source_affine,exact,2014-06-11_001018,1.0084529383871086,131.27904651234803
FETD-AK + WLS,FETD_AK_AAAI2023__weighted_source_affine,exact,2014-06-11_001022,1.8443300628212338,98.67512289596932
FETD-AK + WLS,FETD_AK_AAAI2023__weighted_source_affine,exact,2014-06-11_001029,1.4163804487540101,172.56574290264575
FETD-AK + WLS,FETD_AK_AAAI2023__weighted_source_affine,exact,2014-06-12_001006,2.202854500433318,86.37218272860036
FETD-AK + WLS,FETD_AK_AAAI2023__weighted_source_affine,exact,2014-06-12_001007,0.26783866744673546,88.216318275907
FETD-AK + WLS,FETD_AK_AAAI2023__weighted_source_affine,exact,2014-06-12_001008,0.05722047954056109,80.07498764011197
FETD-AK + WLS,FETD_AK_AAAI2023__weighted_source_affine,exact,2014-06-12_001015,1.0944155398217745,60.611752068414056
FETD-AK + WLS,FETD_AK_AAAI2023__weighted_source_affine,exact,2014-06-12_001017,0.5064316402403541,80.50806968766915
FETD-AK + WLS,FETD_AK_AAAI2023__weighted_source_affine,exact,2014-06-12_001018,1.9738622890621755,59.07979486752794
FETD-AK + WLS,FETD_AK_AAAI2023__weighted_source_affine,exact,2014-06-12_001022,2.308448243505124,38.554514315661365
FETD-AK + WLS,FETD_AK_AAAI2023__weighted_source_affine,exact,2014-06-12_001029,0.3007876751095466,76.47963873785442
FETD-AK + WLS,FETD_AK_AAAI2023__weighted_source_affine,exact,2014-06-13_001006,1.4046643835144792,116.14531867051357
FETD-AK + WLS,FETD_AK_AAAI2023__weighted_source_affine,exact,2014-06-13_001007,2.2463720045292774,107.83063494882012
FETD-AK + WLS,FETD_AK_AAAI2023__weighted_source_affine,exact,2014-06-13_001008,1.2805554763943618,100.991686196462
FETD-AK + WLS,FETD_AK_AAAI2023__weighted_source_affine,exact,2014-06-13_001015,7.070479412420074,130.45508697161614
FETD-AK + WLS,FETD_AK_AAAI2023__weighted_source_affine,exact,2014-06-13_001017,6.219262415590698,224.98620808736482
FETD-AK + WLS,FETD_AK_AAAI2023__weighted_source_affine,exact,2014-06-13_001018,0.3701781295338016,152.046999248908
FETD-AK + WLS,FETD_AK_AAAI2023__weighted_source_affine,exact,2014-06-13_001022,5.525352561915049,164.10519280844892
FETD-AK + WLS,FETD_AK_AAAI2023__weighted_source_affine,exact,2014-06-13_001029,0.24239456317101826,56.45855971731977
FETD-AK + WLS,FETD_AK_AAAI2023__weighted_source_affine,exact,2014-06-14_001006,1.0331268517011125,82.37071678997148
FETD-AK + WLS,FETD_AK_AAAI2023__weighted_source_affine,exact,2014-06-14_001007,1.4412980590555087,68.00219428349742
FETD-AK + WLS,FETD_AK_AAAI2023__weighted_source_affine,exact,2014-06-14_001008,0.6902732658014017,69.29629800365849
FETD-AK + WLS,FETD_AK_AAAI2023__weighted_source_affine,exact,2014-06-14_001015,0.6060900012899921,86.1189260996923
FETD-AK + WLS,FETD_AK_AAAI2023__weighted_source_affine,exact,2014-06-14_001017,2.426561544177659,55.78986336441046
FETD-AK + WLS,FETD_AK_AAAI2023__weighted_source_affine,exact,2014-06-14_001018,0.31548639024163094,83.23883170195212
FETD-AK + WLS,FETD_AK_AAAI2023__weighted_source_affine,exact,2014-06-14_001022,2.5842030826935734,61.80736771344505
FETD-AK + WLS,FETD_AK_AAAI2023__weighted_source_affine,exact,2014-06-14_001029,0.6248467866433387,85.44048861106181
FETD-AK + WLS,FETD_AK_AAAI2023__weighted_source_affine,exact,2014-06-15_001006,0.19461885741833385,62.682937266538254
FETD-AK + WLS,FETD_AK_AAAI2023__weighted_source_affine,exact,2014-06-15_001007,1.0483364439706406,42.06198370915901
FETD-AK + WLS,FETD_AK_AAAI2023__weighted_source_affine,exact,2014-06-15_001008,0.9976472299010766,35.47076470917327
FETD-AK + WLS,FETD_AK_AAAI2023__weighted_source_affine,exact,2014-06-15_001015,2.382971054344196,62.62654898998429
FETD-AK + WLS,FETD_AK_AAAI2023__weighted_source_affine,exact,2014-06-15_001017,2.311382020358309,65.93650087516434
FETD-AK + WLS,FETD_AK_AAAI2023__weighted_source_affine,exact,2014-06-15_001018,0.3018940219677546,55.93263227072676
FETD-AK + WLS,FETD_AK_AAAI2023__weighted_source_affine,exact,2014-06-15_001022,2.2712661074992297,53.373328212521486
FETD-AK + WLS,FETD_AK_AAAI2023__weighted_source_affine,exact,2014-06-15_001029,1.0009285409778954,30.926317337731625
FETD-AK + WLS,FETD_AK_AAAI2023__weighted_source_affine,exact,2014-06-16_001006,1.8237378684387693,67.83145684521095
FETD-AK + WLS,FETD_AK_AAAI2023__weighted_source_affine,exact,2014-06-16_001007,0.46430065477335347,34.55482791770493
FETD-AK + WLS,FETD_AK_AAAI2023__weighted_source_affine,exact,2014-06-16_001008,1.772759811142322,37.372689352455545
FETD-AK + WLS,FETD_AK_AAAI2023__weighted_source_affine,exact,2014-06-16_001015,1.535992964452106,23.53767609898766
FETD-AK + WLS,FETD_AK_AAAI2023__weighted_source_affine,exact,2014-06-16_001017,2.0847045028124,28.5776124794168
FETD-AK + WLS,FETD_AK_AAAI2023__weighted_source_affine,exact,2014-06-16_001018,1.010894770694847,19.410092576391758
FETD-AK + WLS,FETD_AK_AAAI2023__weighted_source_affine,exact,2014-06-16_001022,1.6359210759090672,51.15933145687724
FETD-AK + WLS,FETD_AK_AAAI2023__weighted_source_affine,exact,2014-06-16_001029,4.002778995402622,55.59627869272639
FETD-AK + WLS,FETD_AK_AAAI2023__weighted_source_affine,exact,2014-06-17_001006,1.4009997413746618,18.36922130585937
FETD-AK + WLS,FETD_AK_AAAI2023__weighted_source_affine,exact,2014-06-17_001007,0.6857403156335664,21.733460810252193
FETD-AK + WLS,FETD_AK_AAAI2023__weighted_source_affine,exact,2014-06-17_001008,0.36364379275935477,58.17711994730027
FETD-AK + WLS,FETD_AK_AAAI2023__weighted_source_affine,exact,2014-06-17_001015,0.030617749085735113,24.783486272219793
FETD-AK + WLS,FETD_AK_AAAI2023__weighted_source_affine,exact,2014-06-17_001017,1.2153848760003783,67.04746009314637
FETD-AK + WLS,FETD_AK_AAAI2023__weighted_source_affine,exact,2014-06-17_001018,1.8126137999060745,41.77380360193982
FETD-AK + WLS,FETD_AK_AAAI2023__weighted_source_affine,exact,2014-06-17_001022,0.6116084882148201,49.99627617330964
FETD-AK + WLS,FETD_AK_AAAI2023__weighted_source_affine,exact,2014-06-17_001029,0.6998348117438198,42.431310072051566
FETD-AK + WLS,FETD_AK_AAAI2023__weighted_source_affine,exact,2014-06-18_001006,2.5237058744569936,144.53187429368663
FETD-AK + WLS,FETD_AK_AAAI2023__weighted_source_affine,exact,2014-06-18_001007,1.873031440346125,86.66073623375136
FETD-AK + WLS,FETD_AK_AAAI2023__weighted_source_affine,exact,2014-06-18_001008,1.0075039115108027,116.91996177622083
FETD-AK + WLS,FETD_AK_AAAI2023__weighted_source_affine,exact,2014-06-18_001015,5.145264585470187,116.79868674991911
FETD-AK + WLS,FETD_AK_AAAI2023__weighted_source_affine,exact,2014-06-18_001017,0.7558629635804834,48.66791895446201
FETD-AK + WLS,FETD_AK_AAAI2023__weighted_source_affine,exact,2014-06-18_001018,0.9256030793693277,127.97433712006378
FETD-AK + WLS,FETD_AK_AAAI2023__weighted_source_affine,exact,2014-06-18_001022,5.683897397660498,180.5635574626054
FETD-AK + WLS,FETD_AK_AAAI2023__weighted_source_affine,exact,2014-06-18_001029,0.9239880346472233,85.672768567089
FETD-AK + WLS,FETD_AK_AAAI2023__weighted_source_affine,exact,2014-06-19_001007,4.55844437660798,66.62747561025726
FETD-AK + WLS,FETD_AK_AAAI2023__weighted_source_affine,exact,2014-06-19_001008,1.0586676847587455,20.86631066826105
FETD-AK + WLS,FETD_AK_AAAI2023__weighted_source_affine,exact,2014-06-19_001015,0.3058440516311691,35.64995255714044
FETD-AK + WLS,FETD_AK_AAAI2023__weighted_source_affine,exact,2014-06-19_001017,2.0051225892865716,32.96717088808369
FETD-AK + WLS,FETD_AK_AAAI2023__weighted_source_affine,exact,2014-06-19_001018,0.5659229141263609,31.38106216204623
FETD-AK + WLS,FETD_AK_AAAI2023__weighted_source_affine,exact,2014-06-19_001022,0.24929858562961726,20.83040978805423
FETD-AK + WLS,FETD_AK_AAAI2023__weighted_source_affine,exact,2014-06-19_001029,1.8500552927232974,69.99315858002919
FETD-AK + WLS,FETD_AK_AAAI2023__weighted_source_affine,exact,2014-06-20_001006,1.6638955732255098,69.63824655477221
FETD-AK + WLS,FETD_AK_AAAI2023__weighted_source_affine,exact,2014-06-20_001007,4.291908371850347,72.89978730118574
FETD-AK + WLS,FETD_AK_AAAI2023__weighted_source_affine,exact,2014-06-20_001008,0.3894933683369217,124.11409283198265
FETD-AK + WLS,FETD_AK_AAAI2023__weighted_source_affine,exact,2014-06-20_001015,0.6492215081094912,67.14996566882787
FETD-AK + WLS,FETD_AK_AAAI2023__weighted_source_affine,exact,2014-06-20_001017,1.9337654165910223,105.46739975924315
FETD-AK + WLS,FETD_AK_AAAI2023__weighted_source_affine,exact,2014-06-20_001018,0.9896014748644646,86.3618778903692
FETD-AK + WLS,FETD_AK_AAAI2023__weighted_source_affine,exact,2014-06-20_001022,3.145814965144755,96.84007473435786
FETD-AK + WLS,FETD_AK_AAAI2023__weighted_source_affine,exact,2014-06-20_001029,2.7710052549947584,81.0
FETD-AK + WLS,FETD_AK_AAAI2023__weighted_source_affine,exact,2014-06-21_001006,0.36950529413077504,29.77921056365617
FETD-AK + WLS,FETD_AK_AAAI2023__weighted_source_affine,exact,2014-06-21_001007,0.1733104373425789,58.841454266296196
FETD-AK + WLS,FETD_AK_AAAI2023__weighted_source_affine,exact,2014-06-21_001008,1.2912797666985796,48.28509707836518
FETD-AK + WLS,FETD_AK_AAAI2023__weighted_source_affine,exact,2014-06-21_001015,0.2803533811244563,54.41939010410417
FETD-AK + WLS,FETD_AK_AAAI2023__weighted_source_affine,exact,2014-06-21_001017,6.402685359287503,254.2128236258013
FETD-AK + WLS,FETD_AK_AAAI2023__weighted_source_affine,exact,2014-06-21_001022,1.6618073001740044,136.62922273633538
FETD-AK + WLS,FETD_AK_AAAI2023__weighted_source_affine,exact,2014-06-21_001029,1.5867683002411042,104.01128392599185
FETD-AK + WLS,FETD_AK_AAAI2023__weighted_source_affine,exact,2014-06-22_001006,1.0214235145375667,87.55568673872126
FETD-AK + WLS,FETD_AK_AAAI2023__weighted_source_affine,exact,2014-06-22_001007,1.5102292397529808,51.491162683611925
FETD-AK + WLS,FETD_AK_AAAI2023__weighted_source_affine,exact,2014-06-22_001008,1.1432262019410047,62.1282566924594
FETD-AK + WLS,FETD_AK_AAAI2023__weighted_source_affine,exact,2014-06-22_001015,0.6489880062288549,85.42683478972555
FETD-AK + WLS,FETD_AK_AAAI2023__weighted_source_affine,exact,2014-06-22_001017,0.6496427555378332,86.86699958004172
FETD-AK + WLS,FETD_AK_AAAI2023__weighted_source_affine,exact,2014-06-22_001018,0.9381097424561773,106.34881012611136
FETD-AK + WLS,FETD_AK_AAAI2023__weighted_source_affine,exact,2014-06-22_001022,0.014590871963541474,63.95873680855093
FETD-AK + WLS,FETD_AK_AAAI2023__weighted_source_affine,exact,2014-06-22_001029,0.14597399413403167,79.94610115874833
FETD-AK + WLS,FETD_AK_AAAI2023__weighted_source_affine,exact,2014-06-23_001006,0.5960155284207289,85.7478074308844
FETD-AK + WLS,FETD_AK_AAAI2023__weighted_source_affine,exact,2014-06-23_001007,2.219278439838705,65.45677122400264
FETD-AK + WLS,FETD_AK_AAAI2023__weighted_source_affine,exact,2014-06-23_001008,0.72352170045259,64.9419325995514
FETD-AK + WLS,FETD_AK_AAAI2023__weighted_source_affine,exact,2014-06-23_001015,1.462061932200827,74.63032290442723
FETD-AK + WLS,FETD_AK_AAAI2023__weighted_source_affine,exact,2014-06-23_001017,0.07802797479924628,106.84956742380606
FETD-AK + WLS,FETD_AK_AAAI2023__weighted_source_affine,exact,2014-06-23_001018,1.5260138348399508,56.94572865253618
FETD-AK + WLS,FETD_AK_AAAI2023__weighted_source_affine,exact,2014-06-23_001022,1.745521992924786,47.91681471681101
FETD-AK + WLS,FETD_AK_AAAI2023__weighted_source_affine,exact,2014-06-23_001029,1.0482427036756476,98.7707743795116
FETD-AK + WLS,FETD_AK_AAAI2023__weighted_source_affine,exact,2014-06-24_001006,1.1777950018250323,62.82089243992143
FETD-AK + WLS,FETD_AK_AAAI2023__weighted_source_affine,exact,2014-06-24_001007,3.6054168452330737,182.0727981617409
FETD-AK + WLS,FETD_AK_AAAI2023__weighted_source_affine,exact,2014-06-24_001008,0.8073787629700746,92.61947451655118
FETD-AK + WLS,FETD_AK_AAAI2023__weighted_source_affine,exact,2014-06-24_001015,0.952160062056393,59.168601158143474
FETD-AK + WLS,FETD_AK_AAAI2023__weighted_source_affine,exact,2014-06-24_001017,0.6160519081857458,57.85675439733056
FETD-AK + WLS,FETD_AK_AAAI2023__weighted_source_affine,exact,2014-06-24_001018,4.7509152835328905,154.24174003349808
FETD-AK + WLS,FETD_AK_AAAI2023__weighted_source_affine,exact,2014-06-24_001022,0.737891127003202,72.41241662495791
FETD-AK + WLS,FETD_AK_AAAI2023__weighted_source_affine,exact,2014-06-24_001029,0.2330170688970128,107.03144003625187
FETD-AK + WLS,FETD_AK_AAAI2023__weighted_source_affine,exact,2014-06-25_001006,2.2507657198263757,30.43548189042266
FETD-AK + WLS,FETD_AK_AAAI2023__weighted_source_affine,exact,2014-06-25_001007,1.1292056251418359,58.31224625377617
FETD-AK + WLS,FETD_AK_AAAI2023__weighted_source_affine,exact,2014-06-25_001008,0.07726631984886012,170.31070155991765
FETD-AK + WLS,FETD_AK_AAAI2023__weighted_source_affine,exact,2014-06-25_001015,2.9973686828732724,59.64911120813508
FETD-AK + WLS,FETD_AK_AAAI2023__weighted_source_affine,exact,2014-06-25_001017,2.0649676770722465,53.80042406789538
FETD-AK + WLS,FETD_AK_AAAI2023__weighted_source_affine,exact,2014-06-25_001022,1.6155257484966086,68.73847289582338
FETD-AK + WLS,FETD_AK_AAAI2023__weighted_source_affine,exact,2014-06-25_001029,2.0449246078569843,85.90136910032624
FETD-AK + WLS,FETD_AK_AAAI2023__weighted_source_affine,heterogeneous,2014-05-29_001006,0.3327077334787063,122.83261557495145
FETD-AK + WLS,FETD_AK_AAAI2023__weighted_source_affine,heterogeneous,2014-05-29_001007,1.4831214539546878,90.2602441155401
FETD-AK + WLS,FETD_AK_AAAI2023__weighted_source_affine,heterogeneous,2014-05-29_001008,1.1481893981883005,49.19611576644845
FETD-AK + WLS,FETD_AK_AAAI2023__weighted_source_affine,heterogeneous,2014-05-29_001015,1.567209332114949,59.14710734898846
FETD-AK + WLS,FETD_AK_AAAI2023__weighted_source_affine,heterogeneous,2014-05-29_001017,2.039326565146709,122.67250648036072
FETD-AK + WLS,FETD_AK_AAAI2023__weighted_source_affine,heterogeneous,2014-05-29_001018,0.6193256065799062,68.8387863719497
FETD-AK + WLS,FETD_AK_AAAI2023__weighted_source_affine,heterogeneous,2014-05-29_001022,2.1716697689522633,60.207568436832894
FETD-AK + WLS,FETD_AK_AAAI2023__weighted_source_affine,heterogeneous,2014-05-29_001029,4.896018925259689,162.42730244001058
FETD-AK + WLS,FETD_AK_AAAI2023__weighted_source_affine,heterogeneous,2014-05-30_001006,2.2159176395996525,206.99284286106402
FETD-AK + WLS,FETD_AK_AAAI2023__weighted_source_affine,heterogeneous,2014-05-30_001007,0.9408098041833313,40.253068539405206
FETD-AK + WLS,FETD_AK_AAAI2023__weighted_source_affine,heterogeneous,2014-05-30_001008,4.071126568606118,105.99782971824233
FETD-AK + WLS,FETD_AK_AAAI2023__weighted_source_affine,heterogeneous,2014-05-30_001015,0.24181315809910586,53.53831967228609
FETD-AK + WLS,FETD_AK_AAAI2023__weighted_source_affine,heterogeneous,2014-05-30_001017,3.415135823597737,57.03137961918201
FETD-AK + WLS,FETD_AK_AAAI2023__weighted_source_affine,heterogeneous,2014-05-30_001018,2.5931203737205095,76.1983527549229
FETD-AK + WLS,FETD_AK_AAAI2023__weighted_source_affine,heterogeneous,2014-05-30_001022,2.3330092609034523,51.26562305042374
FETD-AK + WLS,FETD_AK_AAAI2023__weighted_source_affine,heterogeneous,2014-05-30_001029,1.969413039177546,245.28820095730327
FETD-AK + WLS,FETD_AK_AAAI2023__weighted_source_affine,heterogeneous,2014-05-31_001006,2.638182259921223,26.541704505652465
FETD-AK + WLS,FETD_AK_AAAI2023__weighted_source_affine,heterogeneous,2014-05-31_001007,1.4089651977090796,208.40800287016384
FETD-AK + WLS,FETD_AK_AAAI2023__weighted_source_affine,heterogeneous,2014-05-31_001008,2.073681380697977,54.878383278453136
FETD-AK + WLS,FETD_AK_AAAI2023__weighted_source_affine,heterogeneous,2014-05-31_001015,3.608582404038927,32.404008195195225
FETD-AK + WLS,FETD_AK_AAAI2023__weighted_source_affine,heterogeneous,2014-05-31_001017,6.975763649571633,162.19587003123326
FETD-AK + WLS,FETD_AK_AAAI2023__weighted_source_affine,heterogeneous,2014-05-31_001018,2.003908086385195,132.72526426977868
FETD-AK + WLS,FETD_AK_AAAI2023__weighted_source_affine,heterogeneous,2014-05-31_001022,1.0381877676837235,101.77059576133402
FETD-AK + WLS,FETD_AK_AAAI2023__weighted_source_affine,heterogeneous,2014-05-31_001029,0.6525457437354305,110.99450208870216
FETD-AK + WLS,FETD_AK_AAAI2023__weighted_source_affine,heterogeneous,2014-06-01_001006,0.5928474380467854,102.0195376809616
FETD-AK + WLS,FETD_AK_AAAI2023__weighted_source_affine,heterogeneous,2014-06-01_001007,4.157148894036702,48.40140165922076
FETD-AK + WLS,FETD_AK_AAAI2023__weighted_source_affine,heterogeneous,2014-06-01_001008,1.3807728272487267,74.74103697608959
FETD-AK + WLS,FETD_AK_AAAI2023__weighted_source_affine,heterogeneous,2014-06-01_001015,0.22481931350321105,70.51893472486572
FETD-AK + WLS,FETD_AK_AAAI2023__weighted_source_affine,heterogeneous,2014-06-01_001017,1.0291180672046636,113.44784916538244
FETD-AK + WLS,FETD_AK_AAAI2023__weighted_source_affine,heterogeneous,2014-06-01_001018,1.459014606845038,74.19550284477866
FETD-AK + WLS,FETD_AK_AAAI2023__weighted_source_affine,heterogeneous,2014-06-01_001022,1.0054454083270379,58.53673645458498
FETD-AK + WLS,FETD_AK_AAAI2023__weighted_source_affine,heterogeneous,2014-06-01_001029,1.8908915620261695,91.28436812201134
FETD-AK + WLS,FETD_AK_AAAI2023__weighted_source_affine,heterogeneous,2014-06-02_001006,1.4576107398200762,85.72713324580855
FETD-AK + WLS,FETD_AK_AAAI2023__weighted_source_affine,heterogeneous,2014-06-02_001007,1.7564241153526652,95.09315938680689
FETD-AK + WLS,FETD_AK_AAAI2023__weighted_source_affine,heterogeneous,2014-06-02_001008,1.2845228609752155,93.6165267137868
FETD-AK + WLS,FETD_AK_AAAI2023__weighted_source_affine,heterogeneous,2014-06-02_001015,1.1394048087732358,74.37092393590925
FETD-AK + WLS,FETD_AK_AAAI2023__weighted_source_affine,heterogeneous,2014-06-02_001017,0.3562347710984035,71.20782207676392
FETD-AK + WLS,FETD_AK_AAAI2023__weighted_source_affine,heterogeneous,2014-06-02_001018,2.037084053347087,121.59676715206346
FETD-AK + WLS,FETD_AK_AAAI2023__weighted_source_affine,heterogeneous,2014-06-02_001022,0.5239749287142175,80.43989985065816
FETD-AK + WLS,FETD_AK_AAAI2023__weighted_source_affine,heterogeneous,2014-06-02_001029,0.348710689150046,35.530422657459084
FETD-AK + WLS,FETD_AK_AAAI2023__weighted_source_affine,heterogeneous,2014-06-03_001006,0.4139019727352249,53.13741011248352
FETD-AK + WLS,FETD_AK_AAAI2023__weighted_source_affine,heterogeneous,2014-06-03_001007,0.9910686321027171,77.0310950530615
FETD-AK + WLS,FETD_AK_AAAI2023__weighted_source_affine,heterogeneous,2014-06-03_001008,0.02938976921754133,89.58749062472933
FETD-AK + WLS,FETD_AK_AAAI2023__weighted_source_affine,heterogeneous,2014-06-03_001015,1.3336259859040638,95.29562102652483
FETD-AK + WLS,FETD_AK_AAAI2023__weighted_source_affine,heterogeneous,2014-06-03_001017,1.3690497848878138,62.36773435714297
FETD-AK + WLS,FETD_AK_AAAI2023__weighted_source_affine,heterogeneous,2014-06-03_001018,3.475357733427753,37.92897549654631
FETD-AK + WLS,FETD_AK_AAAI2023__weighted_source_affine,heterogeneous,2014-06-03_001022,0.16311769527685982,61.918844995445745
FETD-AK + WLS,FETD_AK_AAAI2023__weighted_source_affine,heterogeneous,2014-06-03_001029,0.2791224921231361,82.01648396401579
FETD-AK + WLS,FETD_AK_AAAI2023__weighted_source_affine,heterogeneous,2014-06-04_001022,0.5473821543565478,74.25582139727562
FETD-AK + WLS,FETD_AK_AAAI2023__weighted_source_affine,heterogeneous,2014-06-05_001006,1.3950574674675649,356.30608249495515
FETD-AK + WLS,FETD_AK_AAAI2023__weighted_source_affine,heterogeneous,2014-06-05_001007,1.9102551183274983,150.6534967815522
FETD-AK + WLS,FETD_AK_AAAI2023__weighted_source_affine,heterogeneous,2014-06-05_001008,0.5832817788793392,58.31826162885034
FETD-AK + WLS,FETD_AK_AAAI2023__weighted_source_affine,heterogeneous,2014-06-05_001015,0.5171186868020001,72.17677283858188
FETD-AK + WLS,FETD_AK_AAAI2023__weighted_source_affine,heterogeneous,2014-06-05_001017,0.24475188267068404,58.67869043806803
FETD-AK + WLS,FETD_AK_AAAI2023__weighted_source_affine,heterogeneous,2014-06-05_001018,0.4338517632640162,50.066927721417315
FETD-AK + WLS,FETD_AK_AAAI2023__weighted_source_affine,heterogeneous,2014-06-05_001022,2.1302512921768297,41.57083306362454
FETD-AK + WLS,FETD_AK_AAAI2023__weighted_source_affine,heterogeneous,2014-06-05_001029,1.1917149391151867,57.62461259561244
FETD-AK + WLS,FETD_AK_AAAI2023__weighted_source_affine,heterogeneous,2014-06-06_001006,0.5007366755941405,81.08061387439172
FETD-AK + WLS,FETD_AK_AAAI2023__weighted_source_affine,heterogeneous,2014-06-06_001007,1.172492791332644,33.928787591669305
FETD-AK + WLS,FETD_AK_AAAI2023__weighted_source_affine,heterogeneous,2014-06-06_001008,0.7737161809138229,30.038764267270924
FETD-AK + WLS,FETD_AK_AAAI2023__weighted_source_affine,heterogeneous,2014-06-06_001015,2.481380071293785,105.43451578696278
FETD-AK + WLS,FETD_AK_AAAI2023__weighted_source_affine,heterogeneous,2014-06-06_001017,0.9283069860035766,42.992955607700495
FETD-AK + WLS,FETD_AK_AAAI2023__weighted_source_affine,heterogeneous,2014-06-06_001018,3.4030323106034075,96.83977586331058
FETD-AK + WLS,FETD_AK_AAAI2023__weighted_source_affine,heterogeneous,2014-06-06_001022,1.6755073863455578,77.75373833090241
FETD-AK + WLS,FETD_AK_AAAI2023__weighted_source_affine,heterogeneous,2014-06-06_001029,2.5475302166478144,493.1209173457262
FETD-AK + WLS,FETD_AK_AAAI2023__weighted_source_affine,heterogeneous,2014-06-07_001006,0.3950257973863156,66.00620429969726
FETD-AK + WLS,FETD_AK_AAAI2023__weighted_source_affine,heterogeneous,2014-06-07_001007,0.9452976074718968,83.92385048346723
FETD-AK + WLS,FETD_AK_AAAI2023__weighted_source_affine,heterogeneous,2014-06-07_001008,4.771721590557272,159.45246505959227
FETD-AK + WLS,FETD_AK_AAAI2023__weighted_source_affine,heterogeneous,2014-06-07_001015,1.6055033901909006,61.19555046984778
FETD-AK + WLS,FETD_AK_AAAI2023__weighted_source_affine,heterogeneous,2014-06-07_001017,3.4854293953158564,139.1991833154916
FETD-AK + WLS,FETD_AK_AAAI2023__weighted_source_affine,heterogeneous,2014-06-07_001018,0.21127117335940504,83.34804947786152
FETD-AK + WLS,FETD_AK_AAAI2023__weighted_source_affine,heterogeneous,2014-06-07_001022,0.2742888121153624,96.1980375209258
FETD-AK + WLS,FETD_AK_AAAI2023__weighted_source_affine,heterogeneous,2014-06-07_001029,0.7889508836264465,81.21956706280451
FETD-AK + WLS,FETD_AK_AAAI2023__weighted_source_affine,heterogeneous,2014-06-08_001006,1.460227867640775,73.53011001805368
FETD-AK + WLS,FETD_AK_AAAI2023__weighted_source_affine,heterogeneous,2014-06-08_001007,0.2147787882583927,65.63088856030024
FETD-AK + WLS,FETD_AK_AAAI2023__weighted_source_affine,heterogeneous,2014-06-08_001008,1.0253064293619971,74.11167809564112
FETD-AK + WLS,FETD_AK_AAAI2023__weighted_source_affine,heterogeneous,2014-06-08_001015,3.158330828266152,80.09810949287963
FETD-AK + WLS,FETD_AK_AAAI2023__weighted_source_affine,heterogeneous,2014-06-08_001017,1.4393727791476678,121.65227446394051
FETD-AK + WLS,FETD_AK_AAAI2023__weighted_source_affine,heterogeneous,2014-06-08_001018,1.7489705129165287,73.20568067475816
FETD-AK + WLS,FETD_AK_AAAI2023__weighted_source_affine,heterogeneous,2014-06-08_001022,3.450263312488225,134.02733070787087
FETD-AK + WLS,FETD_AK_AAAI2023__weighted_source_affine,heterogeneous,2014-06-08_001029,1.1424470770449986,68.16129102009408
FETD-AK + WLS,FETD_AK_AAAI2023__weighted_source_affine,heterogeneous,2014-06-09_001006,4.038133030301964,57.38588019716299
FETD-AK + WLS,FETD_AK_AAAI2023__weighted_source_affine,heterogeneous,2014-06-09_001007,1.2068097087793532,86.39946411169379
FETD-AK + WLS,FETD_AK_AAAI2023__weighted_source_affine,heterogeneous,2014-06-09_001015,0.30183128296116024,89.30586399488226
FETD-AK + WLS,FETD_AK_AAAI2023__weighted_source_affine,heterogeneous,2014-06-09_001017,3.9337358769842368,142.27855934305546
FETD-AK + WLS,FETD_AK_AAAI2023__weighted_source_affine,heterogeneous,2014-06-09_001018,2.591087802498336,160.2671237709001
FETD-AK + WLS,FETD_AK_AAAI2023__weighted_source_affine,heterogeneous,2014-06-09_001022,1.6014078984006659,73.9665904420115
FETD-AK + WLS,FETD_AK_AAAI2023__weighted_source_affine,heterogeneous,2014-06-09_001029,2.099016466594346,92.33648077606149
FETD-AK + WLS,FETD_AK_AAAI2023__weighted_source_affine,heterogeneous,2014-06-10_001006,1.089626108322335,99.1743897937606
FETD-AK + WLS,FETD_AK_AAAI2023__weighted_source_affine,heterogeneous,2014-06-10_001007,4.490179265598869,132.29615412987175
FETD-AK + WLS,FETD_AK_AAAI2023__weighted_source_affine,heterogeneous,2014-06-10_001008,0.464852443326663,78.28684351157634
FETD-AK + WLS,FETD_AK_AAAI2023__weighted_source_affine,heterogeneous,2014-06-10_001015,0.004125408569294109,81.64780832839496
FETD-AK + WLS,FETD_AK_AAAI2023__weighted_source_affine,heterogeneous,2014-06-10_001017,1.0040318815483715,58.29868406590113
FETD-AK + WLS,FETD_AK_AAAI2023__weighted_source_affine,heterogeneous,2014-06-10_001018,1.436600513790637,191.39554500889727
FETD-AK + WLS,FETD_AK_AAAI2023__weighted_source_affine,heterogeneous,2014-06-10_001022,0.4213661790162462,74.57884271489056
FETD-AK + WLS,FETD_AK_AAAI2023__weighted_source_affine,heterogeneous,2014-06-10_001029,1.4276910384514636,253.533274239984
FETD-AK + WLS,FETD_AK_AAAI2023__weighted_source_affine,heterogeneous,2014-06-11_001006,2.4433261525603207,41.789999656155075
FETD-AK + WLS,FETD_AK_AAAI2023__weighted_source_affine,heterogeneous,2014-06-11_001007,0.727584749170159,108.26896038219606
FETD-AK + WLS,FETD_AK_AAAI2023__weighted_source_affine,heterogeneous,2014-06-11_001008,2.763344945365642,60.02967808668759
FETD-AK + WLS,FETD_AK_AAAI2023__weighted_source_affine,heterogeneous,2014-06-11_001015,0.42803050481432336,80.80180514937649
FETD-AK + WLS,FETD_AK_AAAI2023__weighted_source_affine,heterogeneous,2014-06-11_001017,1.88547314914881,42.96094750677412
FETD-AK + WLS,FETD_AK_AAAI2023__weighted_source_affine,heterogeneous,2014-06-11_001018,0.14630566799959333,73.18617340511496
FETD-AK + WLS,FETD_AK_AAAI2023__weighted_source_affine,heterogeneous,2014-06-11_001022,2.5557445230114197,34.11361981675851
FETD-AK + WLS,FETD_AK_AAAI2023__weighted_source_affine,heterogeneous,2014-06-11_001029,0.7672077293743325,61.591444529519165
FETD-AK + WLS,FETD_AK_AAAI2023__weighted_source_affine,heterogeneous,2014-06-12_001006,0.9289275000170072,81.13080166571169
FETD-AK + WLS,FETD_AK_AAAI2023__weighted_source_affine,heterogeneous,2014-06-12_001007,0.34591381087090767,67.69702422531262
FETD-AK + WLS,FETD_AK_AAAI2023__weighted_source_affine,heterogeneous,2014-06-12_001008,1.3857282657095027,38.78380753071618
FETD-AK + WLS,FETD_AK_AAAI2023__weighted_source_affine,heterogeneous,2014-06-12_001015,0.262017646716604,50.85701270196727
FETD-AK + WLS,FETD_AK_AAAI2023__weighted_source_affine,heterogeneous,2014-06-12_001017,2.59041687994646,81.75349492468118
FETD-AK + WLS,FETD_AK_AAAI2023__weighted_source_affine,heterogeneous,2014-06-12_001018,1.6405829512805319,63.48532808895693
FETD-AK + WLS,FETD_AK_AAAI2023__weighted_source_affine,heterogeneous,2014-06-12_001022,1.915544421537323,36.79922448587677
FETD-AK + WLS,FETD_AK_AAAI2023__weighted_source_affine,heterogeneous,2014-06-12_001029,0.6396550457635541,96.03681712234625
FETD-AK + WLS,FETD_AK_AAAI2023__weighted_source_affine,heterogeneous,2014-06-13_001006,2.616438637613257,58.080711803948944
FETD-AK + WLS,FETD_AK_AAAI2023__weighted_source_affine,heterogeneous,2014-06-13_001007,6.871657394545224,102.34266344078948
FETD-AK + WLS,FETD_AK_AAAI2023__weighted_source_affine,heterogeneous,2014-06-13_001008,5.275117058445872,118.37162341419271
FETD-AK + WLS,FETD_AK_AAAI2023__weighted_source_affine,heterogeneous,2014-06-13_001015,6.559076031163258,115.70707609545121
FETD-AK + WLS,FETD_AK_AAAI2023__weighted_source_affine,heterogeneous,2014-06-13_001017,6.112850304998119,70.46055511666616
FETD-AK + WLS,FETD_AK_AAAI2023__weighted_source_affine,heterogeneous,2014-06-13_001018,3.8271405909718936,58.30898665481259
FETD-AK + WLS,FETD_AK_AAAI2023__weighted_source_affine,heterogeneous,2014-06-13_001022,2.9380593426516484,57.66116348479025
FETD-AK + WLS,FETD_AK_AAAI2023__weighted_source_affine,heterogeneous,2014-06-13_001029,3.009747298093913,129.0650241532497
FETD-AK + WLS,FETD_AK_AAAI2023__weighted_source_affine,heterogeneous,2014-06-14_001006,2.289684749507842,109.44881480244298
FETD-AK + WLS,FETD_AK_AAAI2023__weighted_source_affine,heterogeneous,2014-06-14_001007,1.1043948416102403,73.08942360599863
FETD-AK + WLS,FETD_AK_AAAI2023__weighted_source_affine,heterogeneous,2014-06-14_001008,0.5468589251081113,90.03339708852948
FETD-AK + WLS,FETD_AK_AAAI2023__weighted_source_affine,heterogeneous,2014-06-14_001015,0.20852540555598154,92.43665134515398
FETD-AK + WLS,FETD_AK_AAAI2023__weighted_source_affine,heterogeneous,2014-06-14_001017,2.217257958100191,114.2210978339031
FETD-AK + WLS,FETD_AK_AAAI2023__weighted_source_affine,heterogeneous,2014-06-14_001018,0.7951748360618112,88.13356749330947
FETD-AK + WLS,FETD_AK_AAAI2023__weighted_source_affine,heterogeneous,2014-06-14_001022,1.6142499243711654,81.96989653686443
FETD-AK + WLS,FETD_AK_AAAI2023__weighted_source_affine,heterogeneous,2014-06-14_001029,0.8052097630399331,110.46293790229645
FETD-AK + WLS,FETD_AK_AAAI2023__weighted_source_affine,heterogeneous,2014-06-15_001006,6.931612585409212,372.6948622807561
FETD-AK + WLS,FETD_AK_AAAI2023__weighted_source_affine,heterogeneous,2014-06-15_001007,2.855751986261467,382.2766744154845
FETD-AK + WLS,FETD_AK_AAAI2023__weighted_source_affine,heterogeneous,2014-06-15_001008,4.423178171910337,267.2643881280297
FETD-AK + WLS,FETD_AK_AAAI2023__weighted_source_affine,heterogeneous,2014-06-15_001015,10.191047266970017,417.9524506111292
FETD-AK + WLS,FETD_AK_AAAI2023__weighted_source_affine,heterogeneous,2014-06-15_001017,4.713474021576758,248.27402076167587
FETD-AK + WLS,FETD_AK_AAAI2023__weighted_source_affine,heterogeneous,2014-06-15_001018,9.445440145161086,299.30593699425003
FETD-AK + WLS,FETD_AK_AAAI2023__weighted_source_affine,heterogeneous,2014-06-15_001022,4.906395325892802,311.346568795606
FETD-AK + WLS,FETD_AK_AAAI2023__weighted_source_affine,heterogeneous,2014-06-15_001029,4.984058280169549,161.8356519416243
FETD-AK + WLS,FETD_AK_AAAI2023__weighted_source_affine,heterogeneous,2014-06-16_001006,2.071653244492495,137.85776625915284
FETD-AK + WLS,FETD_AK_AAAI2023__weighted_source_affine,heterogeneous,2014-06-16_001007,1.8643784453896046,43.64852525005161
FETD-AK + WLS,FETD_AK_AAAI2023__weighted_source_affine,heterogeneous,2014-06-16_001008,1.76473207464349,23.0744336614381
FETD-AK + WLS,FETD_AK_AAAI2023__weighted_source_affine,heterogeneous,2014-06-16_001015,0.6422162715651325,52.772475950778244
FETD-AK + WLS,FETD_AK_AAAI2023__weighted_source_affine,heterogeneous,2014-06-16_001017,1.362421984113979,32.41921506158826
FETD-AK + WLS,FETD_AK_AAAI2023__weighted_source_affine,heterogeneous,2014-06-16_001018,1.7267400596793436,30.10364154646227
FETD-AK + WLS,FETD_AK_AAAI2023__weighted_source_affine,heterogeneous,2014-06-16_001022,1.311288410344872,69.40596339698402
FETD-AK + WLS,FETD_AK_AAAI2023__weighted_source_affine,heterogeneous,2014-06-16_001029,1.7761713758015247,46.48372673606826
FETD-AK + WLS,FETD_AK_AAAI2023__weighted_source_affine,heterogeneous,2014-06-17_001006,0.2754827881063875,38.14879251555012
FETD-AK + WLS,FETD_AK_AAAI2023__weighted_source_affine,heterogeneous,2014-06-17_001007,0.4779897293945936,56.759830464938716
FETD-AK + WLS,FETD_AK_AAAI2023__weighted_source_affine,heterogeneous,2014-06-17_001008,3.609619125627127,104.83891057060991
FETD-AK + WLS,FETD_AK_AAAI2023__weighted_source_affine,heterogeneous,2014-06-17_001015,0.6259101521098529,44.8699896415191
FETD-AK + WLS,FETD_AK_AAAI2023__weighted_source_affine,heterogeneous,2014-06-17_001017,1.6052603870273003,58.00864861521541
FETD-AK + WLS,FETD_AK_AAAI2023__weighted_source_affine,heterogeneous,2014-06-17_001018,2.0160734797113804,67.8279760543556
FETD-AK + WLS,FETD_AK_AAAI2023__weighted_source_affine,heterogeneous,2014-06-17_001022,1.0672371988941194,87.74792521441678
FETD-AK + WLS,FETD_AK_AAAI2023__weighted_source_affine,heterogeneous,2014-06-17_001029,1.7213941196461988,80.46176292108221
FETD-AK + WLS,FETD_AK_AAAI2023__weighted_source_affine,heterogeneous,2014-06-18_001006,2.478056161844542,127.33210208966594
FETD-AK + WLS,FETD_AK_AAAI2023__weighted_source_affine,heterogeneous,2014-06-18_001007,1.464703396013725,66.74879565325821
FETD-AK + WLS,FETD_AK_AAAI2023__weighted_source_affine,heterogeneous,2014-06-18_001008,3.5963851845418233,122.36545151657393
FETD-AK + WLS,FETD_AK_AAAI2023__weighted_source_affine,heterogeneous,2014-06-18_001015,2.4272397935514647,83.83921707133791
FETD-AK + WLS,FETD_AK_AAAI2023__weighted_source_affine,heterogeneous,2014-06-18_001017,2.337624585850932,103.73507551614878
FETD-AK + WLS,FETD_AK_AAAI2023__weighted_source_affine,heterogeneous,2014-06-18_001018,1.4862016018959494,61.92190699032002
FETD-AK + WLS,FETD_AK_AAAI2023__weighted_source_affine,heterogeneous,2014-06-18_001022,2.5164053619385207,45.79200196309652
FETD-AK + WLS,FETD_AK_AAAI2023__weighted_source_affine,heterogeneous,2014-06-18_001029,0.7485342486620326,92.43646737423711
FETD-AK + WLS,FETD_AK_AAAI2023__weighted_source_affine,heterogeneous,2014-06-19_001007,3.120315899991425,80.65999561964108
FETD-AK + WLS,FETD_AK_AAAI2023__weighted_source_affine,heterogeneous,2014-06-19_001008,5.875891122077093,209.8474448791833
FETD-AK + WLS,FETD_AK_AAAI2023__weighted_source_affine,heterogeneous,2014-06-19_001015,2.5422787364097985,192.81943398160467
FETD-AK + WLS,FETD_AK_AAAI2023__weighted_source_affine,heterogeneous,2014-06-19_001017,0.7253210637675522,314.4424682321195
FETD-AK + WLS,FETD_AK_AAAI2023__weighted_source_affine,heterogeneous,2014-06-19_001018,5.866219574272748,296.61386776540803
FETD-AK + WLS,FETD_AK_AAAI2023__weighted_source_affine,heterogeneous,2014-06-19_001022,3.0227285953647254,86.1301555453512
FETD-AK + WLS,FETD_AK_AAAI2023__weighted_source_affine,heterogeneous,2014-06-19_001029,9.630011885954914,1346.955420924391
FETD-AK + WLS,FETD_AK_AAAI2023__weighted_source_affine,heterogeneous,2014-06-20_001006,0.47583062521766095,60.853804339152404
FETD-AK + WLS,FETD_AK_AAAI2023__weighted_source_affine,heterogeneous,2014-06-20_001007,1.9640794310185292,98.56214785459927
FETD-AK + WLS,FETD_AK_AAAI2023__weighted_source_affine,heterogeneous,2014-06-20_001008,1.4988237686232964,111.71100106449656
FETD-AK + WLS,FETD_AK_AAAI2023__weighted_source_affine,heterogeneous,2014-06-20_001015,3.199882533987246,44.57965173832796
FETD-AK + WLS,FETD_AK_AAAI2023__weighted_source_affine,heterogeneous,2014-06-20_001017,1.8355109555946427,48.88256896995666
FETD-AK + WLS,FETD_AK_AAAI2023__weighted_source_affine,heterogeneous,2014-06-20_001018,0.5926977380742429,85.3497192212077
FETD-AK + WLS,FETD_AK_AAAI2023__weighted_source_affine,heterogeneous,2014-06-20_001022,1.9503949581424074,92.27175123447513
FETD-AK + WLS,FETD_AK_AAAI2023__weighted_source_affine,heterogeneous,2014-06-20_001029,3.977445191423148,81.0
FETD-AK + WLS,FETD_AK_AAAI2023__weighted_source_affine,heterogeneous,2014-06-21_001006,3.6713982209577978,51.99670563288188
FETD-AK + WLS,FETD_AK_AAAI2023__weighted_source_affine,heterogeneous,2014-06-21_001007,0.763989680886084,99.51623992438223
FETD-AK + WLS,FETD_AK_AAAI2023__weighted_source_affine,heterogeneous,2014-06-21_001008,2.030501249321901,24.27040944318453
FETD-AK + WLS,FETD_AK_AAAI2023__weighted_source_affine,heterogeneous,2014-06-21_001015,1.1283837988294465,52.69786908396828
FETD-AK + WLS,FETD_AK_AAAI2023__weighted_source_affine,heterogeneous,2014-06-21_001017,2.7791788203043737,125.36526393790088
FETD-AK + WLS,FETD_AK_AAAI2023__weighted_source_affine,heterogeneous,2014-06-21_001022,0.262819938706194,93.09801561549384
FETD-AK + WLS,FETD_AK_AAAI2023__weighted_source_affine,heterogeneous,2014-06-21_001029,2.9337248471669,91.10216765415552
FETD-AK + WLS,FETD_AK_AAAI2023__weighted_source_affine,heterogeneous,2014-06-22_001006,0.8193610828040931,57.23828285717468
FETD-AK + WLS,FETD_AK_AAAI2023__weighted_source_affine,heterogeneous,2014-06-22_001007,0.030255695911812097,64.52169492209785
FETD-AK + WLS,FETD_AK_AAAI2023__weighted_source_affine,heterogeneous,2014-06-22_001008,2.767307093487517,99.82048893958256
FETD-AK + WLS,FETD_AK_AAAI2023__weighted_source_affine,heterogeneous,2014-06-22_001015,3.4443807261310866,146.46217839782744
FETD-AK + WLS,FETD_AK_AAAI2023__weighted_source_affine,heterogeneous,2014-06-22_001017,1.472038222673632,93.46867593009361
FETD-AK + WLS,FETD_AK_AAAI2023__weighted_source_affine,heterogeneous,2014-06-22_001018,1.4448407598611652,85.73831317100135
FETD-AK + WLS,FETD_AK_AAAI2023__weighted_source_affine,heterogeneous,2014-06-22_001022,2.708788800198434,90.12391113368173
FETD-AK + WLS,FETD_AK_AAAI2023__weighted_source_affine,heterogeneous,2014-06-22_001029,0.6959605577049928,67.38955918821185
FETD-AK + WLS,FETD_AK_AAAI2023__weighted_source_affine,heterogeneous,2014-06-23_001006,1.2001402972900408,55.398340243719815
FETD-AK + WLS,FETD_AK_AAAI2023__weighted_source_affine,heterogeneous,2014-06-23_001007,3.2766162211089043,48.710766863378794
FETD-AK + WLS,FETD_AK_AAAI2023__weighted_source_affine,heterogeneous,2014-06-23_001008,3.6155267206189166,46.89316836127628
FETD-AK + WLS,FETD_AK_AAAI2023__weighted_source_affine,heterogeneous,2014-06-23_001015,1.8656622479131393,34.73905905393097
FETD-AK + WLS,FETD_AK_AAAI2023__weighted_source_affine,heterogeneous,2014-06-23_001017,0.3573940897511605,88.63559793221923
FETD-AK + WLS,FETD_AK_AAAI2023__weighted_source_affine,heterogeneous,2014-06-23_001018,1.5595196648739744,127.7231985141477
FETD-AK + WLS,FETD_AK_AAAI2023__weighted_source_affine,heterogeneous,2014-06-23_001022,2.7935233591367936,60.514750456906626
FETD-AK + WLS,FETD_AK_AAAI2023__weighted_source_affine,heterogeneous,2014-06-23_001029,1.6897160677850422,58.627532222232965
FETD-AK + WLS,FETD_AK_AAAI2023__weighted_source_affine,heterogeneous,2014-06-24_001006,3.2268743679806917,118.19264988146728
FETD-AK + WLS,FETD_AK_AAAI2023__weighted_source_affine,heterogeneous,2014-06-24_001007,1.1471318193892062,128.2738072650581
FETD-AK + WLS,FETD_AK_AAAI2023__weighted_source_affine,heterogeneous,2014-06-24_001008,0.27146881249866794,68.42350854807837
FETD-AK + WLS,FETD_AK_AAAI2023__weighted_source_affine,heterogeneous,2014-06-24_001015,1.9199952295461955,76.2758514220477
FETD-AK + WLS,FETD_AK_AAAI2023__weighted_source_affine,heterogeneous,2014-06-24_001017,0.22106363016452946,50.22903068223107
FETD-AK + WLS,FETD_AK_AAAI2023__weighted_source_affine,heterogeneous,2014-06-24_001018,4.887957050649618,173.8107788561019
FETD-AK + WLS,FETD_AK_AAAI2023__weighted_source_affine,heterogeneous,2014-06-24_001022,0.008406474979096856,76.06796380296974
FETD-AK + WLS,FETD_AK_AAAI2023__weighted_source_affine,heterogeneous,2014-06-24_001029,2.3993621494941095,193.97321759642028
FETD-AK + WLS,FETD_AK_AAAI2023__weighted_source_affine,heterogeneous,2014-06-25_001006,2.6056810330784685,128.5388547727608
FETD-AK + WLS,FETD_AK_AAAI2023__weighted_source_affine,heterogeneous,2014-06-25_001007,0.5273967865065003,108.52300407621495
FETD-AK + WLS,FETD_AK_AAAI2023__weighted_source_affine,heterogeneous,2014-06-25_001008,1.1068510380727474,105.51831722388161
FETD-AK + WLS,FETD_AK_AAAI2023__weighted_source_affine,heterogeneous,2014-06-25_001015,5.29765750756755,56.855579341115295
FETD-AK + WLS,FETD_AK_AAAI2023__weighted_source_affine,heterogeneous,2014-06-25_001017,0.12229627869101023,78.9032905289438
FETD-AK + WLS,FETD_AK_AAAI2023__weighted_source_affine,heterogeneous,2014-06-25_001022,0.3390850541693027,75.46599877833088
FETD-AK + WLS,FETD_AK_AAAI2023__weighted_source_affine,heterogeneous,2014-06-25_001029,2.158424783479731,25.21781056924856
WLS median,weighted_source_affine_median,exact,2014-05-29_001006,1.3794412688530713,23.496004830903594
WLS median,weighted_source_affine_median,exact,2014-05-29_001007,1.7955925116852995,10.225662386982885
WLS median,weighted_source_affine_median,exact,2014-05-29_001008,4.177211566423189,33.401162408181904
WLS median,weighted_source_affine_median,exact,2014-05-29_001015,6.249577140930441,45.702914088186816
WLS median,weighted_source_affine_median,exact,2014-05-29_001017,0.9599003107859971,1.1433960690416496
WLS median,weighted_source_affine_median,exact,2014-05-29_001018,0.8007902139363807,34.75746612908955
WLS median,weighted_source_affine_median,exact,2014-05-29_001022,4.042132045192901,41.42123519893196
WLS median,weighted_source_affine_median,exact,2014-05-29_001029,7.0472955859264275,65.62885227712364
WLS median,weighted_source_affine_median,exact,2014-05-30_001006,2.4517602051517997,9.177246930113734
WLS median,weighted_source_affine_median,exact,2014-05-30_001007,0.3676790989050289,0.70590526462937
WLS median,weighted_source_affine_median,exact,2014-05-30_001008,1.4188314194484093,4.6700630130333085
WLS median,weighted_source_affine_median,exact,2014-05-30_001015,0.9733511914664348,1.4784882479929162
WLS median,weighted_source_affine_median,exact,2014-05-30_001017,0.781591146741917,2.6511014209718358
WLS median,weighted_source_affine_median,exact,2014-05-30_001018,0.4699505244256983,4.931106414259035
WLS median,weighted_source_affine_median,exact,2014-05-30_001022,0.12429662195708602,8.467067072501774
WLS median,weighted_source_affine_median,exact,2014-05-30_001029,0.2589103177295087,18.382799517121406
WLS median,weighted_source_affine_median,exact,2014-05-31_001006,0.1639426169137579,0.09372347612217358
WLS median,weighted_source_affine_median,exact,2014-05-31_001007,3.1727858457558114,19.352875966293354
WLS median,weighted_source_affine_median,exact,2014-05-31_001008,2.1556963083880447,4.647026573997844
WLS median,weighted_source_affine_median,exact,2014-05-31_001015,2.6737836282540144,8.166262743607119
WLS median,weighted_source_affine_median,exact,2014-05-31_001017,1.4630861270567266,17.82515263629489
WLS median,weighted_source_affine_median,exact,2014-05-31_001018,0.9980055978975031,10.91714395338225
WLS median,weighted_source_affine_median,exact,2014-05-31_001022,2.328842833609201,7.452358802169359
WLS median,weighted_source_affine_median,exact,2014-05-31_001029,0.6063911560721067,5.371052909312429
WLS median,weighted_source_affine_median,exact,2014-06-01_001006,1.382184688881054,2.39927462638075
WLS median,weighted_source_affine_median,exact,2014-06-01_001007,0.646442343418208,3.8848129122691213
WLS median,weighted_source_affine_median,exact,2014-06-01_001008,1.212098122987932,2.0703115934445018
WLS median,weighted_source_affine_median,exact,2014-06-01_001015,0.2984961023724253,2.725105606210921
WLS median,weighted_source_affine_median,exact,2014-06-01_001017,0.1642750348135067,5.097202170124214
WLS median,weighted_source_affine_median,exact,2014-06-01_001018,0.9966497065548552,0.993310637575879
WLS median,weighted_source_affine_median,exact,2014-06-01_001022,0.10502024963761869,0.6029395595903329
WLS median,weighted_source_affine_median,exact,2014-06-01_001029,1.528515194350394,27.878672342882453
WLS median,weighted_source_affine_median,exact,2014-06-02_001006,0.09287738097988552,5.00008811097579
WLS median,weighted_source_affine_median,exact,2014-06-02_001007,3.304063910046466,16.552857569882665
WLS median,weighted_source_affine_median,exact,2014-06-02_001008,0.43203812290264665,5.493841135793679
WLS median,weighted_source_affine_median,exact,2014-06-02_001015,0.3695602878684703,2.263989570744647
WLS median,weighted_source_affine_median,exact,2014-06-02_001017,0.060044978031143614,0.2830681825100827
WLS median,weighted_source_affine_median,exact,2014-06-02_001018,3.747135924731161,14.378021644876043
WLS median,weighted_source_affine_median,exact,2014-06-02_001022,0.919551934190256,2.1421507116402907
WLS median,weighted_source_affine_median,exact,2014-06-02_001029,1.4447731153070258,5.389235197822617
WLS median,weighted_source_affine_median,exact,2014-06-03_001006,2.9065418914291214,16.518012948643353
WLS median,weighted_source_affine_median,exact,2014-06-03_001007,1.3013774323191996,5.719706905703437
WLS median,weighted_source_affine_median,exact,2014-06-03_001008,1.1760403672564763,2.175904882951281
WLS median,weighted_source_affine_median,exact,2014-06-03_001015,3.6249371353203585,36.722064042538605
WLS median,weighted_source_affine_median,exact,2014-06-03_001017,1.4747608749449341,11.110957088130768
WLS median,weighted_source_affine_median,exact,2014-06-03_001018,0.159493184213936,0.2504300362403544
WLS median,weighted_source_affine_median,exact,2014-06-03_001022,1.0458263680417517,2.4062301942863376
WLS median,weighted_source_affine_median,exact,2014-06-03_001029,1.9512606613975976,3.8074181687177897
WLS median,weighted_source_affine_median,exact,2014-06-04_001022,1.0564445188267797,4.675826074119609
WLS median,weighted_source_affine_median,exact,2014-06-05_001006,0.48275134256172425,1.1222822747325627
WLS median,weighted_source_affine_median,exact,2014-06-05_001007,0.15204518955938795,4.6855430852697655
WLS median,weighted_source_affine_median,exact,2014-06-05_001008,0.42578486871224186,3.9407388562193737
WLS median,weighted_source_affine_median,exact,2014-06-05_001015,2.66579661156873,21.941756797743352
WLS median,weighted_source_affine_median,exact,2014-06-05_001017,0.02610803251978666,3.0340727477692337
WLS median,weighted_source_affine_median,exact,2014-06-05_001018,0.4351685194482542,1.8263172553789222
WLS median,weighted_source_affine_median,exact,2014-06-05_001022,3.854623758672801,17.83244741587916
WLS median,weighted_source_affine_median,exact,2014-06-05_001029,0.12667661529796703,4.819903558930009
WLS median,weighted_source_affine_median,exact,2014-06-06_001006,0.4188838554849781,8.166337818239015
WLS median,weighted_source_affine_median,exact,2014-06-06_001007,0.24164554928631787,1.6195137122131293
WLS median,weighted_source_affine_median,exact,2014-06-06_001008,0.6201392954304623,24.90184907444334
WLS median,weighted_source_affine_median,exact,2014-06-06_001015,1.5898844010836513,10.957529368551706
WLS median,weighted_source_affine_median,exact,2014-06-06_001017,3.656871741796067,30.82884189963596
WLS median,weighted_source_affine_median,exact,2014-06-06_001018,0.9836842162912944,20.585708710936686
WLS median,weighted_source_affine_median,exact,2014-06-06_001022,3.2285763133174328,12.393839190123773
WLS median,weighted_source_affine_median,exact,2014-06-06_001029,2.639007591055613,20.7802385072387
WLS median,weighted_source_affine_median,exact,2014-06-07_001006,2.4337848751981346,10.996825825280897
WLS median,weighted_source_affine_median,exact,2014-06-07_001007,0.5553319249345954,4.013256339468677
WLS median,weighted_source_affine_median,exact,2014-06-07_001008,0.19895045200328454,6.111751622503287
WLS median,weighted_source_affine_median,exact,2014-06-07_001015,2.679981609540615,7.528061845827524
WLS median,weighted_source_affine_median,exact,2014-06-07_001017,0.14969865016304418,1.5923660869847613
WLS median,weighted_source_affine_median,exact,2014-06-07_001018,1.3909652401373709,23.133492982944684
WLS median,weighted_source_affine_median,exact,2014-06-07_001022,0.7040626963213747,9.0
WLS median,weighted_source_affine_median,exact,2014-06-07_001029,0.7414713920899088,2.2229866493410357
WLS median,weighted_source_affine_median,exact,2014-06-08_001006,0.09828823945834841,0.1988112001340469
WLS median,weighted_source_affine_median,exact,2014-06-08_001007,0.4508072347513661,2.0446729150320846
WLS median,weighted_source_affine_median,exact,2014-06-08_001008,1.0463331842835544,14.080108008717643
WLS median,weighted_source_affine_median,exact,2014-06-08_001015,3.985888215612448,25.056771268495318
WLS median,weighted_source_affine_median,exact,2014-06-08_001017,1.8480006158844162,39.50446673571921
WLS median,weighted_source_affine_median,exact,2014-06-08_001018,1.9859195497988367,16.973896988043442
WLS median,weighted_source_affine_median,exact,2014-06-08_001022,3.8846810202018176,17.533326394707792
WLS median,weighted_source_affine_median,exact,2014-06-08_001029,1.5221141679123527,8.945350076408646
WLS median,weighted_source_affine_median,exact,2014-06-09_001006,1.0561395038630366,5.45141768271666
WLS median,weighted_source_affine_median,exact,2014-06-09_001007,1.5021881602647227,5.909170958509289
WLS median,weighted_source_affine_median,exact,2014-06-09_001015,1.1117577783094177,7.466680495150653
WLS median,weighted_source_affine_median,exact,2014-06-09_001017,1.2171238190060265,12.25093781848929
WLS median,weighted_source_affine_median,exact,2014-06-09_001018,3.201399154615629,20.548197798871033
WLS median,weighted_source_affine_median,exact,2014-06-09_001022,3.3917607958209786,23.031918330349665
WLS median,weighted_source_affine_median,exact,2014-06-09_001029,0.14269808393971317,14.142067596740041
WLS median,weighted_source_affine_median,exact,2014-06-10_001006,0.881460872503979,3.149638966028101
WLS median,weighted_source_affine_median,exact,2014-06-10_001007,2.26389973587942,12.308519494595922
WLS median,weighted_source_affine_median,exact,2014-06-10_001008,2.475047745134873,7.3345970210029785
WLS median,weighted_source_affine_median,exact,2014-06-10_001015,0.0563874966935316,21.49573881140105
WLS median,weighted_source_affine_median,exact,2014-06-10_001017,0.028229503435753145,4.490960980281647
WLS median,weighted_source_affine_median,exact,2014-06-10_001018,0.1712353664752584,15.434600130244458
WLS median,weighted_source_affine_median,exact,2014-06-10_001022,1.0841792394428182,1.660902876439419
WLS median,weighted_source_affine_median,exact,2014-06-10_001029,3.9914187649927015,21.181905708325164
WLS median,weighted_source_affine_median,exact,2014-06-11_001006,1.9148478970521694,5.238700771675929
WLS median,weighted_source_affine_median,exact,2014-06-11_001007,1.4024227049673215,40.954145065808554
WLS median,weighted_source_affine_median,exact,2014-06-11_001008,0.4026481493491687,41.05979012810957
WLS median,weighted_source_affine_median,exact,2014-06-11_001015,0.5098840726414089,19.12653981871773
WLS median,weighted_source_affine_median,exact,2014-06-11_001017,0.9218993310341723,25.84587227213787
WLS median,weighted_source_affine_median,exact,2014-06-11_001018,0.027754681251435542,11.917983326438852
WLS median,weighted_source_affine_median,exact,2014-06-11_001022,3.4541393403742884,19.931356500890075
WLS median,weighted_source_affine_median,exact,2014-06-11_001029,0.07277814477701483,23.922335236483477
WLS median,weighted_source_affine_median,exact,2014-06-12_001006,1.8706568054447672,3.4993568837568216
WLS median,weighted_source_affine_median,exact,2014-06-12_001007,0.2678386787118754,8.838409415557631
WLS median,weighted_source_affine_median,exact,2014-06-12_001008,0.17454829966457197,0.3729248924389318
WLS median,weighted_source_affine_median,exact,2014-06-12_001015,1.7751254936073053,6.585983766062236
WLS median,weighted_source_affine_median,exact,2014-06-12_001017,0.5249245886688101,14.706847009641377
WLS median,weighted_source_affine_median,exact,2014-06-12_001018,1.9213932870694528,25.25385089618233
WLS median,weighted_source_affine_median,exact,2014-06-12_001022,2.3084482568621265,13.586279669842643
WLS median,weighted_source_affine_median,exact,2014-06-12_001029,0.5066010420531484,1.1324277726679652
WLS median,weighted_source_affine_median,exact,2014-06-13_001006,0.7286974521803486,12.517629642780197
WLS median,weighted_source_affine_median,exact,2014-06-13_001007,1.4738227822168568,14.719750916230364
WLS median,weighted_source_affine_median,exact,2014-06-13_001008,1.5846486389235253,26.350756299236032
WLS median,weighted_source_affine_median,exact,2014-06-13_001015,8.210278583486826,127.64320732644794
WLS median,weighted_source_affine_median,exact,2014-06-13_001017,9.576164826262442,105.30502349066346
WLS median,weighted_source_affine_median,exact,2014-06-13_001018,4.2324886279861005,35.79173390822087
WLS median,weighted_source_affine_median,exact,2014-06-13_001022,5.554036522510884,52.89525730890947
WLS median,weighted_source_affine_median,exact,2014-06-13_001029,0.2423943705402678,3.827939719559125
WLS median,weighted_source_affine_median,exact,2014-06-14_001006,1.033129301631476,8.691190429072998
WLS median,weighted_source_affine_median,exact,2014-06-14_001007,1.4108006039401566,6.750478812371641
WLS median,weighted_source_affine_median,exact,2014-06-14_001008,0.6207138856430277,1.5697039493629188
WLS median,weighted_source_affine_median,exact,2014-06-14_001015,0.5351032259673332,9.72134925892332
WLS median,weighted_source_affine_median,exact,2014-06-14_001017,2.426561527829463,13.974864981073804
WLS median,weighted_source_affine_median,exact,2014-06-14_001018,0.4308414212176359,14.530203866559418
WLS median,weighted_source_affine_median,exact,2014-06-14_001022,1.847809184099198,11.026364429570483
WLS median,weighted_source_affine_median,exact,2014-06-14_001029,0.23950618275165425,1.3426702075724424
WLS median,weighted_source_affine_median,exact,2014-06-15_001006,0.6103286867377875,9.221584987075342
WLS median,weighted_source_affine_median,exact,2014-06-15_001007,1.0483364870534615,3.9483874406640984
WLS median,weighted_source_affine_median,exact,2014-06-15_001008,0.6807870398190516,6.345223114421468
WLS median,weighted_source_affine_median,exact,2014-06-15_001015,2.3829710650893787,17.65472785505636
WLS median,weighted_source_affine_median,exact,2014-06-15_001017,1.6982496647609082,26.260697291365393
WLS median,weighted_source_affine_median,exact,2014-06-15_001018,0.3018940472765195,17.102341552462928
WLS median,weighted_source_affine_median,exact,2014-06-15_001022,2.8781138790337906,10.335677004006218
WLS median,weighted_source_affine_median,exact,2014-06-15_001029,0.7074486533181101,2.2117375699266226
WLS median,weighted_source_affine_median,exact,2014-06-16_001006,2.0899015033374724,34.8914742411696
WLS median,weighted_source_affine_median,exact,2014-06-16_001007,1.070349881288024,3.3424656850474004
WLS median,weighted_source_affine_median,exact,2014-06-16_001008,2.3701282147254403,5.617507754237603
WLS median,weighted_source_affine_median,exact,2014-06-16_001015,1.5873048205413056,5.460342045490812
WLS median,weighted_source_affine_median,exact,2014-06-16_001017,1.9879179362198443,6.656322118245112
WLS median,weighted_source_affine_median,exact,2014-06-16_001018,0.9344270073166854,0.8731538320028168
WLS median,weighted_source_affine_median,exact,2014-06-16_001022,1.7691595202320798,5.86548656596471
WLS median,weighted_source_affine_median,exact,2014-06-16_001029,4.51683375419357,56.089436590107
WLS median,weighted_source_affine_median,exact,2014-06-17_001006,1.512932349504652,6.544940281351287
WLS median,weighted_source_affine_median,exact,2014-06-17_001007,0.9190901140481458,7.382473674781931
WLS median,weighted_source_affine_median,exact,2014-06-17_001008,0.43823022471033823,1.3324052140884575
WLS median,weighted_source_affine_median,exact,2014-06-17_001015,0.08771218239867551,2.3564125906759896
WLS median,weighted_source_affine_median,exact,2014-06-17_001017,0.06445825527224969,9.175492719635672
WLS median,weighted_source_affine_median,exact,2014-06-17_001018,1.8126144281764311,3.2855710652333703
WLS median,weighted_source_affine_median,exact,2014-06-17_001022,0.753124589251982,3.9795130830717675
WLS median,weighted_source_affine_median,exact,2014-06-17_001029,0.0932199187374465,21.286047282615552
WLS median,weighted_source_affine_median,exact,2014-06-18_001006,2.44657518390985,12.35859418994072
WLS median,weighted_source_affine_median,exact,2014-06-18_001007,3.3355053379181996,14.064689984809927
WLS median,weighted_source_affine_median,exact,2014-06-18_001008,5.576130787800551,38.95208976149251
WLS median,weighted_source_affine_median,exact,2014-06-18_001015,8.585819579664033,104.97024832378341
WLS median,weighted_source_affine_median,exact,2014-06-18_001017,0.15811036273957768,21.98995978075137
WLS median,weighted_source_affine_median,exact,2014-06-18_001018,1.762338952953563,23.366537512530236
WLS median,weighted_source_affine_median,exact,2014-06-18_001022,2.1719843433606982,49.50666148121728
WLS median,weighted_source_affine_median,exact,2014-06-18_001029,1.2841666449962261,1.6490839721208634
WLS median,weighted_source_affine_median,exact,2014-06-19_001007,4.033587918530827,25.839947634744124
WLS median,weighted_source_affine_median,exact,2014-06-19_001008,1.0586677152595314,7.425047919622451
WLS median,weighted_source_affine_median,exact,2014-06-19_001015,0.2150787285188187,0.1917139031302281
WLS median,weighted_source_affine_median,exact,2014-06-19_001017,1.4927047891461882,13.892319788862686
WLS median,weighted_source_affine_median,exact,2014-06-19_001018,0.565922809008498,9.876421532028695
WLS median,weighted_source_affine_median,exact,2014-06-19_001022,0.2492986265549746,6.886308067409157
WLS median,weighted_source_affine_median,exact,2014-06-19_001029,2.1527642290315754,14.549082574953044
WLS median,weighted_source_affine_median,exact,2014-06-20_001006,1.5801813729352503,13.192976616639964
WLS median,weighted_source_affine_median,exact,2014-06-20_001007,4.291908258551082,18.42047649981898
WLS median,weighted_source_affine_median,exact,2014-06-20_001008,1.0400835278922216,10.168522236658362
WLS median,weighted_source_affine_median,exact,2014-06-20_001015,0.6492215201182461,3.3812669313248644
WLS median,weighted_source_affine_median,exact,2014-06-20_001017,2.3928349181160655,17.111375063520104
WLS median,weighted_source_affine_median,exact,2014-06-20_001018,1.2304375297792625,1.8377348379782177
WLS median,weighted_source_affine_median,exact,2014-06-20_001022,3.765111446767655,54.80268067064775
WLS median,weighted_source_affine_median,exact,2014-06-20_001029,0.5437393729775515,16.701858847568815
WLS median,weighted_source_affine_median,exact,2014-06-21_001006,0.36950528242782354,17.189113799768784
WLS median,weighted_source_affine_median,exact,2014-06-21_001007,0.8121344659962375,17.926379998203885
WLS median,weighted_source_affine_median,exact,2014-06-21_001008,1.1278531807096641,2.65539770594747
WLS median,weighted_source_affine_median,exact,2014-06-21_001015,0.06819042768945849,4.349620334576402
WLS median,weighted_source_affine_median,exact,2014-06-21_001017,5.831587110681255,34.00740822946375
WLS median,weighted_source_affine_median,exact,2014-06-21_001022,1.9657028072635967,31.336388841607327
WLS median,weighted_source_affine_median,exact,2014-06-21_001029,1.1727325314436712,14.527332420271872
WLS median,weighted_source_affine_median,exact,2014-06-22_001006,0.46748481130735087,1.8778443907348383
WLS median,weighted_source_affine_median,exact,2014-06-22_001007,0.6005673484991618,6.392237306749376
WLS median,weighted_source_affine_median,exact,2014-06-22_001008,1.0197175391165487,2.0871013001980803
WLS median,weighted_source_affine_median,exact,2014-06-22_001015,1.427521443586734,2.0378174718999533
WLS median,weighted_source_affine_median,exact,2014-06-22_001017,0.5600274891900199,5.834311109225802
WLS median,weighted_source_affine_median,exact,2014-06-22_001018,0.9381097436998971,32.53161410761583
WLS median,weighted_source_affine_median,exact,2014-06-22_001022,0.3347702172147464,4.596969758737496
WLS median,weighted_source_affine_median,exact,2014-06-22_001029,0.5139718161997706,6.007010862005754
WLS median,weighted_source_affine_median,exact,2014-06-23_001006,0.27448123476988684,10.166329828839787
WLS median,weighted_source_affine_median,exact,2014-06-23_001007,2.285297169612214,5.222583153437596
WLS median,weighted_source_affine_median,exact,2014-06-23_001008,1.270158321746333,5.908045890854482
WLS median,weighted_source_affine_median,exact,2014-06-23_001015,1.2268930093932724,3.5004252402606704
WLS median,weighted_source_affine_median,exact,2014-06-23_001017,0.42831037268274486,5.20014501942374
WLS median,weighted_source_affine_median,exact,2014-06-23_001018,2.1062455996047476,5.284959175088924
WLS median,weighted_source_affine_median,exact,2014-06-23_001022,1.520937868944218,3.8813196690278815
WLS median,weighted_source_affine_median,exact,2014-06-23_001029,1.4650410804535454,3.3543550135453737
WLS median,weighted_source_affine_median,exact,2014-06-24_001006,0.9370025030094737,5.678902654721282
WLS median,weighted_source_affine_median,exact,2014-06-24_001007,1.7945154877215876,12.999030827070234
WLS median,weighted_source_affine_median,exact,2014-06-24_001008,1.0217526891514552,3.581090941589329
WLS median,weighted_source_affine_median,exact,2014-06-24_001015,0.8293152523819529,8.089076359395156
WLS median,weighted_source_affine_median,exact,2014-06-24_001017,0.5276321409450659,3.7626949940582364
WLS median,weighted_source_affine_median,exact,2014-06-24_001018,4.625370786060955,27.322777715580596
WLS median,weighted_source_affine_median,exact,2014-06-24_001022,0.5049853715842616,0.25501022551409475
WLS median,weighted_source_affine_median,exact,2014-06-24_001029,1.4031185203705832,25.578432064953248
WLS median,weighted_source_affine_median,exact,2014-06-25_001006,1.8078098695433482,3.2681765244183376
WLS median,weighted_source_affine_median,exact,2014-06-25_001007,0.6419901696747985,2.6128139422249355
WLS median,weighted_source_affine_median,exact,2014-06-25_001008,1.5399946179054496,19.519721559823118
WLS median,weighted_source_affine_median,exact,2014-06-25_001015,3.405253189699664,16.672731217708375
WLS median,weighted_source_affine_median,exact,2014-06-25_001017,2.0749697947297108,4.305499649040658
WLS median,weighted_source_affine_median,exact,2014-06-25_001022,1.3035615047236035,6.4535417938313175
WLS median,weighted_source_affine_median,exact,2014-06-25_001029,2.1190147886184434,8.346608954580002
WLS median,weighted_source_affine_median,heterogeneous,2014-05-29_001006,1.854142645279751,3.437844949044992
WLS median,weighted_source_affine_median,heterogeneous,2014-05-29_001007,0.23331115763419064,2.1996494303024807
WLS median,weighted_source_affine_median,heterogeneous,2014-05-29_001008,1.6030596988796475,10.485040636734155
WLS median,weighted_source_affine_median,heterogeneous,2014-05-29_001015,1.676930308117477,2.812095258282976
WLS median,weighted_source_affine_median,heterogeneous,2014-05-29_001017,1.8848483872748716,22.321722746266115
WLS median,weighted_source_affine_median,heterogeneous,2014-05-29_001018,0.1477359304484338,1.190096882979466
WLS median,weighted_source_affine_median,heterogeneous,2014-05-29_001022,4.5751434297683815,33.159240866777495
WLS median,weighted_source_affine_median,heterogeneous,2014-05-29_001029,5.196053806404905,26.998975159054897
WLS median,weighted_source_affine_median,heterogeneous,2014-05-30_001006,2.1403690949903904,11.582502388524876
WLS median,weighted_source_affine_median,heterogeneous,2014-05-30_001007,0.47499917393601265,4.5797080094415135
WLS median,weighted_source_affine_median,heterogeneous,2014-05-30_001008,4.071126506750062,38.3611194811018
WLS median,weighted_source_affine_median,heterogeneous,2014-05-30_001015,0.4657359824775398,0.21691000537431923
WLS median,weighted_source_affine_median,heterogeneous,2014-05-30_001017,3.4140798663423197,16.978007644536053
WLS median,weighted_source_affine_median,heterogeneous,2014-05-30_001018,2.4474595519945836,5.990058258649528
WLS median,weighted_source_affine_median,heterogeneous,2014-05-30_001022,4.060680237115605,19.661678305979738
WLS median,weighted_source_affine_median,heterogeneous,2014-05-30_001029,10.40001255257269,191.95019843839046
WLS median,weighted_source_affine_median,heterogeneous,2014-05-31_001006,3.6162641453620097,15.077979896648653
WLS median,weighted_source_affine_median,heterogeneous,2014-05-31_001007,1.3227662859712552,2.235516201174548
WLS median,weighted_source_affine_median,heterogeneous,2014-05-31_001008,2.2914287028456073,5.250645500224702
WLS median,weighted_source_affine_median,heterogeneous,2014-05-31_001015,3.521518503587515,17.952057758313412
WLS median,weighted_source_affine_median,heterogeneous,2014-05-31_001017,7.3479555637469645,53.99245096679997
WLS median,weighted_source_affine_median,heterogeneous,2014-05-31_001018,2.025824695458965,61.55881690878713
WLS median,weighted_source_affine_median,heterogeneous,2014-05-31_001022,1.9467113406627448,12.103870888268697
WLS median,weighted_source_affine_median,heterogeneous,2014-05-31_001029,1.0267376743203016,35.08591311172126
WLS median,weighted_source_affine_median,heterogeneous,2014-06-01_001006,0.38428283885705383,16.437297088582262
WLS median,weighted_source_affine_median,heterogeneous,2014-06-01_001007,3.961058304497044,18.950694288210016
WLS median,weighted_source_affine_median,heterogeneous,2014-06-01_001008,0.7765495036575771,11.091299248682297
WLS median,weighted_source_affine_median,heterogeneous,2014-06-01_001015,0.0698447361872212,0.0563415068696618
WLS median,weighted_source_affine_median,heterogeneous,2014-06-01_001017,1.4120508428284921,13.989007157896825
WLS median,weighted_source_affine_median,heterogeneous,2014-06-01_001018,0.989032157591506,6.95508285630633
WLS median,weighted_source_affine_median,heterogeneous,2014-06-01_001022,0.012724989094522243,2.6802571449033037
WLS median,weighted_source_affine_median,heterogeneous,2014-06-01_001029,2.479624278990677,10.994921419093027
WLS median,weighted_source_affine_median,heterogeneous,2014-06-02_001006,2.050394610599973,23.108996782992214
WLS median,weighted_source_affine_median,heterogeneous,2014-06-02_001007,1.7151252678967523,3.2318080922783046
WLS median,weighted_source_affine_median,heterogeneous,2014-06-02_001008,1.9580450256520976,5.685350479918516
WLS median,weighted_source_affine_median,heterogeneous,2014-06-02_001015,1.5522932389328403,6.787985494836846
WLS median,weighted_source_affine_median,heterogeneous,2014-06-02_001017,0.20988331986444564,5.354997852345285
WLS median,weighted_source_affine_median,heterogeneous,2014-06-02_001018,1.8051035994932079,7.0855441952153875
WLS median,weighted_source_affine_median,heterogeneous,2014-06-02_001022,0.5239749755211989,3.984625926630815
WLS median,weighted_source_affine_median,heterogeneous,2014-06-02_001029,3.411905295093458,13.829220919546673
WLS median,weighted_source_affine_median,heterogeneous,2014-06-03_001006,0.4139019635250989,9.692772061674207
WLS median,weighted_source_affine_median,heterogeneous,2014-06-03_001007,1.0144895039583801,3.11662530172687
WLS median,weighted_source_affine_median,heterogeneous,2014-06-03_001008,0.887313269533216,8.379722770549346
WLS median,weighted_source_affine_median,heterogeneous,2014-06-03_001015,0.9757736339786689,3.6552300080085347
WLS median,weighted_source_affine_median,heterogeneous,2014-06-03_001017,1.3084413748559385,20.94636854563838
WLS median,weighted_source_affine_median,heterogeneous,2014-06-03_001018,4.505637396719244,28.593518427543625
WLS median,weighted_source_affine_median,heterogeneous,2014-06-03_001022,2.306087203030657,13.044368964852088
WLS median,weighted_source_affine_median,heterogeneous,2014-06-03_001029,0.5343394408388065,0.8582547260626041
WLS median,weighted_source_affine_median,heterogeneous,2014-06-04_001022,0.43505801413569856,1.1020454019206027
WLS median,weighted_source_affine_median,heterogeneous,2014-06-05_001006,3.0,9.0
WLS median,weighted_source_affine_median,heterogeneous,2014-06-05_001007,1.3320077571725903,1.7742446651679544
WLS median,weighted_source_affine_median,heterogeneous,2014-06-05_001008,1.060141395763793,1.3193513734550726
WLS median,weighted_source_affine_median,heterogeneous,2014-06-05_001015,0.18287177644706532,5.689893807353537
WLS median,weighted_source_affine_median,heterogeneous,2014-06-05_001017,0.17307902996351743,11.009913375714024
WLS median,weighted_source_affine_median,heterogeneous,2014-06-05_001018,0.4120115003785969,8.686350998044567
WLS median,weighted_source_affine_median,heterogeneous,2014-06-05_001022,1.6445908632628061,6.909403000985825
WLS median,weighted_source_affine_median,heterogeneous,2014-06-05_001029,0.9548092965693371,4.47570127225426
WLS median,weighted_source_affine_median,heterogeneous,2014-06-06_001006,0.9489879955351057,6.556086560217763
WLS median,weighted_source_affine_median,heterogeneous,2014-06-06_001007,1.607300596404599,4.80006245928347
WLS median,weighted_source_affine_median,heterogeneous,2014-06-06_001008,0.7749086466080541,4.770061579799946
WLS median,weighted_source_affine_median,heterogeneous,2014-06-06_001015,2.6952992244602854,23.060262160533178
WLS median,weighted_source_affine_median,heterogeneous,2014-06-06_001017,1.2129677884177568,2.321853437272656
WLS median,weighted_source_affine_median,heterogeneous,2014-06-06_001018,3.314806935732321,21.623756788167423
WLS median,weighted_source_affine_median,heterogeneous,2014-06-06_001022,1.6755074028107373,22.262778647935196
WLS median,weighted_source_affine_median,heterogeneous,2014-06-06_001029,12.96217488182534,168.01797766702379
WLS median,weighted_source_affine_median,heterogeneous,2014-06-07_001006,0.4690464910600518,5.745038435976479
WLS median,weighted_source_affine_median,heterogeneous,2014-06-07_001007,1.130849538868551,14.617698326866064
WLS median,weighted_source_affine_median,heterogeneous,2014-06-07_001008,4.771721759809161,31.77461514697524
WLS median,weighted_source_affine_median,heterogeneous,2014-06-07_001015,1.102962160101658,4.443901928900501
WLS median,weighted_source_affine_median,heterogeneous,2014-06-07_001017,3.6158924047179575,13.074677882497014
WLS median,weighted_source_affine_median,heterogeneous,2014-06-07_001018,0.2112711745186644,26.120796694889588
WLS median,weighted_source_affine_median,heterogeneous,2014-06-07_001022,2.9294495938393865,9.749956876948946
WLS median,weighted_source_affine_median,heterogeneous,2014-06-07_001029,0.7415522579007563,1.0168554342201064
WLS median,weighted_source_affine_median,heterogeneous,2014-06-08_001006,0.4864364656348954,0.6956072453376605
WLS median,weighted_source_affine_median,heterogeneous,2014-06-08_001007,0.0626590085748191,1.0852896735635171
WLS median,weighted_source_affine_median,heterogeneous,2014-06-08_001008,0.6581849581070074,11.317833390071941
WLS median,weighted_source_affine_median,heterogeneous,2014-06-08_001015,4.374036441788995,29.093317210028875
WLS median,weighted_source_affine_median,heterogeneous,2014-06-08_001017,1.4598523897078692,34.77590237957148
WLS median,weighted_source_affine_median,heterogeneous,2014-06-08_001018,2.3740677759753908,18.90692033340423
WLS median,weighted_source_affine_median,heterogeneous,2014-06-08_001022,3.4965327940252706,14.4334136635432
WLS median,weighted_source_affine_median,heterogeneous,2014-06-08_001029,1.9102623940888996,11.417816955484351
WLS median,weighted_source_affine_median,heterogeneous,2014-06-09_001006,4.038133221392499,37.72631732476493
WLS median,weighted_source_affine_median,heterogeneous,2014-06-09_001007,1.2068108903259755,35.03559690020171
WLS median,weighted_source_affine_median,heterogeneous,2014-06-09_001015,0.301831289548403,4.829657212446549
WLS median,weighted_source_affine_median,heterogeneous,2014-06-09_001017,4.92547675532974,64.74305861391032
WLS median,weighted_source_affine_median,heterogeneous,2014-06-09_001018,2.07203589052844,14.446994493340727
WLS median,weighted_source_affine_median,heterogeneous,2014-06-09_001022,1.3554007797723102,4.634402751216872
WLS median,weighted_source_affine_median,heterogeneous,2014-06-09_001029,1.521562243939151,20.434660757347643
WLS median,weighted_source_affine_median,heterogeneous,2014-06-10_001006,0.7263749910572841,2.1108504433785185
WLS median,weighted_source_affine_median,heterogeneous,2014-06-10_001007,3.871735599440683,26.17535745815425
WLS median,weighted_source_affine_median,heterogeneous,2014-06-10_001008,0.8672118815736098,10.28381818645389
WLS median,weighted_source_affine_median,heterogeneous,2014-06-10_001015,1.6642233602547947,15.970789526206337
WLS median,weighted_source_affine_median,heterogeneous,2014-06-10_001017,1.57960636012551,6.010571190437915
WLS median,weighted_source_affine_median,heterogeneous,2014-06-10_001018,1.4366004970860047,5.386360977255522
WLS median,weighted_source_affine_median,heterogeneous,2014-06-10_001022,0.5236566241184448,7.212156695510858
WLS median,weighted_source_affine_median,heterogeneous,2014-06-10_001029,2.3835829014314385,8.967297216264507
WLS median,weighted_source_affine_median,heterogeneous,2014-06-11_001006,2.7046369753437585,7.3150611683966345
WLS median,weighted_source_affine_median,heterogeneous,2014-06-11_001007,0.7275847395236532,17.77712127412952
WLS median,weighted_source_affine_median,heterogeneous,2014-06-11_001008,2.542306741180081,8.906542959486798
WLS median,weighted_source_affine_median,heterogeneous,2014-06-11_001015,0.30503558859801316,1.4463830131987712
WLS median,weighted_source_affine_median,heterogeneous,2014-06-11_001017,1.885473108330178,3.555008842236263
WLS median,weighted_source_affine_median,heterogeneous,2014-06-11_001018,0.7235871960088787,52.192454399317036
WLS median,weighted_source_affine_median,heterogeneous,2014-06-11_001022,2.9269339766567963,34.37043278261171
WLS median,weighted_source_affine_median,heterogeneous,2014-06-11_001029,0.09218086123484959,26.05960886631451
WLS median,weighted_source_affine_median,heterogeneous,2014-06-12_001006,0.8289989867312713,0.6872393200014745
WLS median,weighted_source_affine_median,heterogeneous,2014-06-12_001007,2.0520949253920584,5.965602452914905
WLS median,weighted_source_affine_median,heterogeneous,2014-06-12_001008,2.347446491452523,8.128974594082843
WLS median,weighted_source_affine_median,heterogeneous,2014-06-12_001015,0.2620176462911168,21.594225663773823
WLS median,weighted_source_affine_median,heterogeneous,2014-06-12_001017,2.4497065044681676,7.45905614760205
WLS median,weighted_source_affine_median,heterogeneous,2014-06-12_001018,1.5812392591709958,3.3616682002829252
WLS median,weighted_source_affine_median,heterogeneous,2014-06-12_001022,2.3566450815609166,14.298661656546901
WLS median,weighted_source_affine_median,heterogeneous,2014-06-12_001029,0.9880908086998659,28.55045982030959
WLS median,weighted_source_affine_median,heterogeneous,2014-06-13_001006,2.3733042083323426,8.177158047313885
WLS median,weighted_source_affine_median,heterogeneous,2014-06-13_001007,6.871657473041196,84.44948366949694
WLS median,weighted_source_affine_median,heterogeneous,2014-06-13_001008,5.14926284130852,49.742522762471374
WLS median,weighted_source_affine_median,heterogeneous,2014-06-13_001015,6.5590760246701905,103.63286269402202
WLS median,weighted_source_affine_median,heterogeneous,2014-06-13_001017,7.035090276676456,67.8063126728078
WLS median,weighted_source_affine_median,heterogeneous,2014-06-13_001018,4.9165575068790695,30.754946848265
WLS median,weighted_source_affine_median,heterogeneous,2014-06-13_001022,3.9819328065110327,23.590063001793727
WLS median,weighted_source_affine_median,heterogeneous,2014-06-13_001029,6.23449587812496,53.742277775634356
WLS median,weighted_source_affine_median,heterogeneous,2014-06-14_001006,2.16444419734016,5.793326135509915
WLS median,weighted_source_affine_median,heterogeneous,2014-06-14_001007,1.7452879407811395,6.070591341010004
WLS median,weighted_source_affine_median,heterogeneous,2014-06-14_001008,0.057160077366617656,4.956128073824263
WLS median,weighted_source_affine_median,heterogeneous,2014-06-14_001015,1.4029515780194828,10.446951407730495
WLS median,weighted_source_affine_median,heterogeneous,2014-06-14_001017,1.9135742774402047,9.469310198184258
WLS median,weighted_source_affine_median,heterogeneous,2014-06-14_001018,1.4515743539656398,3.474871891214165
WLS median,weighted_source_affine_median,heterogeneous,2014-06-14_001022,2.732434258634985,9.62317751918092
WLS median,weighted_source_affine_median,heterogeneous,2014-06-14_001029,1.0378358450740812,6.14642756686616
WLS median,weighted_source_affine_median,heterogeneous,2014-06-15_001006,6.314089390524032,56.98945223878261
WLS median,weighted_source_affine_median,heterogeneous,2014-06-15_001007,3.219672002330128,59.487860107977625
WLS median,weighted_source_affine_median,heterogeneous,2014-06-15_001008,8.34135549684143,96.20832368319954
WLS median,weighted_source_affine_median,heterogeneous,2014-06-15_001015,10.191047262378376,362.7586973631618
WLS median,weighted_source_affine_median,heterogeneous,2014-06-15_001017,4.527780541464665,24.0018423562184
WLS median,weighted_source_affine_median,heterogeneous,2014-06-15_001018,10.727986383970574,228.0910854164891
WLS median,weighted_source_affine_median,heterogeneous,2014-06-15_001022,6.522729819075067,45.0956952442744
WLS median,weighted_source_affine_median,heterogeneous,2014-06-15_001029,4.984058429920566,64.83303609133222
WLS median,weighted_source_affine_median,heterogeneous,2014-06-16_001006,1.734552279923605,15.281911092710674
WLS median,weighted_source_affine_median,heterogeneous,2014-06-16_001007,2.1655540629257928,7.917131506762722
WLS median,weighted_source_affine_median,heterogeneous,2014-06-16_001008,1.8448576794928613,3.403499857583785
WLS median,weighted_source_affine_median,heterogeneous,2014-06-16_001015,1.8162396175198694,13.880537887509035
WLS median,weighted_source_affine_median,heterogeneous,2014-06-16_001017,1.262656932973158,3.043638688048785
WLS median,weighted_source_affine_median,heterogeneous,2014-06-16_001018,2.270150275914375,18.321876653789182
WLS median,weighted_source_affine_median,heterogeneous,2014-06-16_001022,0.26487702842058525,5.558748343942418
WLS median,weighted_source_affine_median,heterogeneous,2014-06-16_001029,1.7761714352890579,27.193632953286258
WLS median,weighted_source_affine_median,heterogeneous,2014-06-17_001006,0.6673234912966421,4.232192764835756
WLS median,weighted_source_affine_median,heterogeneous,2014-06-17_001007,0.37466035723855384,8.612293052355865
WLS median,weighted_source_affine_median,heterogeneous,2014-06-17_001008,3.5192457889697053,24.013331234546676
WLS median,weighted_source_affine_median,heterogeneous,2014-06-17_001015,0.6376610524861093,9.200384682612775
WLS median,weighted_source_affine_median,heterogeneous,2014-06-17_001017,1.6466020070797711,5.4331804808471755
WLS median,weighted_source_affine_median,heterogeneous,2014-06-17_001018,2.444939964914397,10.671629047277746
WLS median,weighted_source_affine_median,heterogeneous,2014-06-17_001022,1.1939839544017872,10.60396101358437
WLS median,weighted_source_affine_median,heterogeneous,2014-06-17_001029,3.0180232036337102,27.345137130862014
WLS median,weighted_source_affine_median,heterogeneous,2014-06-18_001006,2.0325048289244236,8.547480817254177
WLS median,weighted_source_affine_median,heterogeneous,2014-06-18_001007,0.6622772253174887,0.4386111231742317
WLS median,weighted_source_affine_median,heterogeneous,2014-06-18_001008,5.196814280009406,31.474716692761916
WLS median,weighted_source_affine_median,heterogeneous,2014-06-18_001015,2.5872270665713657,20.184759463202656
WLS median,weighted_source_affine_median,heterogeneous,2014-06-18_001017,1.429502473197374,2.043477320877409
WLS median,weighted_source_affine_median,heterogeneous,2014-06-18_001018,0.9606062363605403,5.614663081404514
WLS median,weighted_source_affine_median,heterogeneous,2014-06-18_001022,2.68057944488028,18.232564850871118
WLS median,weighted_source_affine_median,heterogeneous,2014-06-18_001029,1.928614307089937,15.1422445120247
WLS median,weighted_source_affine_median,heterogeneous,2014-06-19_001007,3.8055865189630538,25.614821533959628
WLS median,weighted_source_affine_median,heterogeneous,2014-06-19_001008,7.395929310648029,126.53824783551403
WLS median,weighted_source_affine_median,heterogeneous,2014-06-19_001015,1.5204526200454325,46.139498270284086
WLS median,weighted_source_affine_median,heterogeneous,2014-06-19_001017,1.3233216144590187,93.95479712269793
WLS median,weighted_source_affine_median,heterogeneous,2014-06-19_001018,6.7751523594068885,220.00828768561516
WLS median,weighted_source_affine_median,heterogeneous,2014-06-19_001022,3.0227285914736797,36.313678953768836
WLS median,weighted_source_affine_median,heterogeneous,2014-06-19_001029,8.609687595282416,140.2899123108852
WLS median,weighted_source_affine_median,heterogeneous,2014-06-20_001006,1.7176581992954567,4.395012259726046
WLS median,weighted_source_affine_median,heterogeneous,2014-06-20_001007,1.845822263911586,4.336125546897666
WLS median,weighted_source_affine_median,heterogeneous,2014-06-20_001008,1.4649227900723147,19.080253106614556
WLS median,weighted_source_affine_median,heterogeneous,2014-06-20_001015,1.7516147096380053,3.0681540910202334
WLS median,weighted_source_affine_median,heterogeneous,2014-06-20_001017,1.741483445400977,3.7231189676608993
WLS median,weighted_source_affine_median,heterogeneous,2014-06-20_001018,2.153350344199822,14.889715887074335
WLS median,weighted_source_affine_median,heterogeneous,2014-06-20_001022,4.385884029070137,74.4893977799721
WLS median,weighted_source_affine_median,heterogeneous,2014-06-20_001029,3.9324073624252662,21.95982628661947
WLS median,weighted_source_affine_median,heterogeneous,2014-06-21_001006,3.466411282981497,19.413743584947767
WLS median,weighted_source_affine_median,heterogeneous,2014-06-21_001007,0.9128410807420266,0.954503157460901
WLS median,weighted_source_affine_median,heterogeneous,2014-06-21_001008,3.2980855609337425,11.1393838989541
WLS median,weighted_source_affine_median,heterogeneous,2014-06-21_001015,1.2561233050896732,10.109273236872179
WLS median,weighted_source_affine_median,heterogeneous,2014-06-21_001017,2.779178828207151,30.854909418476616
WLS median,weighted_source_affine_median,heterogeneous,2014-06-21_001022,0.47327398160278733,17.46378105318307
WLS median,weighted_source_affine_median,heterogeneous,2014-06-21_001029,1.9319638472386202,3.732484307037051
WLS median,weighted_source_affine_median,heterogeneous,2014-06-22_001006,0.8193610885185336,9.866324803328704
WLS median,weighted_source_affine_median,heterogeneous,2014-06-22_001007,0.07637307702418639,2.9244494547036437
WLS median,weighted_source_affine_median,heterogeneous,2014-06-22_001008,2.7673071020776803,30.807599530522666
WLS median,weighted_source_affine_median,heterogeneous,2014-06-22_001015,0.5522034020267981,8.748940999545677
WLS median,weighted_source_affine_median,heterogeneous,2014-06-22_001017,1.4720382390870625,10.206471283501239
WLS median,weighted_source_affine_median,heterogeneous,2014-06-22_001018,1.3693965407153428,8.612798333406674
WLS median,weighted_source_affine_median,heterogeneous,2014-06-22_001022,2.7087888054630795,11.794310502758082
WLS median,weighted_source_affine_median,heterogeneous,2014-06-22_001029,1.1850508574282301,1.4043455346913833
WLS median,weighted_source_affine_median,heterogeneous,2014-06-23_001006,1.0721643958217708,1.3483926335748475
WLS median,weighted_source_affine_median,heterogeneous,2014-06-23_001007,3.6427406203141928,13.26955922688703
WLS median,weighted_source_affine_median,heterogeneous,2014-06-23_001008,3.61552677549858,13.07203386434716
WLS median,weighted_source_affine_median,heterogeneous,2014-06-23_001015,1.8656622186198968,28.60638876222031
WLS median,weighted_source_affine_median,heterogeneous,2014-06-23_001017,0.35739415174189304,3.908799290523577
WLS median,weighted_source_affine_median,heterogeneous,2014-06-23_001018,1.5595196449179554,32.54947955968898
WLS median,weighted_source_affine_median,heterogeneous,2014-06-23_001022,2.232256567667598,4.982969383895125
WLS median,weighted_source_affine_median,heterogeneous,2014-06-23_001029,1.7380458465498343,7.688056033832296
WLS median,weighted_source_affine_median,heterogeneous,2014-06-24_001006,3.226874359706983,26.553750648551322
WLS median,weighted_source_affine_median,heterogeneous,2014-06-24_001007,0.09942056955191347,9.0
WLS median,weighted_source_affine_median,heterogeneous,2014-06-24_001008,0.07176643499325053,6.257323725698951
WLS median,weighted_source_affine_median,heterogeneous,2014-06-24_001015,1.8039443872766512,39.34680893297454
WLS median,weighted_source_affine_median,heterogeneous,2014-06-24_001017,0.09440593522666774,5.485721955916022
WLS median,weighted_source_affine_median,heterogeneous,2014-06-24_001018,5.914771864831977,56.99631841110308
WLS median,weighted_source_affine_median,heterogeneous,2014-06-24_001022,0.6984197814900313,18.92509178745918
WLS median,weighted_source_affine_median,heterogeneous,2014-06-24_001029,1.213461282692009,14.593161189697412
WLS median,weighted_source_affine_median,heterogeneous,2014-06-25_001006,2.7069002530407147,11.719736702541551
WLS median,weighted_source_affine_median,heterogeneous,2014-06-25_001007,0.6739620017359869,0.9207547817885285
WLS median,weighted_source_affine_median,heterogeneous,2014-06-25_001008,0.17690205405369852,26.88457428869317
WLS median,weighted_source_affine_median,heterogeneous,2014-06-25_001015,5.992109876984443,43.432333041786855
WLS median,weighted_source_affine_median,heterogeneous,2014-06-25_001017,1.5191570096803844,3.1457985424468586
WLS median,weighted_source_affine_median,heterogeneous,2014-06-25_001022,2.3761187696609056,6.765219174872877
WLS median,weighted_source_affine_median,heterogeneous,2014-06-25_001029,1.601266788913719,7.3743986776316754
Midpoint,SourceBridge_packet,exact,2014-05-29_001006,8.084439304342965,178.2501998494269
Midpoint,SourceBridge_packet,exact,2014-05-29_001007,6.520715378003501,42.68747129734142
Midpoint,SourceBridge_packet,exact,2014-05-29_001008,11.635594313885463,208.55219046275934
Midpoint,SourceBridge_packet,exact,2014-05-29_001015,10.554515208337449,141.1881853234188
Midpoint,SourceBridge_packet,exact,2014-05-29_001017,4.002721696603729,52.920480769971306
Midpoint,SourceBridge_packet,exact,2014-05-29_001018,7.2278477483270365,80.60789044091806
Midpoint,SourceBridge_packet,exact,2014-05-29_001022,12.073378999542712,160.23260203671555
Midpoint,SourceBridge_packet,exact,2014-05-29_001029,0.4906862986098588,32.87236853800489
Midpoint,SourceBridge_packet,exact,2014-05-30_001006,0.1480538009066379,57.85063288763478
Midpoint,SourceBridge_packet,exact,2014-05-30_001007,0.15305855426601056,1.2305560178951875
Midpoint,SourceBridge_packet,exact,2014-05-30_001008,1.278163861048057,2.4165694367544863
Midpoint,SourceBridge_packet,exact,2014-05-30_001015,3.229657668207892,10.65549670393049
Midpoint,SourceBridge_packet,exact,2014-05-30_001017,0.4826033917568253,3.3669162793149345
Midpoint,SourceBridge_packet,exact,2014-05-30_001018,0.6845294249449978,6.874971964803099
Midpoint,SourceBridge_packet,exact,2014-05-30_001022,1.2761042890146541,2.5017667452457153
Midpoint,SourceBridge_packet,exact,2014-05-30_001029,4.268693533608889,32.17119792537766
Midpoint,SourceBridge_packet,exact,2014-05-31_001006,2.7490942668864875,33.153695175182705
Midpoint,SourceBridge_packet,exact,2014-05-31_001007,5.214661504067834,54.604855962328486
Midpoint,SourceBridge_packet,exact,2014-05-31_001008,0.9140923129522776,3.724161510330567
Midpoint,SourceBridge_packet,exact,2014-05-31_001015,4.329468065023619,53.46740787354348
Midpoint,SourceBridge_packet,exact,2014-05-31_001017,2.0273542306317154,14.981274867386272
Midpoint,SourceBridge_packet,exact,2014-05-31_001018,2.4413403848771225,12.9860130567962
Midpoint,SourceBridge_packet,exact,2014-05-31_001022,6.20639159342133,62.06461494670604
Midpoint,SourceBridge_packet,exact,2014-05-31_001029,6.594862758088567,62.987702282626934
Midpoint,SourceBridge_packet,exact,2014-06-01_001006,0.10346450692078335,8.088144595856726
Midpoint,SourceBridge_packet,exact,2014-06-01_001007,0.7752555076048182,20.586522346662317
Midpoint,SourceBridge_packet,exact,2014-06-01_001008,2.919965808178624,28.13451789341766
Midpoint,SourceBridge_packet,exact,2014-06-01_001015,4.19535788216335,41.53323871020771
Midpoint,SourceBridge_packet,exact,2014-06-01_001017,2.234034589601279,27.990694677744525
Midpoint,SourceBridge_packet,exact,2014-06-01_001018,1.6839137049756303,33.7895774686238
Midpoint,SourceBridge_packet,exact,2014-06-01_001022,0.5877153923196801,17.85137777390427
Midpoint,SourceBridge_packet,exact,2014-06-01_001029,2.0559943201923687,8.267039738380785
Midpoint,SourceBridge_packet,exact,2014-06-02_001006,0.29941627396686243,1.0672845012428707
Midpoint,SourceBridge_packet,exact,2014-06-02_001007,1.8524353906871696,4.152974000080432
Midpoint,SourceBridge_packet,exact,2014-06-02_001008,1.5319575966824033,7.58934285673488
Midpoint,SourceBridge_packet,exact,2014-06-02_001015,0.6084085039936298,4.7543273347141
Midpoint,SourceBridge_packet,exact,2014-06-02_001017,0.41909429467211723,0.24578681390908838
Midpoint,SourceBridge_packet,exact,2014-06-02_001018,0.8104511495965241,3.9737279732495425
Midpoint,SourceBridge_packet,exact,2014-06-02_001022,1.5778160452306587,8.170285354577823
Midpoint,SourceBridge_packet,exact,2014-06-02_001029,0.4098918009376966,6.714921740122459
Midpoint,SourceBridge_packet,exact,2014-06-03_001006,0.5330067063231567,22.743502594790655
Midpoint,SourceBridge_packet,exact,2014-06-03_001007,2.8603823768442496,20.708587756856158
Midpoint,SourceBridge_packet,exact,2014-06-03_001008,4.084970407565812,28.86608834358874
Midpoint,SourceBridge_packet,exact,2014-06-03_001015,6.261281620695549,78.14626148952887
Midpoint,SourceBridge_packet,exact,2014-06-03_001017,0.01612977183901876,1.4120271868432808
Midpoint,SourceBridge_packet,exact,2014-06-03_001018,2.2164642618299126,23.45352195806929
Midpoint,SourceBridge_packet,exact,2014-06-03_001022,0.251276243571148,8.52459726694966
Midpoint,SourceBridge_packet,exact,2014-06-03_001029,3.0323818030534824,34.39519359039543
Midpoint,SourceBridge_packet,exact,2014-06-04_001022,1.0013716871446832,24.45725330519862
Midpoint,SourceBridge_packet,exact,2014-06-05_001006,4.823979638139701,32.31544047487703
Midpoint,SourceBridge_packet,exact,2014-06-05_001007,0.3085462208297187,14.825128161145592
Midpoint,SourceBridge_packet,exact,2014-06-05_001008,0.6113049490793117,3.2128132151332944
Midpoint,SourceBridge_packet,exact,2014-06-05_001015,0.8950479767302681,4.935392791534133
Midpoint,SourceBridge_packet,exact,2014-06-05_001017,0.04405778535996774,8.873527388146696
Midpoint,SourceBridge_packet,exact,2014-06-05_001018,1.1847447265501216,4.288792037075161
Midpoint,SourceBridge_packet,exact,2014-06-05_001022,2.7678158200448095,24.27723481327338
Midpoint,SourceBridge_packet,exact,2014-06-05_001029,0.7700084329310215,7.115005385940253
Midpoint,SourceBridge_packet,exact,2014-06-06_001006,0.5074280137171598,13.427220045383361
Midpoint,SourceBridge_packet,exact,2014-06-06_001007,0.24164554928630366,0.5526932762104724
Midpoint,SourceBridge_packet,exact,2014-06-06_001008,1.306341962188995,9.760961410703262
Midpoint,SourceBridge_packet,exact,2014-06-06_001015,0.6977681665048578,2.873807901620098
Midpoint,SourceBridge_packet,exact,2014-06-06_001017,1.1061881062673535,2.7544517054432327
Midpoint,SourceBridge_packet,exact,2014-06-06_001018,1.9549361961198883,6.0242684371056034
Midpoint,SourceBridge_packet,exact,2014-06-06_001022,1.989909698766965,10.37487506938799
Midpoint,SourceBridge_packet,exact,2014-06-06_001029,5.605093337660016,58.862703719735755
Midpoint,SourceBridge_packet,exact,2014-06-07_001006,1.5570592506079324,4.52399254968848
Midpoint,SourceBridge_packet,exact,2014-06-07_001007,2.0690633259871216,4.28102304694489
Midpoint,SourceBridge_packet,exact,2014-06-07_001008,4.128002581546577,17.48255239274926
Midpoint,SourceBridge_packet,exact,2014-06-07_001015,1.9329499897224949,13.5657282204945
Midpoint,SourceBridge_packet,exact,2014-06-07_001017,0.9812433754690257,28.64585651682365
Midpoint,SourceBridge_packet,exact,2014-06-07_001018,3.7031905951428357,37.47574524777161
Midpoint,SourceBridge_packet,exact,2014-06-07_001022,1.420739681643651,2.018501242996903
Midpoint,SourceBridge_packet,exact,2014-06-07_001029,2.1493083145683816,4.619526231072777
Midpoint,SourceBridge_packet,exact,2014-06-08_001006,0.015831656732665067,30.367817331276225
Midpoint,SourceBridge_packet,exact,2014-06-08_001007,0.31370271160321295,10.68352803137422
Midpoint,SourceBridge_packet,exact,2014-06-08_001008,5.963214222416468,40.39011692716218
Midpoint,SourceBridge_packet,exact,2014-06-08_001015,2.5251407698580906,17.77856152320343
Midpoint,SourceBridge_packet,exact,2014-06-08_001017,7.498019551159871,92.98417459707997
Midpoint,SourceBridge_packet,exact,2014-06-08_001018,5.019713427282198,44.89492993542656
Midpoint,SourceBridge_packet,exact,2014-06-08_001022,8.429672794016057,101.13823191245153
Midpoint,SourceBridge_packet,exact,2014-06-08_001029,4.919568388593881,45.53028132705845
Midpoint,SourceBridge_packet,exact,2014-06-09_001006,3.6882046669462696,23.413443269340334
Midpoint,SourceBridge_packet,exact,2014-06-09_001007,0.535849017181981,10.281453459520723
Midpoint,SourceBridge_packet,exact,2014-06-09_001015,1.1967114361321762,6.841248310685383
Midpoint,SourceBridge_packet,exact,2014-06-09_001017,3.332661913473487,24.633684301665912
Midpoint,SourceBridge_packet,exact,2014-06-09_001018,4.3104264384436135,24.920713741304372
Midpoint,SourceBridge_packet,exact,2014-06-09_001022,2.932097443365194,19.577327561481084
Midpoint,SourceBridge_packet,exact,2014-06-09_001029,3.357857261033306,46.72302442878782
Midpoint,SourceBridge_packet,exact,2014-06-10_001006,2.7046253975806707,34.809698238404515
Midpoint,SourceBridge_packet,exact,2014-06-10_001007,7.567481543754795,93.03079748208991
Midpoint,SourceBridge_packet,exact,2014-06-10_001008,2.9094262690159383,20.68998872559021
Midpoint,SourceBridge_packet,exact,2014-06-10_001015,5.696435555586248,63.5929526479177
Midpoint,SourceBridge_packet,exact,2014-06-10_001017,3.4921550294375834,21.99695867991358
Midpoint,SourceBridge_packet,exact,2014-06-10_001018,4.706660378459574,57.255192005671084
Midpoint,SourceBridge_packet,exact,2014-06-10_001022,2.798216111237224,11.712695226146696
Midpoint,SourceBridge_packet,exact,2014-06-10_001029,10.822376148782688,118.89890785723927
Midpoint,SourceBridge_packet,exact,2014-06-11_001006,4.679525159287747,31.88832334172568
Midpoint,SourceBridge_packet,exact,2014-06-11_001007,3.075960735237441,47.3178898200478
Midpoint,SourceBridge_packet,exact,2014-06-11_001008,1.825145572127287,4.331467256358621
Midpoint,SourceBridge_packet,exact,2014-06-11_001015,2.204769109788634,4.861006827478166
Midpoint,SourceBridge_packet,exact,2014-06-11_001017,1.9938013775715895,10.881094154995136
Midpoint,SourceBridge_packet,exact,2014-06-11_001018,1.3948849638305845,9.686922447531007
Midpoint,SourceBridge_packet,exact,2014-06-11_001022,1.1401749161696717,5.018098982177563
Midpoint,SourceBridge_packet,exact,2014-06-11_001029,1.9196332445121804,28.68188524655227
Midpoint,SourceBridge_packet,exact,2014-06-12_001006,0.4548264289688362,29.498540149921666
Midpoint,SourceBridge_packet,exact,2014-06-12_001007,3.0542501192552365,18.09276843599584
Midpoint,SourceBridge_packet,exact,2014-06-12_001008,0.8046157249651458,11.533081492214563
Midpoint,SourceBridge_packet,exact,2014-06-12_001015,3.801322197144163,44.348249185118675
Midpoint,SourceBridge_packet,exact,2014-06-12_001017,3.6672887376999643,38.005020221550474
Midpoint,SourceBridge_packet,exact,2014-06-12_001018,5.3558926824782915,43.16437245182841
Midpoint,SourceBridge_packet,exact,2014-06-12_001022,4.840752726950278,29.060445149896232
Midpoint,SourceBridge_packet,exact,2014-06-12_001029,2.739392263872631,40.19638704757644
Midpoint,SourceBridge_packet,exact,2014-06-13_001006,6.996672172628969,91.96308742409627
Midpoint,SourceBridge_packet,exact,2014-06-13_001007,7.133371465654971,184.67097612761935
Midpoint,SourceBridge_packet,exact,2014-06-13_001008,8.021956036659411,147.6447530179693
Midpoint,SourceBridge_packet,exact,2014-06-13_001015,10.729972822307804,117.82802801987938
Midpoint,SourceBridge_packet,exact,2014-06-13_001017,14.639162921074476,289.4867888948699
Midpoint,SourceBridge_packet,exact,2014-06-13_001018,5.186622941508606,28.948729374349018
Midpoint,SourceBridge_packet,exact,2014-06-13_001022,0.12268213381200255,79.56840021369683
Midpoint,SourceBridge_packet,exact,2014-06-13_001029,2.5951156576797416,28.971945136585468
Midpoint,SourceBridge_packet,exact,2014-06-14_001006,2.069396452553164,7.6770728549421445
Midpoint,SourceBridge_packet,exact,2014-06-14_001007,4.416038878659997,57.35813580359608
Midpoint,SourceBridge_packet,exact,2014-06-14_001008,0.27743082173300593,6.852046273882326
Midpoint,SourceBridge_packet,exact,2014-06-14_001015,4.109245557508466,42.37755733743569
Midpoint,SourceBridge_packet,exact,2014-06-14_001017,4.328886929998127,54.55471569051741
Midpoint,SourceBridge_packet,exact,2014-06-14_001018,0.6097373554122214,18.50156458501548
Midpoint,SourceBridge_packet,exact,2014-06-14_001022,5.910929487733377,47.39635771185432
Midpoint,SourceBridge_packet,exact,2014-06-14_001029,2.2939588058065183,5.262247002737268
Midpoint,SourceBridge_packet,exact,2014-06-15_001006,1.7215134968309513,9.758860355305076
Midpoint,SourceBridge_packet,exact,2014-06-15_001007,0.11199048822646773,2.3086767872886154
Midpoint,SourceBridge_packet,exact,2014-06-15_001008,1.5962549331937907,4.3152547371010455
Midpoint,SourceBridge_packet,exact,2014-06-15_001015,1.539951338094454,5.253291685424955
Midpoint,SourceBridge_packet,exact,2014-06-15_001017,2.3197280389594113,16.68220947603955
Midpoint,SourceBridge_packet,exact,2014-06-15_001018,0.4626177764659758,6.212067659462291
Midpoint,SourceBridge_packet,exact,2014-06-15_001022,0.60559021660535,1.667443482548969
Midpoint,SourceBridge_packet,exact,2014-06-15_001029,0.9763210602916672,1.5488616075768404
Midpoint,SourceBridge_packet,exact,2014-06-16_001006,0.2491377180302834,25.5757184733282
Midpoint,SourceBridge_packet,exact,2014-06-16_001007,0.2384982121077428,2.2105472719201114
Midpoint,SourceBridge_packet,exact,2014-06-16_001008,1.70857923621719,4.255896193137188
Midpoint,SourceBridge_packet,exact,2014-06-16_001015,1.4846810899557,9.932023506533012
Midpoint,SourceBridge_packet,exact,2014-06-16_001017,0.4129212818377255,7.342200447331749
Midpoint,SourceBridge_packet,exact,2014-06-16_001018,0.6125335718002134,1.6183601342963185
Midpoint,SourceBridge_packet,exact,2014-06-16_001022,1.9061907320670173,6.127579758257597
Midpoint,SourceBridge_packet,exact,2014-06-16_001029,4.627508973300223,81.59843488304745
Midpoint,SourceBridge_packet,exact,2014-06-17_001006,1.6354959126732211,4.403113919657245
Midpoint,SourceBridge_packet,exact,2014-06-17_001007,0.5070640230379979,2.4539974321217124
Midpoint,SourceBridge_packet,exact,2014-06-17_001008,0.19342814207218595,5.613554661411612
Midpoint,SourceBridge_packet,exact,2014-06-17_001015,0.08771218239867551,1.9687666856010377
Midpoint,SourceBridge_packet,exact,2014-06-17_001017,0.6845287065188188,17.620250423925505
Midpoint,SourceBridge_packet,exact,2014-06-17_001018,0.9635827380801345,1.467319895852798
Midpoint,SourceBridge_packet,exact,2014-06-17_001022,0.7880354559014577,7.414087192702152
Midpoint,SourceBridge_packet,exact,2014-06-17_001029,1.1329192787008964,3.5892985810274767
Midpoint,SourceBridge_packet,exact,2014-06-18_001006,1.5376438737411036,23.86562057895761
Midpoint,SourceBridge_packet,exact,2014-06-18_001007,4.147595244688183,44.195935262857695
Midpoint,SourceBridge_packet,exact,2014-06-18_001008,0.3607534992449999,26.21825776561308
Midpoint,SourceBridge_packet,exact,2014-06-18_001015,8.068747468748342,72.11430146755563
Midpoint,SourceBridge_packet,exact,2014-06-18_001017,5.425209828508812,29.432901683348618
Midpoint,SourceBridge_packet,exact,2014-06-18_001018,6.443884346645536,94.47129172802187
Midpoint,SourceBridge_packet,exact,2014-06-18_001022,5.206191167178726,58.801727758610795
Midpoint,SourceBridge_packet,exact,2014-06-18_001029,7.196263011639502,52.66743741748487
Midpoint,SourceBridge_packet,exact,2014-06-19_001007,3.4282458573788404,26.014078772937616
Midpoint,SourceBridge_packet,exact,2014-06-19_001008,1.349213548536511,7.065127592505715
Midpoint,SourceBridge_packet,exact,2014-06-19_001015,1.7153637710671035,6.917462644950543
Midpoint,SourceBridge_packet,exact,2014-06-19_001017,1.659413299703715,2.7557779823385657
Midpoint,SourceBridge_packet,exact,2014-06-19_001018,0.7635140473227011,7.956452589868666
Midpoint,SourceBridge_packet,exact,2014-06-19_001022,1.0766999476790033,11.428055890495193
Midpoint,SourceBridge_packet,exact,2014-06-19_001029,1.724781110817574,5.208832932449991
Midpoint,SourceBridge_packet,exact,2014-06-20_001006,3.4685621593606477,33.14368925302584
Midpoint,SourceBridge_packet,exact,2014-06-20_001007,9.112787107265323,94.00352052587071
Midpoint,SourceBridge_packet,exact,2014-06-20_001008,4.3595999259176175,47.95536291545571
Midpoint,SourceBridge_packet,exact,2014-06-20_001015,4.904279214039057,25.761336376031586
Midpoint,SourceBridge_packet,exact,2014-06-20_001017,1.698588456753967,10.62881281702565
Midpoint,SourceBridge_packet,exact,2014-06-20_001018,0.02855261361445116,92.45811237331507
Midpoint,SourceBridge_packet,exact,2014-06-20_001022,3.5652043822823547,21.567233112264528
Midpoint,SourceBridge_packet,exact,2014-06-20_001029,2.5050804707329917,6.275428164847827
Midpoint,SourceBridge_packet,exact,2014-06-21_001006,1.8283945566878543,9.0079816060949
Midpoint,SourceBridge_packet,exact,2014-06-21_001007,2.1450712621636114,37.77177712951068
Midpoint,SourceBridge_packet,exact,2014-06-21_001008,1.330431251891767,19.63043926428526
Midpoint,SourceBridge_packet,exact,2014-06-21_001015,2.4967025782955545,20.29934705939073
Midpoint,SourceBridge_packet,exact,2014-06-21_001017,1.3575221342069028,134.8143131836298
Midpoint,SourceBridge_packet,exact,2014-06-21_001022,2.4177151215456405,33.012772338126524
Midpoint,SourceBridge_packet,exact,2014-06-21_001029,6.25835415867266,76.96835133656725
Midpoint,SourceBridge_packet,exact,2014-06-22_001006,1.8266487206063715,12.38648695758367
Midpoint,SourceBridge_packet,exact,2014-06-22_001007,0.9117340285902316,24.209260115253443
Midpoint,SourceBridge_packet,exact,2014-06-22_001008,1.7601283295579577,17.385728756038038
Midpoint,SourceBridge_packet,exact,2014-06-22_001015,1.422759509206287,45.12964939700529
Midpoint,SourceBridge_packet,exact,2014-06-22_001017,2.3158632488851936,37.80029641054551
Midpoint,SourceBridge_packet,exact,2014-06-22_001018,4.5631971504500655,80.53003019943564
Midpoint,SourceBridge_packet,exact,2014-06-22_001022,2.14642066953769,43.76298573505637
Midpoint,SourceBridge_packet,exact,2014-06-22_001029,3.1947531068485375,21.851186332842055
Midpoint,SourceBridge_packet,exact,2014-06-23_001006,2.417709839190069,17.31970573902912
Midpoint,SourceBridge_packet,exact,2014-06-23_001007,3.735868742732565,32.383863069487184
Midpoint,SourceBridge_packet,exact,2014-06-23_001008,4.553190642595503,23.37287791402092
Midpoint,SourceBridge_packet,exact,2014-06-23_001015,0.011546836364072277,6.133022453885448
Midpoint,SourceBridge_packet,exact,2014-06-23_001017,2.098283352437038,24.81435772792626
Midpoint,SourceBridge_packet,exact,2014-06-23_001018,4.345991282849553,31.31297136890997
Midpoint,SourceBridge_packet,exact,2014-06-23_001022,4.292524648517954,27.92336690776236
Midpoint,SourceBridge_packet,exact,2014-06-23_001029,2.40961637324774,49.02359803078805
Midpoint,SourceBridge_packet,exact,2014-06-24_001006,2.7661065626524035,33.90899525392
Midpoint,SourceBridge_packet,exact,2014-06-24_001007,7.277295691257166,62.521598132688396
Midpoint,SourceBridge_packet,exact,2014-06-24_001008,2.4174506063164074,21.841013719489084
Midpoint,SourceBridge_packet,exact,2014-06-24_001015,5.939515497204091,64.55141449590108
Midpoint,SourceBridge_packet,exact,2014-06-24_001017,3.9231195221724207,30.178181785061902
Midpoint,SourceBridge_packet,exact,2014-06-24_001018,9.620034974576157,224.24106699232698
Midpoint,SourceBridge_packet,exact,2014-06-24_001022,2.557160818111427,25.515534483878813
Midpoint,SourceBridge_packet,exact,2014-06-24_001029,3.8718727260568,24.206213407107207
Midpoint,SourceBridge_packet,exact,2014-06-25_001006,0.9042869192486904,7.97313574666384
Midpoint,SourceBridge_packet,exact,2014-06-25_001007,3.7120587799021365,25.082552602942055
Midpoint,SourceBridge_packet,exact,2014-06-25_001008,3.576178563920024,16.799922775023614
Midpoint,SourceBridge_packet,exact,2014-06-25_001015,1.0613022497848021,14.25205471963581
Midpoint,SourceBridge_packet,exact,2014-06-25_001017,5.039393219821335,25.39548402398124
Midpoint,SourceBridge_packet,exact,2014-06-25_001022,5.819467713810383,64.53835740108997
Midpoint,SourceBridge_packet,exact,2014-06-25_001029,5.004552257723006,67.40342295766051
Midpoint,SourceBridge_packet,heterogeneous,2014-05-29_001006,4.1355144337742615,78.35733138572313
Midpoint,SourceBridge_packet,heterogeneous,2014-05-29_001007,0.9403243763905493,25.1684366804536
Midpoint,SourceBridge_packet,heterogeneous,2014-05-29_001008,5.714308520238362,66.70999781789092
Midpoint,SourceBridge_packet,heterogeneous,2014-05-29_001015,6.798027887481098,59.072467999605145
Midpoint,SourceBridge_packet,heterogeneous,2014-05-29_001017,6.108412404907355,54.794872475908015
Midpoint,SourceBridge_packet,heterogeneous,2014-05-29_001018,3.013005404489391,31.503206026495928
Midpoint,SourceBridge_packet,heterogeneous,2014-05-29_001022,7.9544291103980385,130.8736703153633
Midpoint,SourceBridge_packet,heterogeneous,2014-05-29_001029,0.004615799601765502,12.797516769888349
Midpoint,SourceBridge_packet,heterogeneous,2014-05-30_001006,2.463512712479229,63.47472160539463
Midpoint,SourceBridge_packet,heterogeneous,2014-05-30_001007,6.362468754724958,55.468008770239436
Midpoint,SourceBridge_packet,heterogeneous,2014-05-30_001008,9.911843342205287,124.06355158930428
Midpoint,SourceBridge_packet,heterogeneous,2014-05-30_001015,4.192172200413921,88.82790968827186
Midpoint,SourceBridge_packet,heterogeneous,2014-05-30_001017,4.603637283569739,66.99991113894411
Midpoint,SourceBridge_packet,heterogeneous,2014-05-30_001018,5.845155578936144,55.04944081284527
Midpoint,SourceBridge_packet,heterogeneous,2014-05-30_001022,5.494679767623538,98.94931685521122
Midpoint,SourceBridge_packet,heterogeneous,2014-05-30_001029,11.698856727254146,341.4235780673419
Midpoint,SourceBridge_packet,heterogeneous,2014-05-31_001006,4.160967411106185,23.08745724087722
Midpoint,SourceBridge_packet,heterogeneous,2014-05-31_001007,4.1309230922121,74.11770686776373
Midpoint,SourceBridge_packet,heterogeneous,2014-05-31_001008,2.355038404017776,20.771571651796563
Midpoint,SourceBridge_packet,heterogeneous,2014-05-31_001015,1.5519096178938554,6.987319085141788
Midpoint,SourceBridge_packet,heterogeneous,2014-05-31_001017,1.170193925393903,21.217697587691298
Midpoint,SourceBridge_packet,heterogeneous,2014-05-31_001018,0.0711061431076132,8.95583239906128
Midpoint,SourceBridge_packet,heterogeneous,2014-05-31_001022,2.6793966906248556,87.17337840969104
Midpoint,SourceBridge_packet,heterogeneous,2014-05-31_001029,6.758744620117142,72.80547631857466
Midpoint,SourceBridge_packet,heterogeneous,2014-06-01_001006,2.329989777006574,25.037108212133603
Midpoint,SourceBridge_packet,heterogeneous,2014-06-01_001007,5.125156607974468,41.28654814685349
Midpoint,SourceBridge_packet,heterogeneous,2014-06-01_001008,3.558303737394887,30.73321421224335
Midpoint,SourceBridge_packet,heterogeneous,2014-06-01_001015,2.774249470543694,32.47622896164881
Midpoint,SourceBridge_packet,heterogeneous,2014-06-01_001017,3.558781631511252,56.757860528494724
Midpoint,SourceBridge_packet,heterogeneous,2014-06-01_001018,2.541299922942123,19.327899415097885
Midpoint,SourceBridge_packet,heterogeneous,2014-06-01_001022,0.17457554060297298,20.364168473371574
Midpoint,SourceBridge_packet,heterogeneous,2014-06-01_001029,1.725387912785667,7.1394023318098645
Midpoint,SourceBridge_packet,heterogeneous,2014-06-02_001006,2.954023218127361,9.474235523340015
Midpoint,SourceBridge_packet,heterogeneous,2014-06-02_001007,5.0042042287973345,46.994482620722025
Midpoint,SourceBridge_packet,heterogeneous,2014-06-02_001008,2.4513714930363193,67.86761934059014
Midpoint,SourceBridge_packet,heterogeneous,2014-06-02_001015,0.6585858141789842,3.7573963624914635
Midpoint,SourceBridge_packet,heterogeneous,2014-06-02_001017,3.8071548905829644,24.39193725761287
Midpoint,SourceBridge_packet,heterogeneous,2014-06-02_001018,2.315586569441116,48.62670268948563
Midpoint,SourceBridge_packet,heterogeneous,2014-06-02_001022,2.1777363883087446,19.84601816623494
Midpoint,SourceBridge_packet,heterogeneous,2014-06-02_001029,3.333233697447003,34.23851892779811
Midpoint,SourceBridge_packet,heterogeneous,2014-06-03_001006,0.48918446663756754,3.4865779657831677
Midpoint,SourceBridge_packet,heterogeneous,2014-06-03_001007,4.907985376890046,59.02312914789804
Midpoint,SourceBridge_packet,heterogeneous,2014-06-03_001008,1.435778993040266,38.149626668550745
Midpoint,SourceBridge_packet,heterogeneous,2014-06-03_001015,5.3055642323294165,44.79591428932184
Midpoint,SourceBridge_packet,heterogeneous,2014-06-03_001017,1.7338164988912865,3.7315543278598313
Midpoint,SourceBridge_packet,heterogeneous,2014-06-03_001018,4.384517824207386,26.97802159704245
Midpoint,SourceBridge_packet,heterogeneous,2014-06-03_001022,2.7544988391333405,18.45068541981638
Midpoint,SourceBridge_packet,heterogeneous,2014-06-03_001029,4.1851410223671195,44.07358991802861
Midpoint,SourceBridge_packet,heterogeneous,2014-06-04_001022,0.4901308458178022,11.929597780900043
Midpoint,SourceBridge_packet,heterogeneous,2014-06-05_001006,7.221687882928812,73.78424681429603
Midpoint,SourceBridge_packet,heterogeneous,2014-06-05_001007,5.460534559098136,82.12340013805213
Midpoint,SourceBridge_packet,heterogeneous,2014-06-05_001008,3.9937842450328844,19.751877453520205
Midpoint,SourceBridge_packet,heterogeneous,2014-06-05_001015,3.529971985944755,20.172327582996196
Midpoint,SourceBridge_packet,heterogeneous,2014-06-05_001017,3.3918510743497166,11.910994300110278
Midpoint,SourceBridge_packet,heterogeneous,2014-06-05_001018,0.8657132448999789,20.18344134743132
Midpoint,SourceBridge_packet,heterogeneous,2014-06-05_001022,6.846607131817805,66.17601163352751
Midpoint,SourceBridge_packet,heterogeneous,2014-06-05_001029,1.2844290616892522,24.717229133209003
Midpoint,SourceBridge_packet,heterogeneous,2014-06-06_001006,0.6008574145125323,10.677633063578897
Midpoint,SourceBridge_packet,heterogeneous,2014-06-06_001007,5.907248049021348,47.86148443231822
Midpoint,SourceBridge_packet,heterogeneous,2014-06-06_001008,0.13515830567041576,6.666798963516804
Midpoint,SourceBridge_packet,heterogeneous,2014-06-06_001015,3.478951168525711,36.11229167701905
Midpoint,SourceBridge_packet,heterogeneous,2014-06-06_001017,3.1577869538112395,45.248470589513445
Midpoint,SourceBridge_packet,heterogeneous,2014-06-06_001018,1.5264727810944692,30.961131996709415
Midpoint,SourceBridge_packet,heterogeneous,2014-06-06_001022,6.409118110173836,62.692197630777
Midpoint,SourceBridge_packet,heterogeneous,2014-06-06_001029,3.0930891724126717,13.111423385610408
Midpoint,SourceBridge_packet,heterogeneous,2014-06-07_001006,3.1618019677336306,12.228102972570008
Midpoint,SourceBridge_packet,heterogeneous,2014-06-07_001007,2.477992679337298,6.140447718849241
Midpoint,SourceBridge_packet,heterogeneous,2014-06-07_001008,6.682896919721754,44.661111239626514
Midpoint,SourceBridge_packet,heterogeneous,2014-06-07_001015,2.0921213364697593,25.95511618741534
Midpoint,SourceBridge_packet,heterogeneous,2014-06-07_001017,6.572252730952378,68.9142024234316
Midpoint,SourceBridge_packet,heterogeneous,2014-06-07_001018,2.6187962739495383,16.510552143623126
Midpoint,SourceBridge_packet,heterogeneous,2014-06-07_001022,5.137269455110667,34.458667229139934
Midpoint,SourceBridge_packet,heterogeneous,2014-06-07_001029,4.226676392083876,26.57581862768025
Midpoint,SourceBridge_packet,heterogeneous,2014-06-08_001006,0.40397988290921205,34.79641343686886
Midpoint,SourceBridge_packet,heterogeneous,2014-06-08_001007,0.07444551457334114,13.3715637817315
Midpoint,SourceBridge_packet,heterogeneous,2014-06-08_001008,5.575065996239914,35.607162099131884
Midpoint,SourceBridge_packet,heterogeneous,2014-06-08_001015,2.9132889960346375,21.202445956077913
Midpoint,SourceBridge_packet,heterogeneous,2014-06-08_001017,7.109871324983317,85.64913875433531
Midpoint,SourceBridge_packet,heterogeneous,2014-06-08_001018,4.631565201105644,39.84411715415127
Midpoint,SourceBridge_packet,heterogeneous,2014-06-08_001022,8.041524567839502,93.48187117267307
Midpoint,SourceBridge_packet,heterogeneous,2014-06-08_001029,2.613642501682154,19.728584495680575
Midpoint,SourceBridge_packet,heterogeneous,2014-06-09_001006,1.7640493944130284,9.636738856842554
Midpoint,SourceBridge_packet,heterogeneous,2014-06-09_001007,3.1374641645573575,47.52922841504
Midpoint,SourceBridge_packet,heterogeneous,2014-06-09_001015,3.8556348618521383,51.85570394545403
Midpoint,SourceBridge_packet,heterogeneous,2014-06-09_001017,0.3745091943207015,18.577114748797005
Midpoint,SourceBridge_packet,heterogeneous,2014-06-09_001018,3.0866386722110235,44.61016917661294
Midpoint,SourceBridge_packet,heterogeneous,2014-06-09_001022,1.3709717851316015,35.71750515380542
Midpoint,SourceBridge_packet,heterogeneous,2014-06-09_001029,2.63830049432152,46.95519123507219
Midpoint,SourceBridge_packet,heterogeneous,2014-06-10_001006,4.312461261141934,56.36721535797665
Midpoint,SourceBridge_packet,heterogeneous,2014-06-10_001007,9.175317407316058,126.63188302400857
Midpoint,SourceBridge_packet,heterogeneous,2014-06-10_001008,4.517262132577201,37.90200946445197
Midpoint,SourceBridge_packet,heterogeneous,2014-06-10_001015,4.088599692024985,40.53465365408599
Midpoint,SourceBridge_packet,heterogeneous,2014-06-10_001017,5.0999908929988464,39.66388961588962
Midpoint,SourceBridge_packet,heterogeneous,2014-06-10_001018,6.314496242020837,84.1724030866444
Midpoint,SourceBridge_packet,heterogeneous,2014-06-10_001022,1.1903802476759608,3.2925759168781097
Midpoint,SourceBridge_packet,heterogeneous,2014-06-10_001029,9.018458217002056,82.81290561188071
Midpoint,SourceBridge_packet,heterogeneous,2014-06-11_001006,5.35498283563261,31.049193123127584
Midpoint,SourceBridge_packet,heterogeneous,2014-06-11_001007,4.387039955148223,45.79774798741282
Midpoint,SourceBridge_packet,heterogeneous,2014-06-11_001008,4.202239775090895,28.77870940505622
Midpoint,SourceBridge_packet,heterogeneous,2014-06-11_001015,2.737701919191757,10.574895632826584
Midpoint,SourceBridge_packet,heterogeneous,2014-06-11_001017,2.64729217924312,7.0310095211041705
Midpoint,SourceBridge_packet,heterogeneous,2014-06-11_001018,2.4670946387233172,8.873302865380273
Midpoint,SourceBridge_packet,heterogeneous,2014-06-11_001022,2.5587083521290204,8.425993355263317
Midpoint,SourceBridge_packet,heterogeneous,2014-06-11_001029,2.8826433922165364,15.505521336138706
Midpoint,SourceBridge_packet,heterogeneous,2014-06-12_001006,0.13415866619118688,8.35738340769081
Midpoint,SourceBridge_packet,heterogeneous,2014-06-12_001007,1.1571200597023328,20.1844020743566
Midpoint,SourceBridge_packet,heterogeneous,2014-06-12_001008,0.8417394039693171,1.6492810881883793
Midpoint,SourceBridge_packet,heterogeneous,2014-06-12_001015,3.469028341713404,37.66420173411829
Midpoint,SourceBridge_packet,heterogeneous,2014-06-12_001017,3.338009612753593,31.14649253934322
Midpoint,SourceBridge_packet,heterogeneous,2014-06-12_001018,3.221074355669959,40.942058647586435
Midpoint,SourceBridge_packet,heterogeneous,2014-06-12_001022,4.788440117044672,32.11760766980852
Midpoint,SourceBridge_packet,heterogeneous,2014-06-12_001029,3.595681552438805,56.625827369552674
Midpoint,SourceBridge_packet,heterogeneous,2014-06-13_001006,6.091299475094196,53.48796001327689
Midpoint,SourceBridge_packet,heterogeneous,2014-06-13_001007,8.6636389886188,81.52047774807386
Midpoint,SourceBridge_packet,heterogeneous,2014-06-13_001008,7.195168425184022,144.78796204684463
Midpoint,SourceBridge_packet,heterogeneous,2014-06-13_001015,11.29005367451191,137.6477247346111
Midpoint,SourceBridge_packet,heterogeneous,2014-06-13_001017,10.84447212633814,165.08543345030563
Midpoint,SourceBridge_packet,heterogeneous,2014-06-13_001018,8.949804889421259,94.01651049722467
Midpoint,SourceBridge_packet,heterogeneous,2014-06-13_001022,6.234201110079759,74.76321230845879
Midpoint,SourceBridge_packet,heterogeneous,2014-06-13_001029,0.6836855534915003,12.91046617943104
Midpoint,SourceBridge_packet,heterogeneous,2014-06-14_001006,4.246301694880351,45.07299190856292
Midpoint,SourceBridge_packet,heterogeneous,2014-06-14_001007,0.9394879301021106,8.312585663869115
Midpoint,SourceBridge_packet,heterogeneous,2014-06-14_001008,0.05395480391999996,44.18807375433951
Midpoint,SourceBridge_packet,heterogeneous,2014-06-14_001015,3.4742414549926366,47.00117657735234
Midpoint,SourceBridge_packet,heterogeneous,2014-06-14_001017,4.502391940116034,52.319757862976324
Midpoint,SourceBridge_packet,heterogeneous,2014-06-14_001018,2.801926006384008,36.84018867672217
Midpoint,SourceBridge_packet,heterogeneous,2014-06-14_001022,3.0499856243390795,12.926798500281555
Midpoint,SourceBridge_packet,heterogeneous,2014-06-14_001029,2.189648152821121,36.223148956509206
Midpoint,SourceBridge_packet,heterogeneous,2014-06-15_001006,0.37475883976092916,43.7188860699391
Midpoint,SourceBridge_packet,heterogeneous,2014-06-15_001007,1.1859649082139754,39.90450039884007
Midpoint,SourceBridge_packet,heterogeneous,2014-06-15_001008,0.040685567008949874,45.63971237670425
Midpoint,SourceBridge_packet,heterogeneous,2014-06-15_001015,9.861095981963388,110.98661216920482
Midpoint,SourceBridge_packet,heterogeneous,2014-06-15_001017,0.4124583481159334,35.826466232937804
Midpoint,SourceBridge_packet,heterogeneous,2014-06-15_001018,5.733072332722955,47.540006470607985
Midpoint,SourceBridge_packet,heterogeneous,2014-06-15_001022,2.237356276722778,87.74689106684961
Midpoint,SourceBridge_packet,heterogeneous,2014-06-15_001029,1.7726650524545846,32.64704800657212
Midpoint,SourceBridge_packet,heterogeneous,2014-06-16_001006,0.133658933842014,35.81932641056782
Midpoint,SourceBridge_packet,heterogeneous,2014-06-16_001007,5.058928187724007,29.566487982237742
Midpoint,SourceBridge_packet,heterogeneous,2014-06-16_001008,5.12907156976064,26.307375167726878
Midpoint,SourceBridge_packet,heterogeneous,2014-06-16_001015,1.4045306500244692,5.645383478074664
Midpoint,SourceBridge_packet,heterogeneous,2014-06-16_001017,3.1002197156192324,9.611362285114193
Midpoint,SourceBridge_packet,heterogeneous,2014-06-16_001018,0.8686556211525271,1.6355963809795182
Midpoint,SourceBridge_packet,heterogeneous,2014-06-16_001022,2.236922447073482,13.673955434936314
Midpoint,SourceBridge_packet,heterogeneous,2014-06-16_001029,3.7646797266654204,97.3529608514617
Midpoint,SourceBridge_packet,heterogeneous,2014-06-17_001006,0.3369801437107185,7.870270146507536
Midpoint,SourceBridge_packet,heterogeneous,2014-06-17_001007,0.7036782292368287,34.27959012631338
Midpoint,SourceBridge_packet,heterogeneous,2014-06-17_001008,1.5213235304961898,11.719962056065437
Midpoint,SourceBridge_packet,heterogeneous,2014-06-17_001015,1.3478490069960003,7.248833439561558
Midpoint,SourceBridge_packet,heterogeneous,2014-06-17_001017,0.5123514414039718,11.642109177194978
Midpoint,SourceBridge_packet,heterogeneous,2014-06-17_001018,1.0821856696083216,22.948847638449212
Midpoint,SourceBridge_packet,heterogeneous,2014-06-17_001022,1.3004573652827247,20.017659664220638
Midpoint,SourceBridge_packet,heterogeneous,2014-06-17_001029,1.1307316470192745,15.658287239901783
Midpoint,SourceBridge_packet,heterogeneous,2014-06-18_001006,1.0237543303680638,8.952078056609047
Midpoint,SourceBridge_packet,heterogeneous,2014-06-18_001007,2.974956024251753,40.980134398047234
Midpoint,SourceBridge_packet,heterogeneous,2014-06-18_001008,2.556042874303728,36.68884645429356
Midpoint,SourceBridge_packet,heterogeneous,2014-06-18_001015,5.6829973867676244,53.85290446005923
Midpoint,SourceBridge_packet,heterogeneous,2014-06-18_001017,10.631442703882115,113.02757396592826
Midpoint,SourceBridge_packet,heterogeneous,2014-06-18_001018,5.54001874622892,50.59636839464272
Midpoint,SourceBridge_packet,heterogeneous,2014-06-18_001022,4.872319789126557,34.02052164359654
Midpoint,SourceBridge_packet,heterogeneous,2014-06-18_001029,2.2143624030367732,14.823996818944646
Midpoint,SourceBridge_packet,heterogeneous,2014-06-19_001007,11.43820784452268,141.38269469640693
Midpoint,SourceBridge_packet,heterogeneous,2014-06-19_001008,1.2552929153519585,34.10043113938626
Midpoint,SourceBridge_packet,heterogeneous,2014-06-19_001015,1.9234112542214348,129.72812426935496
Midpoint,SourceBridge_packet,heterogeneous,2014-06-19_001017,1.8677550729148606,84.64675506024
Midpoint,SourceBridge_packet,heterogeneous,2014-06-19_001018,0.33576951448708314,56.48593202148987
Midpoint,SourceBridge_packet,heterogeneous,2014-06-19_001022,8.615076327762381,95.81549993858395
Midpoint,SourceBridge_packet,heterogeneous,2014-06-19_001029,1.0297872407590134,32.22904350965789
Midpoint,SourceBridge_packet,heterogeneous,2014-06-20_001006,1.1672987435493454,25.737754109521216
Midpoint,SourceBridge_packet,heterogeneous,2014-06-20_001007,5.428733135482229,59.71118167439711
Midpoint,SourceBridge_packet,heterogeneous,2014-06-20_001008,4.180334543687383,78.31511771890355
Midpoint,SourceBridge_packet,heterogeneous,2014-06-20_001015,5.519876553615905,30.469037167158604
Midpoint,SourceBridge_packet,heterogeneous,2014-06-20_001017,5.002174285063788,32.826644263065816
Midpoint,SourceBridge_packet,heterogeneous,2014-06-20_001018,2.2373440831414797,23.12581626723569
Midpoint,SourceBridge_packet,heterogeneous,2014-06-20_001022,4.917285635023399,32.11230145142333
Midpoint,SourceBridge_packet,heterogeneous,2014-06-20_001029,1.949891390143513,3.802076433355802
Midpoint,SourceBridge_packet,heterogeneous,2014-06-21_001006,2.7352019593388803,18.859193513068426
Midpoint,SourceBridge_packet,heterogeneous,2014-06-21_001007,1.1128438889480776,57.00029351570224
Midpoint,SourceBridge_packet,heterogeneous,2014-06-21_001008,2.6481178374100978,17.91228823588325
Midpoint,SourceBridge_packet,heterogeneous,2014-06-21_001015,1.8306567067018307,8.563553796623609
Midpoint,SourceBridge_packet,heterogeneous,2014-06-21_001017,3.890428042740357,109.58207176979187
Midpoint,SourceBridge_packet,heterogeneous,2014-06-21_001022,5.018795289994287,30.87231544175375
Midpoint,SourceBridge_packet,heterogeneous,2014-06-21_001029,3.6462366253922482,42.39967477051931
Midpoint,SourceBridge_packet,heterogeneous,2014-06-22_001006,0.029327044203526498,7.429181946749284
Midpoint,SourceBridge_packet,heterogeneous,2014-06-22_001007,3.575827459108872,24.436228725229626
Midpoint,SourceBridge_packet,heterogeneous,2014-06-22_001008,0.9166153634103296,7.5209574876944725
Midpoint,SourceBridge_packet,heterogeneous,2014-06-22_001015,2.7404458283249014,17.426368066645388
Midpoint,SourceBridge_packet,heterogeneous,2014-06-22_001017,3.2314185957377717,61.94964490177814
Midpoint,SourceBridge_packet,heterogeneous,2014-06-22_001018,6.223498712432431,97.47351145361259
Midpoint,SourceBridge_packet,heterogeneous,2014-06-22_001022,0.8590108991233549,14.078119478187057
Midpoint,SourceBridge_packet,heterogeneous,2014-06-22_001029,2.913188034134855,17.604201723599843
Midpoint,SourceBridge_packet,heterogeneous,2014-06-23_001006,0.05100336237847358,3.1562356538103367
Midpoint,SourceBridge_packet,heterogeneous,2014-06-23_001007,2.5455699255132345,11.096294672969451
Midpoint,SourceBridge_packet,heterogeneous,2014-06-23_001008,3.871165392775378,16.10663608310917
Midpoint,SourceBridge_packet,heterogeneous,2014-06-23_001015,1.122450994280351,3.147145233827398
Midpoint,SourceBridge_packet,heterogeneous,2014-06-23_001017,1.415472746124193,11.08337706914425
Midpoint,SourceBridge_packet,heterogeneous,2014-06-23_001018,1.003232169359805,9.536521004173974
Midpoint,SourceBridge_packet,heterogeneous,2014-06-23_001022,2.6521495069154994,23.39872949499296
Midpoint,SourceBridge_packet,heterogeneous,2014-06-23_001029,2.5508351790792645,23.367224521805454
Midpoint,SourceBridge_packet,heterogeneous,2014-06-24_001006,0.35327329643895666,4.1791468383633354
Midpoint,SourceBridge_packet,heterogeneous,2014-06-24_001007,8.239544060199535,70.63131546777997
Midpoint,SourceBridge_packet,heterogeneous,2014-06-24_001008,0.5521682192071893,16.25401444717397
Midpoint,SourceBridge_packet,heterogeneous,2014-06-24_001015,7.886570199435923,80.06275823261129
Midpoint,SourceBridge_packet,heterogeneous,2014-06-24_001017,2.4339163957775156,27.847611951676843
Midpoint,SourceBridge_packet,heterogeneous,2014-06-24_001018,12.615607438989244,214.04710247951525
Midpoint,SourceBridge_packet,heterogeneous,2014-06-24_001022,1.2636927762989956,9.634953057611066
Midpoint,SourceBridge_packet,heterogeneous,2014-06-24_001029,3.6099863155295786,25.446548604054986
Midpoint,SourceBridge_packet,heterogeneous,2014-06-25_001006,0.5644169389377112,14.010590898306921
Midpoint,SourceBridge_packet,heterogeneous,2014-06-25_001007,4.696505865883012,22.356676339379177
Midpoint,SourceBridge_packet,heterogeneous,2014-06-25_001008,3.213282610421402,14.820339190654762
Midpoint,SourceBridge_packet,heterogeneous,2014-06-25_001015,0.6021223496685622,4.940455731827613
Midpoint,SourceBridge_packet,heterogeneous,2014-06-25_001017,4.995665230963141,36.07510489712832
Midpoint,SourceBridge_packet,heterogeneous,2014-06-25_001022,5.599484538390726,47.386065104830614
Midpoint,SourceBridge_packet,heterogeneous,2014-06-25_001029,1.1625746972866864,8.56434854370078
"CRH, native",CRH_TKDE2016__native,exact,2014-05-29_001006,3.71537480151769,42.9359349005761
"CRH, native",CRH_TKDE2016__native,exact,2014-05-29_001007,14.5554945851936,215.92987696399925
"CRH, native",CRH_TKDE2016__native,exact,2014-05-29_001008,4.5144874834959765,89.21377670373326
"CRH, native",CRH_TKDE2016__native,exact,2014-05-29_001015,4.94749283755236,70.30739190294676
"CRH, native",CRH_TKDE2016__native,exact,2014-05-29_001017,20.68340161354702,450.42138502561716
"CRH, native",CRH_TKDE2016__native,exact,2014-05-29_001018,3.352673790913954,277.1334699117232
"CRH, native",CRH_TKDE2016__native,exact,2014-05-29_001022,2.0831575616288305,87.8819201138415
"CRH, native",CRH_TKDE2016__native,exact,2014-05-29_001029,7.685402013479788,72.11001922574492
"CRH, native",CRH_TKDE2016__native,exact,2014-05-30_001006,14.32207983292004,302.66973056240397
"CRH, native",CRH_TKDE2016__native,exact,2014-05-30_001007,2.610722921661889,172.98397845047185
"CRH, native",CRH_TKDE2016__native,exact,2014-05-30_001008,18.99595506942029,544.986104946877
"CRH, native",CRH_TKDE2016__native,exact,2014-05-30_001015,4.010005453676158,29.552631300105617
"CRH, native",CRH_TKDE2016__native,exact,2014-05-30_001017,2.10778186564022,79.18839148446506
"CRH, native",CRH_TKDE2016__native,exact,2014-05-30_001018,1.5637274743879033,185.4042527422695
"CRH, native",CRH_TKDE2016__native,exact,2014-05-30_001022,5.88115738283409,669.8343074750275
"CRH, native",CRH_TKDE2016__native,exact,2014-05-30_001029,7.1612473097436435,105.59455935333747
"CRH, native",CRH_TKDE2016__native,exact,2014-05-31_001006,4.638355330312564,77.85595606091233
"CRH, native",CRH_TKDE2016__native,exact,2014-05-31_001007,12.64618347202915,484.97806076946927
"CRH, native",CRH_TKDE2016__native,exact,2014-05-31_001008,14.765499081076655,513.7740550814002
"CRH, native",CRH_TKDE2016__native,exact,2014-05-31_001015,9.59457424254741,92.0558548957542
"CRH, native",CRH_TKDE2016__native,exact,2014-05-31_001017,16.020825300944225,256.6668433233746
"CRH, native",CRH_TKDE2016__native,exact,2014-05-31_001018,7.992136813619652,254.4679496574992
"CRH, native",CRH_TKDE2016__native,exact,2014-05-31_001022,2.350969454627432,15.674827869755237
"CRH, native",CRH_TKDE2016__native,exact,2014-05-31_001029,7.465161879497842,55.72864188710775
"CRH, native",CRH_TKDE2016__native,exact,2014-06-01_001006,5.713111385883288,33.872435082964216
"CRH, native",CRH_TKDE2016__native,exact,2014-06-01_001007,9.558647548215099,102.58632577029245
"CRH, native",CRH_TKDE2016__native,exact,2014-06-01_001008,2.060547955300976,321.823939664056
"CRH, native",CRH_TKDE2016__native,exact,2014-06-01_001015,2.4352037302558216,245.20163483651893
"CRH, native",CRH_TKDE2016__native,exact,2014-06-01_001017,1.7057033500094008,49.728304603762545
"CRH, native",CRH_TKDE2016__native,exact,2014-06-01_001018,1.8914105512018828,25.112180466205068
"CRH, native",CRH_TKDE2016__native,exact,2014-06-01_001022,1.3335636410438738,75.70261278969805
"CRH, native",CRH_TKDE2016__native,exact,2014-06-01_001029,19.646597004540553,445.4598181666689
"CRH, native",CRH_TKDE2016__native,exact,2014-06-02_001006,9.413046205536695,281.1400669370337
"CRH, native",CRH_TKDE2016__native,exact,2014-06-02_001007,7.996308538674079,63.94095024567198
"CRH, native",CRH_TKDE2016__native,exact,2014-06-02_001008,1.5672610267127993,47.53235947058381
"CRH, native",CRH_TKDE2016__native,exact,2014-06-02_001015,10.15270333684606,121.27905619816373
"CRH, native",CRH_TKDE2016__native,exact,2014-06-02_001017,7.99601955895244,193.38093256904335
"CRH, native",CRH_TKDE2016__native,exact,2014-06-02_001018,7.077792709770279,68.13665968349109
"CRH, native",CRH_TKDE2016__native,exact,2014-06-02_001022,10.190890568330346,109.02213950548946
"CRH, native",CRH_TKDE2016__native,exact,2014-06-02_001029,2.613685549646892,191.7824586711034
"CRH, native",CRH_TKDE2016__native,exact,2014-06-03_001006,11.4772772669752,176.779360259682
"CRH, native",CRH_TKDE2016__native,exact,2014-06-03_001007,14.875836447759134,232.94445359249514
"CRH, native",CRH_TKDE2016__native,exact,2014-06-03_001008,1.8473309559766236,91.12440203796214
"CRH, native",CRH_TKDE2016__native,exact,2014-06-03_001015,6.812853988679549,46.41497947106684
"CRH, native",CRH_TKDE2016__native,exact,2014-06-03_001017,3.530392590750189,12.463671844823832
"CRH, native",CRH_TKDE2016__native,exact,2014-06-03_001018,1.7428166373611091,55.37460880335871
"CRH, native",CRH_TKDE2016__native,exact,2014-06-03_001022,4.595984679418223,38.076177659480784
"CRH, native",CRH_TKDE2016__native,exact,2014-06-03_001029,2.210662184123116,8.437373662663463
"CRH, native",CRH_TKDE2016__native,exact,2014-06-04_001022,1.7695349495224022,64.60403006957056
"CRH, native",CRH_TKDE2016__native,exact,2014-06-05_001006,3.0,9.0
"CRH, native",CRH_TKDE2016__native,exact,2014-06-05_001007,3.829132719119343,15.656511645288873
"CRH, native",CRH_TKDE2016__native,exact,2014-06-05_001008,8.490741800191557,219.956773671768
"CRH, native",CRH_TKDE2016__native,exact,2014-06-05_001015,0.5000439049639738,0.25004390689161965
"CRH, native",CRH_TKDE2016__native,exact,2014-06-05_001017,2.814897476701532,43.531248356150755
"CRH, native",CRH_TKDE2016__native,exact,2014-06-05_001018,4.890904645402614,23.920948250420867
"CRH, native",CRH_TKDE2016__native,exact,2014-06-05_001022,5.347572399458045,112.77063647847449
"CRH, native",CRH_TKDE2016__native,exact,2014-06-05_001029,9.853050065664888,97.08259559649886
"CRH, native",CRH_TKDE2016__native,exact,2014-06-06_001006,5.639784324807508,31.807167230344476
"CRH, native",CRH_TKDE2016__native,exact,2014-06-06_001007,2.4486718685396482,118.47443950112375
"CRH, native",CRH_TKDE2016__native,exact,2014-06-06_001008,8.036166243370133,318.40163538768724
"CRH, native",CRH_TKDE2016__native,exact,2014-06-06_001015,0.913933311976109,338.04713050183125
"CRH, native",CRH_TKDE2016__native,exact,2014-06-06_001017,0.9857299080408666,1.43968985640135
"CRH, native",CRH_TKDE2016__native,exact,2014-06-06_001018,10.389148238535341,2074.6442982226163
"CRH, native",CRH_TKDE2016__native,exact,2014-06-06_001022,1.6846913533165804,13.4033537602833
"CRH, native",CRH_TKDE2016__native,exact,2014-06-06_001029,1.4210936965848013,95.34030930059161
"CRH, native",CRH_TKDE2016__native,exact,2014-06-07_001006,5.963120766408716,36.0
"CRH, native",CRH_TKDE2016__native,exact,2014-06-07_001007,6.0,36.0
"CRH, native",CRH_TKDE2016__native,exact,2014-06-07_001008,10.341059842987796,200.18947884927252
"CRH, native",CRH_TKDE2016__native,exact,2014-06-07_001015,11.106837407377043,246.02609523965398
"CRH, native",CRH_TKDE2016__native,exact,2014-06-07_001017,5.922942716236852,35.08125041982318
"CRH, native",CRH_TKDE2016__native,exact,2014-06-07_001018,8.034621975430415,82.28597406056424
"CRH, native",CRH_TKDE2016__native,exact,2014-06-07_001022,2.085797266418543,9.0
"CRH, native",CRH_TKDE2016__native,exact,2014-06-07_001029,6.920370149718294,49.0
"CRH, native",CRH_TKDE2016__native,exact,2014-06-08_001006,14.073724387569229,198.06971813726085
"CRH, native",CRH_TKDE2016__native,exact,2014-06-08_001007,0.37422139610477245,124.3580701463861
"CRH, native",CRH_TKDE2016__native,exact,2014-06-08_001008,9.067395115346095,102.9723611453415
"CRH, native",CRH_TKDE2016__native,exact,2014-06-08_001015,5.083673085163518,40.809324512749875
"CRH, native",CRH_TKDE2016__native,exact,2014-06-08_001017,16.837892077892363,311.58659325249266
"CRH, native",CRH_TKDE2016__native,exact,2014-06-08_001018,1.7328900253713186,49.313557601918276
"CRH, native",CRH_TKDE2016__native,exact,2014-06-08_001022,8.707297938380975,75.81703738773358
"CRH, native",CRH_TKDE2016__native,exact,2014-06-08_001029,8.71647464367225,105.7332369495044
"CRH, native",CRH_TKDE2016__native,exact,2014-06-09_001006,9.637376357477478,580.7022363724617
"CRH, native",CRH_TKDE2016__native,exact,2014-06-09_001007,10.463753825673763,109.4901441243023
"CRH, native",CRH_TKDE2016__native,exact,2014-06-09_001015,6.27894284200562,265.37596191711503
"CRH, native",CRH_TKDE2016__native,exact,2014-06-09_001017,6.726267829183769,98.15569475393143
"CRH, native",CRH_TKDE2016__native,exact,2014-06-09_001018,3.3249616603891354,142.1533642852988
"CRH, native",CRH_TKDE2016__native,exact,2014-06-09_001022,0.8907225749721981,60.059567154784865
"CRH, native",CRH_TKDE2016__native,exact,2014-06-09_001029,10.580529579482704,159.1581228607621
"CRH, native",CRH_TKDE2016__native,exact,2014-06-10_001006,2.757764157840228,7.605263150268222
"CRH, native",CRH_TKDE2016__native,exact,2014-06-10_001007,10.520445199138663,283.96209332772435
"CRH, native",CRH_TKDE2016__native,exact,2014-06-10_001008,8.270884089714073,249.52714179323806
"CRH, native",CRH_TKDE2016__native,exact,2014-06-10_001015,12.533389163363623,157.08584392032068
"CRH, native",CRH_TKDE2016__native,exact,2014-06-10_001017,3.507573694510725,156.45768232172864
"CRH, native",CRH_TKDE2016__native,exact,2014-06-10_001018,2.5599541610282017,26.147086206590114
"CRH, native",CRH_TKDE2016__native,exact,2014-06-10_001022,5.664130534806247,147.05772860669575
"CRH, native",CRH_TKDE2016__native,exact,2014-06-10_001029,3.675882059964117,38.24776519560873
"CRH, native",CRH_TKDE2016__native,exact,2014-06-11_001006,11.034061588842135,121.75051514636142
"CRH, native",CRH_TKDE2016__native,exact,2014-06-11_001007,11.198290460097027,135.66865827096584
"CRH, native",CRH_TKDE2016__native,exact,2014-06-11_001008,17.0,289.0
"CRH, native",CRH_TKDE2016__native,exact,2014-06-11_001015,12.941553840472924,167.48381580585948
"CRH, native",CRH_TKDE2016__native,exact,2014-06-11_001017,4.050093825183627,16.40325999279054
"CRH, native",CRH_TKDE2016__native,exact,2014-06-11_001018,1.391844256256217,49.958120537350894
"CRH, native",CRH_TKDE2016__native,exact,2014-06-11_001022,7.625691154851603,58.15116558918198
"CRH, native",CRH_TKDE2016__native,exact,2014-06-11_001029,4.3370877041169855,39.419822374334046
"CRH, native",CRH_TKDE2016__native,exact,2014-06-12_001006,2.1557470881346106,15.457976077607677
"CRH, native",CRH_TKDE2016__native,exact,2014-06-12_001007,1.054698744713182,63.89961315309139
"CRH, native",CRH_TKDE2016__native,exact,2014-06-12_001008,1.3221448842685461,10.037961229049364
"CRH, native",CRH_TKDE2016__native,exact,2014-06-12_001015,13.875357563245501,192.52554750791413
"CRH, native",CRH_TKDE2016__native,exact,2014-06-12_001017,5.663189867331631,39.038723588591814
"CRH, native",CRH_TKDE2016__native,exact,2014-06-12_001018,6.038025725218567,77.59564205663486
"CRH, native",CRH_TKDE2016__native,exact,2014-06-12_001022,2.3881064712584568,165.93987096634822
"CRH, native",CRH_TKDE2016__native,exact,2014-06-12_001029,9.90664047799762,124.75803512867813
"CRH, native",CRH_TKDE2016__native,exact,2014-06-13_001006,1.3960324991848267,49.95277305116316
"CRH, native",CRH_TKDE2016__native,exact,2014-06-13_001007,4.783722502629061,23.691766486321026
"CRH, native",CRH_TKDE2016__native,exact,2014-06-13_001008,5.413438134997918,59.656549687355735
"CRH, native",CRH_TKDE2016__native,exact,2014-06-13_001015,6.4827300028136605,73.31879269453741
"CRH, native",CRH_TKDE2016__native,exact,2014-06-13_001017,6.3665455889373135,178.43288471392174
"CRH, native",CRH_TKDE2016__native,exact,2014-06-13_001018,5.808709099963487,35.14494580272598
"CRH, native",CRH_TKDE2016__native,exact,2014-06-13_001022,7.0396496312483166,71.53439399187295
"CRH, native",CRH_TKDE2016__native,exact,2014-06-13_001029,5.972868667104137,175.30030182972754
"CRH, native",CRH_TKDE2016__native,exact,2014-06-14_001006,4.505092635835197,65.27435519405323
"CRH, native",CRH_TKDE2016__native,exact,2014-06-14_001007,10.340538464331054,142.33694992736403
"CRH, native",CRH_TKDE2016__native,exact,2014-06-14_001008,5.480867154150985,30.03990476145112
"CRH, native",CRH_TKDE2016__native,exact,2014-06-14_001015,4.337326691872896,18.81240283203308
"CRH, native",CRH_TKDE2016__native,exact,2014-06-14_001017,2.2207109507115987,324.9235735726819
"CRH, native",CRH_TKDE2016__native,exact,2014-06-14_001018,7.317780116279096,53.549905830209696
"CRH, native",CRH_TKDE2016__native,exact,2014-06-14_001022,0.7646940529134341,10.139559205759985
"CRH, native",CRH_TKDE2016__native,exact,2014-06-14_001029,2.416705991092371,41.86764410249425
"CRH, native",CRH_TKDE2016__native,exact,2014-06-15_001006,0.41598987186486625,1.5287327850335617
"CRH, native",CRH_TKDE2016__native,exact,2014-06-15_001007,1.7327706653045993,472.3133207907241
"CRH, native",CRH_TKDE2016__native,exact,2014-06-15_001008,8.889199408389885,212.40209761709565
"CRH, native",CRH_TKDE2016__native,exact,2014-06-15_001015,16.16953273476112,261.4537888605114
"CRH, native",CRH_TKDE2016__native,exact,2014-06-15_001017,6.884763155652678,791.3980342113109
"CRH, native",CRH_TKDE2016__native,exact,2014-06-15_001018,10.111862370028462,393.85395518257934
"CRH, native",CRH_TKDE2016__native,exact,2014-06-15_001022,3.2319288702282165,333.73907030487214
"CRH, native",CRH_TKDE2016__native,exact,2014-06-15_001029,1.702894986338606,294.32383733550404
"CRH, native",CRH_TKDE2016__native,exact,2014-06-16_001006,25.13060657764771,807.55017947394
"CRH, native",CRH_TKDE2016__native,exact,2014-06-16_001007,4.52405957609426,20.46711504805017
"CRH, native",CRH_TKDE2016__native,exact,2014-06-16_001008,6.622251761333899,43.85421839048993
"CRH, native",CRH_TKDE2016__native,exact,2014-06-16_001015,10.718118949054343,2406.050779052522
"CRH, native",CRH_TKDE2016__native,exact,2014-06-16_001017,17.393915128092203,588.5204617310523
"CRH, native",CRH_TKDE2016__native,exact,2014-06-16_001018,0.25033171339265436,46.00992848792524
"CRH, native",CRH_TKDE2016__native,exact,2014-06-16_001022,11.186779462213877,125.1440347362102
"CRH, native",CRH_TKDE2016__native,exact,2014-06-16_001029,2.1297691986877254,239.1251802711879
"CRH, native",CRH_TKDE2016__native,exact,2014-06-17_001006,0.5771110485991073,59.04742897514607
"CRH, native",CRH_TKDE2016__native,exact,2014-06-17_001007,12.352110524978912,560.2000313439647
"CRH, native",CRH_TKDE2016__native,exact,2014-06-17_001008,4.918199652445452,40.08854959384193
"CRH, native",CRH_TKDE2016__native,exact,2014-06-17_001015,3.4750189389102246,257.6208463477216
"CRH, native",CRH_TKDE2016__native,exact,2014-06-17_001017,16.811059621616643,282.6117256015495
"CRH, native",CRH_TKDE2016__native,exact,2014-06-17_001018,12.438979736705718,205.3622377244642
"CRH, native",CRH_TKDE2016__native,exact,2014-06-17_001022,9.005252227575951,181.70263376289063
"CRH, native",CRH_TKDE2016__native,exact,2014-06-17_001029,12.389981213792751,172.37652074229706
"CRH, native",CRH_TKDE2016__native,exact,2014-06-18_001006,2.8427956727933292,57.464320753867
"CRH, native",CRH_TKDE2016__native,exact,2014-06-18_001007,4.035255579093544,55.59622648494885
"CRH, native",CRH_TKDE2016__native,exact,2014-06-18_001008,3.203516830666487,10.262520084363455
"CRH, native",CRH_TKDE2016__native,exact,2014-06-18_001015,3.976952895750607,26.35567226861947
"CRH, native",CRH_TKDE2016__native,exact,2014-06-18_001017,12.495600464894778,156.1400309782786
"CRH, native",CRH_TKDE2016__native,exact,2014-06-18_001018,11.300595502406347,253.6596027039194
"CRH, native",CRH_TKDE2016__native,exact,2014-06-18_001022,10.244081882176246,135.98723137394506
"CRH, native",CRH_TKDE2016__native,exact,2014-06-18_001029,0.5250758303324616,6.023984124118403
"CRH, native",CRH_TKDE2016__native,exact,2014-06-19_001007,12.398260387123287,153.71686062691046
"CRH, native",CRH_TKDE2016__native,exact,2014-06-19_001008,28.134768928130626,2275.68990750325
"CRH, native",CRH_TKDE2016__native,exact,2014-06-19_001015,18.88466866641855,1512.0174572971525
"CRH, native",CRH_TKDE2016__native,exact,2014-06-19_001017,2.4019632319190407,35.505332180208825
"CRH, native",CRH_TKDE2016__native,exact,2014-06-19_001018,29.43834484174667,962.7573426659809
"CRH, native",CRH_TKDE2016__native,exact,2014-06-19_001022,5.0459678159066925,25.461791199166157
"CRH, native",CRH_TKDE2016__native,exact,2014-06-19_001029,4.245138769033204,126.40430549811113
"CRH, native",CRH_TKDE2016__native,exact,2014-06-20_001006,7.738667225779778,240.55795864345896
"CRH, native",CRH_TKDE2016__native,exact,2014-06-20_001007,1.9772491128086926,8.736090231813641
"CRH, native",CRH_TKDE2016__native,exact,2014-06-20_001008,4.659702593377581,21.712828258729754
"CRH, native",CRH_TKDE2016__native,exact,2014-06-20_001015,1.4812368843259804,57.56857987469047
"CRH, native",CRH_TKDE2016__native,exact,2014-06-20_001017,2.4357664557255916,5.93295822683801
"CRH, native",CRH_TKDE2016__native,exact,2014-06-20_001018,6.164711477526524,38.00366760114726
"CRH, native",CRH_TKDE2016__native,exact,2014-06-20_001022,5.215830660387205,27.204889477835227
"CRH, native",CRH_TKDE2016__native,exact,2014-06-20_001029,6.145757210942704,59.60407823481457
"CRH, native",CRH_TKDE2016__native,exact,2014-06-21_001006,2.385806858315334,28.75839595740027
"CRH, native",CRH_TKDE2016__native,exact,2014-06-21_001007,3.2884917501175295,326.43837632840746
"CRH, native",CRH_TKDE2016__native,exact,2014-06-21_001008,16.480303952998113,399.5215257561482
"CRH, native",CRH_TKDE2016__native,exact,2014-06-21_001015,6.176323757607605,56.12404903019844
"CRH, native",CRH_TKDE2016__native,exact,2014-06-21_001017,7.098351993482819,54.564347368560654
"CRH, native",CRH_TKDE2016__native,exact,2014-06-21_001022,4.645811046503454,22.178221682924313
"CRH, native",CRH_TKDE2016__native,exact,2014-06-21_001029,9.4130181950662,88.60491154064735
"CRH, native",CRH_TKDE2016__native,exact,2014-06-22_001006,6.253426420850381,39.10534200098961
"CRH, native",CRH_TKDE2016__native,exact,2014-06-22_001007,1.4506306961697106,53.13620888202441
"CRH, native",CRH_TKDE2016__native,exact,2014-06-22_001008,0.6975612613299234,39.7466699981474
"CRH, native",CRH_TKDE2016__native,exact,2014-06-22_001015,6.162523723311132,121.83469656609914
"CRH, native",CRH_TKDE2016__native,exact,2014-06-22_001017,8.150167606955918,103.2752859522429
"CRH, native",CRH_TKDE2016__native,exact,2014-06-22_001018,6.8693663308901876,47.18819378796772
"CRH, native",CRH_TKDE2016__native,exact,2014-06-22_001022,8.534512403417175,72.8379019640816
"CRH, native",CRH_TKDE2016__native,exact,2014-06-22_001029,8.856153554530806,185.62317515996094
"CRH, native",CRH_TKDE2016__native,exact,2014-06-23_001006,2.5095128085085534,45.086598681893605
"CRH, native",CRH_TKDE2016__native,exact,2014-06-23_001007,7.146354254517149,51.07037913105536
"CRH, native",CRH_TKDE2016__native,exact,2014-06-23_001008,1.5977599493943622,116.46699937361021
"CRH, native",CRH_TKDE2016__native,exact,2014-06-23_001015,3.1614254740454966,142.92616006951803
"CRH, native",CRH_TKDE2016__native,exact,2014-06-23_001017,10.325053836819496,160.54760281610046
"CRH, native",CRH_TKDE2016__native,exact,2014-06-23_001018,5.448820013956606,211.73683898622983
"CRH, native",CRH_TKDE2016__native,exact,2014-06-23_001022,5.783372113926822,33.44739300814639
"CRH, native",CRH_TKDE2016__native,exact,2014-06-23_001029,5.688054699849193,32.35396626847649
"CRH, native",CRH_TKDE2016__native,exact,2014-06-24_001006,5.046111441417445,74.00841649992059
"CRH, native",CRH_TKDE2016__native,exact,2014-06-24_001007,1.887922129032571,10.16384757278786
"CRH, native",CRH_TKDE2016__native,exact,2014-06-24_001008,5.210905762426876,44.864473299228806
"CRH, native",CRH_TKDE2016__native,exact,2014-06-24_001015,1.8821063798924982,150.73286941325458
"CRH, native",CRH_TKDE2016__native,exact,2014-06-24_001017,1.5670826262375073,2.455747957455443
"CRH, native",CRH_TKDE2016__native,exact,2014-06-24_001018,7.924034087610039,379.4409096635618
"CRH, native",CRH_TKDE2016__native,exact,2014-06-24_001022,9.124716175353292,212.5944573583746
"CRH, native",CRH_TKDE2016__native,exact,2014-06-24_001029,0.9228422519892447,48.874227728623715
"CRH, native",CRH_TKDE2016__native,exact,2014-06-25_001006,2.1543093728868428,7.661572907638629
"CRH, native",CRH_TKDE2016__native,exact,2014-06-25_001007,17.510357081048227,306.61260510581576
"CRH, native",CRH_TKDE2016__native,exact,2014-06-25_001008,13.124554151791642,172.25392168331123
"CRH, native",CRH_TKDE2016__native,exact,2014-06-25_001015,29.646789643713603,981.4153256123255
"CRH, native",CRH_TKDE2016__native,exact,2014-06-25_001017,0.9463134784829208,34.55679841724545
"CRH, native",CRH_TKDE2016__native,exact,2014-06-25_001022,5.734361335084614,110.68096383749618
"CRH, native",CRH_TKDE2016__native,exact,2014-06-25_001029,12.61380780852295,159.10814743035453
"CRH, native",CRH_TKDE2016__native,heterogeneous,2014-05-29_001006,3.71537480151769,42.9359349005761
"CRH, native",CRH_TKDE2016__native,heterogeneous,2014-05-29_001007,14.694552628916583,215.92987696399925
"CRH, native",CRH_TKDE2016__native,heterogeneous,2014-05-29_001008,4.5144874834959765,20.380597238641833
"CRH, native",CRH_TKDE2016__native,heterogeneous,2014-05-29_001015,4.94749283755236,70.30739190294676
"CRH, native",CRH_TKDE2016__native,heterogeneous,2014-05-29_001017,18.26028457107992,450.42138502561716
"CRH, native",CRH_TKDE2016__native,heterogeneous,2014-05-29_001018,3.352673790913954,277.1334699117232
"CRH, native",CRH_TKDE2016__native,heterogeneous,2014-05-29_001022,2.0831575616288305,87.8819201138415
"CRH, native",CRH_TKDE2016__native,heterogeneous,2014-05-29_001029,0.762584892962586,38.19958951792565
"CRH, native",CRH_TKDE2016__native,heterogeneous,2014-05-30_001006,14.32207983292004,302.66973056240397
"CRH, native",CRH_TKDE2016__native,heterogeneous,2014-05-30_001007,2.610722921661889,172.98397845047185
"CRH, native",CRH_TKDE2016__native,heterogeneous,2014-05-30_001008,21.43843864320513,564.668202127489
"CRH, native",CRH_TKDE2016__native,heterogeneous,2014-05-30_001015,4.010005453676158,16.080143738512525
"CRH, native",CRH_TKDE2016__native,heterogeneous,2014-05-30_001017,2.10778186564022,59.53657035246167
"CRH, native",CRH_TKDE2016__native,heterogeneous,2014-05-30_001018,1.5637274743879033,185.4042527422695
"CRH, native",CRH_TKDE2016__native,heterogeneous,2014-05-30_001022,5.88115738283409,669.8343074750275
"CRH, native",CRH_TKDE2016__native,heterogeneous,2014-05-30_001029,7.1612473097436435,105.59455935333747
"CRH, native",CRH_TKDE2016__native,heterogeneous,2014-05-31_001006,4.638355330312564,53.32088983035596
"CRH, native",CRH_TKDE2016__native,heterogeneous,2014-05-31_001007,12.64618347202915,484.97806076946927
"CRH, native",CRH_TKDE2016__native,heterogeneous,2014-05-31_001008,14.765499081076655,513.7740550814002
"CRH, native",CRH_TKDE2016__native,heterogeneous,2014-05-31_001015,8.720086497388436,92.0558548957542
"CRH, native",CRH_TKDE2016__native,heterogeneous,2014-05-31_001017,16.020825300944225,256.6668433233746
"CRH, native",CRH_TKDE2016__native,heterogeneous,2014-05-31_001018,7.992136813619652,254.4679496574992
"CRH, native",CRH_TKDE2016__native,heterogeneous,2014-05-31_001022,2.350969454627432,15.674827869755237
"CRH, native",CRH_TKDE2016__native,heterogeneous,2014-05-31_001029,7.465161879497842,74.2854600963104
"CRH, native",CRH_TKDE2016__native,heterogeneous,2014-06-01_001006,5.713111385883288,33.872435082964216
"CRH, native",CRH_TKDE2016__native,heterogeneous,2014-06-01_001007,9.133451374660083,83.41993401328017
"CRH, native",CRH_TKDE2016__native,heterogeneous,2014-06-01_001008,2.060547955300976,169.02976495566173
"CRH, native",CRH_TKDE2016__native,heterogeneous,2014-06-01_001015,2.4352037302558216,63.124371040481286
"CRH, native",CRH_TKDE2016__native,heterogeneous,2014-06-01_001017,1.7057033500094008,49.728304603762545
"CRH, native",CRH_TKDE2016__native,heterogeneous,2014-06-01_001018,3.6195295376996235,25.112180466205068
"CRH, native",CRH_TKDE2016__native,heterogeneous,2014-06-01_001022,1.3335636410438738,75.70261278969805
"CRH, native",CRH_TKDE2016__native,heterogeneous,2014-06-01_001029,11.84941829780115,445.4598181666689
"CRH, native",CRH_TKDE2016__native,heterogeneous,2014-06-02_001006,9.413046205536695,162.1510025699083
"CRH, native",CRH_TKDE2016__native,heterogeneous,2014-06-02_001007,7.996308538674079,63.94095024567198
"CRH, native",CRH_TKDE2016__native,heterogeneous,2014-06-02_001008,1.5672610267127993,47.53235947058381
"CRH, native",CRH_TKDE2016__native,heterogeneous,2014-06-02_001015,10.15270333684606,121.27905619816373
"CRH, native",CRH_TKDE2016__native,heterogeneous,2014-06-02_001017,7.99601955895244,193.38093256904335
"CRH, native",CRH_TKDE2016__native,heterogeneous,2014-06-02_001018,6.0794682779799984,68.13665968349109
"CRH, native",CRH_TKDE2016__native,heterogeneous,2014-06-02_001022,10.441366745090868,109.02213950548946
"CRH, native",CRH_TKDE2016__native,heterogeneous,2014-06-02_001029,0.5839212862199687,10.690020918268823
"CRH, native",CRH_TKDE2016__native,heterogeneous,2014-06-03_001006,13.295839960667472,176.779360259682
"CRH, native",CRH_TKDE2016__native,heterogeneous,2014-06-03_001007,14.875836447759134,232.94445359249514
"CRH, native",CRH_TKDE2016__native,heterogeneous,2014-06-03_001008,1.8473309559766236,91.12440203796214
"CRH, native",CRH_TKDE2016__native,heterogeneous,2014-06-03_001015,6.812853988679549,46.41497947106684
"CRH, native",CRH_TKDE2016__native,heterogeneous,2014-06-03_001017,3.530392590750189,12.463671844823832
"CRH, native",CRH_TKDE2016__native,heterogeneous,2014-06-03_001018,5.330662393414897,215.18946581597194
"CRH, native",CRH_TKDE2016__native,heterogeneous,2014-06-03_001022,4.595984679418223,21.123075173447024
"CRH, native",CRH_TKDE2016__native,heterogeneous,2014-06-03_001029,2.210662184123116,8.437373662663463
"CRH, native",CRH_TKDE2016__native,heterogeneous,2014-06-04_001022,1.7695349495224022,64.60403006957056
"CRH, native",CRH_TKDE2016__native,heterogeneous,2014-06-05_001006,3.0,9.0
"CRH, native",CRH_TKDE2016__native,heterogeneous,2014-06-05_001007,3.829132719119343,15.656511645288873
"CRH, native",CRH_TKDE2016__native,heterogeneous,2014-06-05_001008,8.490741800191557,219.956773671768
"CRH, native",CRH_TKDE2016__native,heterogeneous,2014-06-05_001015,0.5000439049639738,0.25004390689161965
"CRH, native",CRH_TKDE2016__native,heterogeneous,2014-06-05_001017,2.814897476701532,43.531248356150755
"CRH, native",CRH_TKDE2016__native,heterogeneous,2014-06-05_001018,4.890904645402614,23.920948250420867
"CRH, native",CRH_TKDE2016__native,heterogeneous,2014-06-05_001022,5.347572399458045,112.77063647847449
"CRH, native",CRH_TKDE2016__native,heterogeneous,2014-06-05_001029,9.853050065664888,97.08259559649886
"CRH, native",CRH_TKDE2016__native,heterogeneous,2014-06-06_001006,5.639784324807508,31.807167230344476
"CRH, native",CRH_TKDE2016__native,heterogeneous,2014-06-06_001007,2.4486718685396482,118.47443950112375
"CRH, native",CRH_TKDE2016__native,heterogeneous,2014-06-06_001008,5.961614926357399,318.40163538768724
"CRH, native",CRH_TKDE2016__native,heterogeneous,2014-06-06_001015,0.913933311976109,338.04713050183125
"CRH, native",CRH_TKDE2016__native,heterogeneous,2014-06-06_001017,0.9857299080408666,0.9716634516062552
"CRH, native",CRH_TKDE2016__native,heterogeneous,2014-06-06_001018,10.389148238535341,2074.6442982226163
"CRH, native",CRH_TKDE2016__native,heterogeneous,2014-06-06_001022,1.6846913533165804,13.4033537602833
"CRH, native",CRH_TKDE2016__native,heterogeneous,2014-06-06_001029,1.4210936965848013,23.96951624709154
"CRH, native",CRH_TKDE2016__native,heterogeneous,2014-06-07_001006,4.054091485202856,36.0
"CRH, native",CRH_TKDE2016__native,heterogeneous,2014-06-07_001007,4.7997823152177475,36.0
"CRH, native",CRH_TKDE2016__native,heterogeneous,2014-06-07_001008,14.148833126773123,200.18947884927252
"CRH, native",CRH_TKDE2016__native,heterogeneous,2014-06-07_001015,10.68521900515431,256.0
"CRH, native",CRH_TKDE2016__native,heterogeneous,2014-06-07_001017,5.922942716236852,35.08125041982318
"CRH, native",CRH_TKDE2016__native,heterogeneous,2014-06-07_001018,8.034621975430415,92.10837593228126
"CRH, native",CRH_TKDE2016__native,heterogeneous,2014-06-07_001022,2.179850195798066,9.0
"CRH, native",CRH_TKDE2016__native,heterogeneous,2014-06-07_001029,6.920370149718294,49.0
"CRH, native",CRH_TKDE2016__native,heterogeneous,2014-06-08_001006,14.073724387569229,198.06971813726085
"CRH, native",CRH_TKDE2016__native,heterogeneous,2014-06-08_001007,0.37422139610477245,124.3580701463861
"CRH, native",CRH_TKDE2016__native,heterogeneous,2014-06-08_001008,9.067395115346095,102.9723611453415
"CRH, native",CRH_TKDE2016__native,heterogeneous,2014-06-08_001015,5.083673085163518,40.809324512749875
"CRH, native",CRH_TKDE2016__native,heterogeneous,2014-06-08_001017,16.837892077892363,311.58659325249266
"CRH, native",CRH_TKDE2016__native,heterogeneous,2014-06-08_001018,1.7328900253713186,49.313557601918276
"CRH, native",CRH_TKDE2016__native,heterogeneous,2014-06-08_001022,8.707297938380975,75.81703738773358
"CRH, native",CRH_TKDE2016__native,heterogeneous,2014-06-08_001029,8.71647464367225,105.7332369495044
"CRH, native",CRH_TKDE2016__native,heterogeneous,2014-06-09_001006,9.637376357477478,580.7022363724617
"CRH, native",CRH_TKDE2016__native,heterogeneous,2014-06-09_001007,10.463753825673763,109.4901441243023
"CRH, native",CRH_TKDE2016__native,heterogeneous,2014-06-09_001015,3.1999163208128323,265.37596191711503
"CRH, native",CRH_TKDE2016__native,heterogeneous,2014-06-09_001017,6.726267829183769,139.8919226107054
"CRH, native",CRH_TKDE2016__native,heterogeneous,2014-06-09_001018,6.05350003583213,36.644862683819596
"CRH, native",CRH_TKDE2016__native,heterogeneous,2014-06-09_001022,3.19409040121009,124.05838614381318
"CRH, native",CRH_TKDE2016__native,heterogeneous,2014-06-09_001029,12.61578863411884,159.1581228607621
"CRH, native",CRH_TKDE2016__native,heterogeneous,2014-06-10_001006,2.757764157840228,7.605263150268222
"CRH, native",CRH_TKDE2016__native,heterogeneous,2014-06-10_001007,10.520445199138663,283.96209332772435
"CRH, native",CRH_TKDE2016__native,heterogeneous,2014-06-10_001008,8.270884089714073,249.52714179323806
"CRH, native",CRH_TKDE2016__native,heterogeneous,2014-06-10_001015,12.533389163363623,157.08584392032068
"CRH, native",CRH_TKDE2016__native,heterogeneous,2014-06-10_001017,3.507573694510725,156.45768232172864
"CRH, native",CRH_TKDE2016__native,heterogeneous,2014-06-10_001018,2.5599541610282017,26.147086206590114
"CRH, native",CRH_TKDE2016__native,heterogeneous,2014-06-10_001022,5.664130534806247,147.05772860669575
"CRH, native",CRH_TKDE2016__native,heterogeneous,2014-06-10_001029,3.675882059964117,13.512108918766039
"CRH, native",CRH_TKDE2016__native,heterogeneous,2014-06-11_001006,10.19243022624299,121.75051514636142
"CRH, native",CRH_TKDE2016__native,heterogeneous,2014-06-11_001007,11.198290460097027,125.40170922870008
"CRH, native",CRH_TKDE2016__native,heterogeneous,2014-06-11_001008,17.0,289.0
"CRH, native",CRH_TKDE2016__native,heterogeneous,2014-06-11_001015,10.543537505700428,167.48381580585948
"CRH, native",CRH_TKDE2016__native,heterogeneous,2014-06-11_001017,4.050093825183627,16.40325999279054
"CRH, native",CRH_TKDE2016__native,heterogeneous,2014-06-11_001018,1.953970130632925,49.958120537350894
"CRH, native",CRH_TKDE2016__native,heterogeneous,2014-06-11_001022,7.625691154851603,58.15116558918198
"CRH, native",CRH_TKDE2016__native,heterogeneous,2014-06-11_001029,4.3370877041169855,39.419822374334046
"CRH, native",CRH_TKDE2016__native,heterogeneous,2014-06-12_001006,2.1557470881346106,15.457976077607677
"CRH, native",CRH_TKDE2016__native,heterogeneous,2014-06-12_001007,1.054698744713182,63.89961315309139
"CRH, native",CRH_TKDE2016__native,heterogeneous,2014-06-12_001008,1.3221448842685461,10.037961229049364
"CRH, native",CRH_TKDE2016__native,heterogeneous,2014-06-12_001015,13.875357563245501,192.52554750791413
"CRH, native",CRH_TKDE2016__native,heterogeneous,2014-06-12_001017,5.663189867331631,32.07171947344766
"CRH, native",CRH_TKDE2016__native,heterogeneous,2014-06-12_001018,3.2503126022045734,58.86803831672441
"CRH, native",CRH_TKDE2016__native,heterogeneous,2014-06-12_001022,2.3881064712584568,64.40961254702906
"CRH, native",CRH_TKDE2016__native,heterogeneous,2014-06-12_001029,9.90664047799762,124.75803512867813
"CRH, native",CRH_TKDE2016__native,heterogeneous,2014-06-13_001006,1.3960324991848267,49.95277305116316
"CRH, native",CRH_TKDE2016__native,heterogeneous,2014-06-13_001007,4.783722502629061,22.884000982159648
"CRH, native",CRH_TKDE2016__native,heterogeneous,2014-06-13_001008,1.1772758941991555,59.656549687355735
"CRH, native",CRH_TKDE2016__native,heterogeneous,2014-06-13_001015,6.4827300028136605,254.50165571432152
"CRH, native",CRH_TKDE2016__native,heterogeneous,2014-06-13_001017,6.3665455889373135,178.43288471392174
"CRH, native",CRH_TKDE2016__native,heterogeneous,2014-06-13_001018,4.103879688657717,30.974084802697682
"CRH, native",CRH_TKDE2016__native,heterogeneous,2014-06-13_001022,7.0396496312483166,49.55666693073456
"CRH, native",CRH_TKDE2016__native,heterogeneous,2014-06-13_001029,5.972868667104137,175.30030182972754
"CRH, native",CRH_TKDE2016__native,heterogeneous,2014-06-14_001006,4.505092635835197,65.27435519405323
"CRH, native",CRH_TKDE2016__native,heterogeneous,2014-06-14_001007,9.251563112332967,142.33694992736403
"CRH, native",CRH_TKDE2016__native,heterogeneous,2014-06-14_001008,6.1957764757272,38.38764613717456
"CRH, native",CRH_TKDE2016__native,heterogeneous,2014-06-14_001015,4.337326691872896,18.81240283203308
"CRH, native",CRH_TKDE2016__native,heterogeneous,2014-06-14_001017,2.2207109507115987,300.3318295376056
"CRH, native",CRH_TKDE2016__native,heterogeneous,2014-06-14_001018,8.013050762147508,64.20898251675276
"CRH, native",CRH_TKDE2016__native,heterogeneous,2014-06-14_001022,0.7646940529134341,10.139559205759985
"CRH, native",CRH_TKDE2016__native,heterogeneous,2014-06-14_001029,2.416705991092371,41.86764410249425
"CRH, native",CRH_TKDE2016__native,heterogeneous,2014-06-15_001006,0.41598987186486625,1.5287327850335617
"CRH, native",CRH_TKDE2016__native,heterogeneous,2014-06-15_001007,1.7327706653045993,472.3133207907241
"CRH, native",CRH_TKDE2016__native,heterogeneous,2014-06-15_001008,8.889199408389885,212.40209761709565
"CRH, native",CRH_TKDE2016__native,heterogeneous,2014-06-15_001015,16.16953273476112,261.4537888605114
"CRH, native",CRH_TKDE2016__native,heterogeneous,2014-06-15_001017,11.30618397423251,645.5430303542086
"CRH, native",CRH_TKDE2016__native,heterogeneous,2014-06-15_001018,10.111862370028462,393.85395518257934
"CRH, native",CRH_TKDE2016__native,heterogeneous,2014-06-15_001022,3.2319288702282165,122.7703766891282
"CRH, native",CRH_TKDE2016__native,heterogeneous,2014-06-15_001029,1.702894986338606,294.32383733550404
"CRH, native",CRH_TKDE2016__native,heterogeneous,2014-06-16_001006,25.13060657764771,1081.2918434393714
"CRH, native",CRH_TKDE2016__native,heterogeneous,2014-06-16_001007,4.52405957609426,20.46711504805017
"CRH, native",CRH_TKDE2016__native,heterogeneous,2014-06-16_001008,6.622251761333899,43.85421839048993
"CRH, native",CRH_TKDE2016__native,heterogeneous,2014-06-16_001015,10.718118949054343,2406.050779052522
"CRH, native",CRH_TKDE2016__native,heterogeneous,2014-06-16_001017,17.393915128092203,588.5204617310523
"CRH, native",CRH_TKDE2016__native,heterogeneous,2014-06-16_001018,4.86960003291955,1067.3542379274077
"CRH, native",CRH_TKDE2016__native,heterogeneous,2014-06-16_001022,11.186779462213877,125.1440347362102
"CRH, native",CRH_TKDE2016__native,heterogeneous,2014-06-16_001029,6.517624670733227,208.29717510582293
"CRH, native",CRH_TKDE2016__native,heterogeneous,2014-06-17_001006,0.5771110485991073,59.04742897514607
"CRH, native",CRH_TKDE2016__native,heterogeneous,2014-06-17_001007,12.352110524978912,560.2000313439647
"CRH, native",CRH_TKDE2016__native,heterogeneous,2014-06-17_001008,6.331551910380419,40.08854959384193
"CRH, native",CRH_TKDE2016__native,heterogeneous,2014-06-17_001015,3.4750189389102246,257.6208463477216
"CRH, native",CRH_TKDE2016__native,heterogeneous,2014-06-17_001017,16.811059621616643,426.15626445449607
"CRH, native",CRH_TKDE2016__native,heterogeneous,2014-06-17_001018,12.438979736705718,205.3622377244642
"CRH, native",CRH_TKDE2016__native,heterogeneous,2014-06-17_001022,7.304017594322062,181.70263376289063
"CRH, native",CRH_TKDE2016__native,heterogeneous,2014-06-17_001029,12.389981213792751,172.37652074229706
"CRH, native",CRH_TKDE2016__native,heterogeneous,2014-06-18_001006,2.8427956727933292,57.464320753867
"CRH, native",CRH_TKDE2016__native,heterogeneous,2014-06-18_001007,4.035255579093544,55.59622648494885
"CRH, native",CRH_TKDE2016__native,heterogeneous,2014-06-18_001008,3.203516830666487,10.262520084363455
"CRH, native",CRH_TKDE2016__native,heterogeneous,2014-06-18_001015,5.133777582698677,71.9107785831835
"CRH, native",CRH_TKDE2016__native,heterogeneous,2014-06-18_001017,12.495600464894778,156.1400309782786
"CRH, native",CRH_TKDE2016__native,heterogeneous,2014-06-18_001018,11.300595502406347,253.6596027039194
"CRH, native",CRH_TKDE2016__native,heterogeneous,2014-06-18_001022,10.244081882176246,108.41872371260395
"CRH, native",CRH_TKDE2016__native,heterogeneous,2014-06-18_001029,0.5250758303324616,113.3462967637613
"CRH, native",CRH_TKDE2016__native,heterogeneous,2014-06-19_001007,10.8671689752735,153.71686062691046
"CRH, native",CRH_TKDE2016__native,heterogeneous,2014-06-19_001008,28.32290525013235,2275.68990750325
"CRH, native",CRH_TKDE2016__native,heterogeneous,2014-06-19_001015,18.88466866641855,1512.0174572971525
"CRH, native",CRH_TKDE2016__native,heterogeneous,2014-06-19_001017,2.4019632319190407,35.505332180208825
"CRH, native",CRH_TKDE2016__native,heterogeneous,2014-06-19_001018,29.43834484174667,866.6161470215927
"CRH, native",CRH_TKDE2016__native,heterogeneous,2014-06-19_001022,5.0459678159066925,1013.4596292038647
"CRH, native",CRH_TKDE2016__native,heterogeneous,2014-06-19_001029,4.245138769033204,126.40430549811113
"CRH, native",CRH_TKDE2016__native,heterogeneous,2014-06-20_001006,7.738667225779778,240.55795864345896
"CRH, native",CRH_TKDE2016__native,heterogeneous,2014-06-20_001007,1.9772491128086926,6.243505225134156
"CRH, native",CRH_TKDE2016__native,heterogeneous,2014-06-20_001008,4.659702593377581,21.712828258729754
"CRH, native",CRH_TKDE2016__native,heterogeneous,2014-06-20_001015,1.4812368843259804,57.56857987469047
"CRH, native",CRH_TKDE2016__native,heterogeneous,2014-06-20_001017,2.4357664557255916,64.6619210517815
"CRH, native",CRH_TKDE2016__native,heterogeneous,2014-06-20_001018,10.588598730411675,130.33148727945812
"CRH, native",CRH_TKDE2016__native,heterogeneous,2014-06-20_001022,5.215830660387205,27.204889477835227
"CRH, native",CRH_TKDE2016__native,heterogeneous,2014-06-20_001029,6.145757210942704,59.60407823481457
"CRH, native",CRH_TKDE2016__native,heterogeneous,2014-06-21_001006,2.385806858315334,28.75839595740027
"CRH, native",CRH_TKDE2016__native,heterogeneous,2014-06-21_001007,3.2884917501175295,379.9246136906947
"CRH, native",CRH_TKDE2016__native,heterogeneous,2014-06-21_001008,16.480303952998113,399.5215257561482
"CRH, native",CRH_TKDE2016__native,heterogeneous,2014-06-21_001015,3.157241132606785,56.12404903019844
"CRH, native",CRH_TKDE2016__native,heterogeneous,2014-06-21_001017,7.098351993482819,54.564347368560654
"CRH, native",CRH_TKDE2016__native,heterogeneous,2014-06-21_001022,4.645811046503454,22.178221682924313
"CRH, native",CRH_TKDE2016__native,heterogeneous,2014-06-21_001029,9.4130181950662,88.60491154064735
"CRH, native",CRH_TKDE2016__native,heterogeneous,2014-06-22_001006,6.253426420850381,66.6056953527877
"CRH, native",CRH_TKDE2016__native,heterogeneous,2014-06-22_001007,1.4506306961697106,53.13620888202441
"CRH, native",CRH_TKDE2016__native,heterogeneous,2014-06-22_001008,0.6975612613299234,39.7466699981474
"CRH, native",CRH_TKDE2016__native,heterogeneous,2014-06-22_001015,7.464436611786283,121.83469656609914
"CRH, native",CRH_TKDE2016__native,heterogeneous,2014-06-22_001017,8.150167606955918,103.2752859522429
"CRH, native",CRH_TKDE2016__native,heterogeneous,2014-06-22_001018,6.8693663308901876,157.1170480341377
"CRH, native",CRH_TKDE2016__native,heterogeneous,2014-06-22_001022,8.47852508922768,72.8379019640816
"CRH, native",CRH_TKDE2016__native,heterogeneous,2014-06-22_001029,9.107279215572632,82.94253471040125
"CRH, native",CRH_TKDE2016__native,heterogeneous,2014-06-23_001006,2.5095128085085534,45.086598681893605
"CRH, native",CRH_TKDE2016__native,heterogeneous,2014-06-23_001007,7.146354254517149,51.07037913105536
"CRH, native",CRH_TKDE2016__native,heterogeneous,2014-06-23_001008,1.5977599493943622,2.5528368558886747
"CRH, native",CRH_TKDE2016__native,heterogeneous,2014-06-23_001015,3.1614254740454966,142.92616006951803
"CRH, native",CRH_TKDE2016__native,heterogeneous,2014-06-23_001017,7.92524269168649,166.9876240073082
"CRH, native",CRH_TKDE2016__native,heterogeneous,2014-06-23_001018,5.448820013956606,211.73683898622983
"CRH, native",CRH_TKDE2016__native,heterogeneous,2014-06-23_001022,6.368804998262851,40.56167710589787
"CRH, native",CRH_TKDE2016__native,heterogeneous,2014-06-23_001029,5.1817392465291086,32.35396626847649
"CRH, native",CRH_TKDE2016__native,heterogeneous,2014-06-24_001006,5.046111441417445,74.00841649992059
"CRH, native",CRH_TKDE2016__native,heterogeneous,2014-06-24_001007,1.887922129032571,10.16384757278786
"CRH, native",CRH_TKDE2016__native,heterogeneous,2014-06-24_001008,5.210905762426876,44.864473299228806
"CRH, native",CRH_TKDE2016__native,heterogeneous,2014-06-24_001015,1.8821063798924982,150.73286941325458
"CRH, native",CRH_TKDE2016__native,heterogeneous,2014-06-24_001017,1.5670826262375073,2.455747957455443
"CRH, native",CRH_TKDE2016__native,heterogeneous,2014-06-24_001018,7.924034087610039,616.9773349226201
"CRH, native",CRH_TKDE2016__native,heterogeneous,2014-06-24_001022,9.124716175353292,216.93684549579058
"CRH, native",CRH_TKDE2016__native,heterogeneous,2014-06-24_001029,1.9058113405684125,48.874227728623715
"CRH, native",CRH_TKDE2016__native,heterogeneous,2014-06-25_001006,2.1543093728868428,4.641048874108102
"CRH, native",CRH_TKDE2016__native,heterogeneous,2014-06-25_001007,17.510357081048227,306.61260510581576
"CRH, native",CRH_TKDE2016__native,heterogeneous,2014-06-25_001008,13.124554151791642,172.25392168331123
"CRH, native",CRH_TKDE2016__native,heterogeneous,2014-06-25_001015,29.646789643713603,981.4153256123255
"CRH, native",CRH_TKDE2016__native,heterogeneous,2014-06-25_001017,0.9463134784829208,34.55679841724545
"CRH, native",CRH_TKDE2016__native,heterogeneous,2014-06-25_001022,5.734361335084614,43.451778954412944
"CRH, native",CRH_TKDE2016__native,heterogeneous,2014-06-25_001029,12.61380780852295,159.10814743035453
"EPTD, native",EPTD_TIFS2022__native,exact,2014-05-29_001006,0.7181006405876431,70.23998898734634
"EPTD, native",EPTD_TIFS2022__native,exact,2014-05-29_001007,11.104676705511935,223.05690197476073
"EPTD, native",EPTD_TIFS2022__native,exact,2014-05-29_001008,4.2592417867164585,46.17605387712052
"EPTD, native",EPTD_TIFS2022__native,exact,2014-05-29_001015,2.709707078204417,57.172231238380625
"EPTD, native",EPTD_TIFS2022__native,exact,2014-05-29_001017,17.44490246068284,444.32109299626364
"EPTD, native",EPTD_TIFS2022__native,exact,2014-05-29_001018,3.1734779652371827,114.35929598666645
"EPTD, native",EPTD_TIFS2022__native,exact,2014-05-29_001022,7.280345930267764,105.84961609617547
"EPTD, native",EPTD_TIFS2022__native,exact,2014-05-29_001029,0.7463434606805635,39.57735515521587
"EPTD, native",EPTD_TIFS2022__native,exact,2014-05-30_001006,14.815817490372112,418.29677152601425
"EPTD, native",EPTD_TIFS2022__native,exact,2014-05-30_001007,0.03481516014046804,170.28587055751186
"EPTD, native",EPTD_TIFS2022__native,exact,2014-05-30_001008,18.675546160685016,573.5381112511208
"EPTD, native",EPTD_TIFS2022__native,exact,2014-05-30_001015,3.503743137134549,44.89366260848789
"EPTD, native",EPTD_TIFS2022__native,exact,2014-05-30_001017,2.659701637309226,168.40238175930853
"EPTD, native",EPTD_TIFS2022__native,exact,2014-05-30_001018,1.850571400440458,259.013939649809
"EPTD, native",EPTD_TIFS2022__native,exact,2014-05-30_001022,3.0133174439862245,108.92312358500821
"EPTD, native",EPTD_TIFS2022__native,exact,2014-05-30_001029,5.04369809405047,144.5431436106673
"EPTD, native",EPTD_TIFS2022__native,exact,2014-05-31_001006,1.7408817547142093,102.2256789305589
"EPTD, native",EPTD_TIFS2022__native,exact,2014-05-31_001007,15.259376951723453,470.32067362369725
"EPTD, native",EPTD_TIFS2022__native,exact,2014-05-31_001008,10.324794965895975,225.55427338115945
"EPTD, native",EPTD_TIFS2022__native,exact,2014-05-31_001015,6.471976304990818,424.67074632164497
"EPTD, native",EPTD_TIFS2022__native,exact,2014-05-31_001017,19.007431886728128,496.39851995102225
"EPTD, native",EPTD_TIFS2022__native,exact,2014-05-31_001018,5.822224045183532,193.9238091429847
"EPTD, native",EPTD_TIFS2022__native,exact,2014-05-31_001022,5.1808400321084775,68.35779482372888
"EPTD, native",EPTD_TIFS2022__native,exact,2014-05-31_001029,6.392495745407629,227.97704169162637
"EPTD, native",EPTD_TIFS2022__native,exact,2014-06-01_001006,3.6912889794382338,118.00832883822785
"EPTD, native",EPTD_TIFS2022__native,exact,2014-06-01_001007,5.299898059599556,89.8656783094909
"EPTD, native",EPTD_TIFS2022__native,exact,2014-06-01_001008,1.1282163759628148,131.11845254663268
"EPTD, native",EPTD_TIFS2022__native,exact,2014-06-01_001015,1.2907958854440835,84.87705836074274
"EPTD, native",EPTD_TIFS2022__native,exact,2014-06-01_001017,1.054320024495162,37.7361506261401
"EPTD, native",EPTD_TIFS2022__native,exact,2014-06-01_001018,0.155893560094313,34.88635885826028
"EPTD, native",EPTD_TIFS2022__native,exact,2014-06-01_001022,0.4947831765995865,101.99907751533618
"EPTD, native",EPTD_TIFS2022__native,exact,2014-06-01_001029,11.639314292556932,248.17042467947977
"EPTD, native",EPTD_TIFS2022__native,exact,2014-06-02_001006,8.358526345858536,244.82770744409314
"EPTD, native",EPTD_TIFS2022__native,exact,2014-06-02_001007,5.020369080793543,102.43531151578206
"EPTD, native",EPTD_TIFS2022__native,exact,2014-06-02_001008,2.492115901119398,82.88482014054414
"EPTD, native",EPTD_TIFS2022__native,exact,2014-06-02_001015,3.9802957298182022,55.119354762284345
"EPTD, native",EPTD_TIFS2022__native,exact,2014-06-02_001017,5.310501331692983,203.18312208478463
"EPTD, native",EPTD_TIFS2022__native,exact,2014-06-02_001018,3.0254172538315665,93.87790253580535
"EPTD, native",EPTD_TIFS2022__native,exact,2014-06-02_001022,3.2698756600509817,101.26667742475152
"EPTD, native",EPTD_TIFS2022__native,exact,2014-06-02_001029,5.549304548001846,103.21166556071938
"EPTD, native",EPTD_TIFS2022__native,exact,2014-06-03_001006,8.039857348424086,336.0881338798559
"EPTD, native",EPTD_TIFS2022__native,exact,2014-06-03_001007,8.586380935811132,196.83023238829503
"EPTD, native",EPTD_TIFS2022__native,exact,2014-06-03_001008,2.9051812311081733,61.32591045163643
"EPTD, native",EPTD_TIFS2022__native,exact,2014-06-03_001015,6.847465351926168,79.45940956665173
"EPTD, native",EPTD_TIFS2022__native,exact,2014-06-03_001017,4.898098140498213,49.12699873898583
"EPTD, native",EPTD_TIFS2022__native,exact,2014-06-03_001018,0.8697663833999343,59.52249613124856
"EPTD, native",EPTD_TIFS2022__native,exact,2014-06-03_001022,5.436753096816808,122.6502426286943
"EPTD, native",EPTD_TIFS2022__native,exact,2014-06-03_001029,3.960878407975187,36.93080977094936
"EPTD, native",EPTD_TIFS2022__native,exact,2014-06-04_001022,2.567768418874685,75.25977940336308
"EPTD, native",EPTD_TIFS2022__native,exact,2014-06-05_001006,3.0,9.0
"EPTD, native",EPTD_TIFS2022__native,exact,2014-06-05_001007,3.9309847398705102,114.41219933106433
"EPTD, native",EPTD_TIFS2022__native,exact,2014-06-05_001008,6.119488344622241,184.25185527372372
"EPTD, native",EPTD_TIFS2022__native,exact,2014-06-05_001015,1.5163740497686575,57.89644607878689
"EPTD, native",EPTD_TIFS2022__native,exact,2014-06-05_001017,1.5580660404453397,56.80874066448982
"EPTD, native",EPTD_TIFS2022__native,exact,2014-06-05_001018,5.782851697646983,161.8082117752214
"EPTD, native",EPTD_TIFS2022__native,exact,2014-06-05_001022,6.5041210789858965,128.82382536341535
"EPTD, native",EPTD_TIFS2022__native,exact,2014-06-05_001029,7.210921089662236,134.9090344746453
"EPTD, native",EPTD_TIFS2022__native,exact,2014-06-06_001006,1.3956029639837766,35.846525985104286
"EPTD, native",EPTD_TIFS2022__native,exact,2014-06-06_001007,3.5509376081445936,162.04305882341743
"EPTD, native",EPTD_TIFS2022__native,exact,2014-06-06_001008,8.608836338180097,363.56879413819513
"EPTD, native",EPTD_TIFS2022__native,exact,2014-06-06_001015,1.702324685175185,200.7173276431356
"EPTD, native",EPTD_TIFS2022__native,exact,2014-06-06_001017,5.689124737034518,189.94319995204597
"EPTD, native",EPTD_TIFS2022__native,exact,2014-06-06_001018,13.432074519159755,947.2298154952445
"EPTD, native",EPTD_TIFS2022__native,exact,2014-06-06_001022,4.749373873572921,96.62388259831447
"EPTD, native",EPTD_TIFS2022__native,exact,2014-06-06_001029,0.9611356053189191,95.20971760317423
"EPTD, native",EPTD_TIFS2022__native,exact,2014-06-07_001006,6.0,36.0
"EPTD, native",EPTD_TIFS2022__native,exact,2014-06-07_001007,3.1162078268127122,36.0
"EPTD, native",EPTD_TIFS2022__native,exact,2014-06-07_001008,8.326525011017937,150.66280424297236
"EPTD, native",EPTD_TIFS2022__native,exact,2014-06-07_001015,8.525549443681282,200.7132480047905
"EPTD, native",EPTD_TIFS2022__native,exact,2014-06-07_001017,4.3575006707151145,116.85017332547716
"EPTD, native",EPTD_TIFS2022__native,exact,2014-06-07_001018,5.634120964661889,57.64202940815827
"EPTD, native",EPTD_TIFS2022__native,exact,2014-06-07_001022,2.21362572083564,9.0
"EPTD, native",EPTD_TIFS2022__native,exact,2014-06-07_001029,6.549911242220036,49.0
"EPTD, native",EPTD_TIFS2022__native,exact,2014-06-08_001006,9.155917094575884,93.26145301650959
"EPTD, native",EPTD_TIFS2022__native,exact,2014-06-08_001007,2.560910313278299,107.0313901520845
"EPTD, native",EPTD_TIFS2022__native,exact,2014-06-08_001008,8.870015200680292,139.05029867869925
"EPTD, native",EPTD_TIFS2022__native,exact,2014-06-08_001015,5.173917691124302,50.19669174275099
"EPTD, native",EPTD_TIFS2022__native,exact,2014-06-08_001017,11.501509559919668,203.00654158842275
"EPTD, native",EPTD_TIFS2022__native,exact,2014-06-08_001018,0.3817768954511678,41.057752963316844
"EPTD, native",EPTD_TIFS2022__native,exact,2014-06-08_001022,8.035917457196476,179.57933966060818
"EPTD, native",EPTD_TIFS2022__native,exact,2014-06-08_001029,7.2206066981419905,83.17092399258782
"EPTD, native",EPTD_TIFS2022__native,exact,2014-06-09_001006,9.313037093884937,294.9437191004764
"EPTD, native",EPTD_TIFS2022__native,exact,2014-06-09_001007,7.542320401329633,61.25022195128536
"EPTD, native",EPTD_TIFS2022__native,exact,2014-06-09_001015,1.5449621367691506,248.035429522683
"EPTD, native",EPTD_TIFS2022__native,exact,2014-06-09_001017,4.339538124700795,99.08000393218315
"EPTD, native",EPTD_TIFS2022__native,exact,2014-06-09_001018,2.319380479403449,132.22545974514838
"EPTD, native",EPTD_TIFS2022__native,exact,2014-06-09_001022,1.4968839370353137,134.61088917334797
"EPTD, native",EPTD_TIFS2022__native,exact,2014-06-09_001029,8.646063774395238,154.46520067545129
"EPTD, native",EPTD_TIFS2022__native,exact,2014-06-10_001006,3.5009028384692016,60.804146419782654
"EPTD, native",EPTD_TIFS2022__native,exact,2014-06-10_001007,11.341089396338589,243.5778755734262
"EPTD, native",EPTD_TIFS2022__native,exact,2014-06-10_001008,7.25777651010597,170.35106110746315
"EPTD, native",EPTD_TIFS2022__native,exact,2014-06-10_001015,12.570833504718436,232.49692611687416
"EPTD, native",EPTD_TIFS2022__native,exact,2014-06-10_001017,1.694854531349847,122.85418877487022
"EPTD, native",EPTD_TIFS2022__native,exact,2014-06-10_001018,8.465091457761517,149.35027493346843
"EPTD, native",EPTD_TIFS2022__native,exact,2014-06-10_001022,5.433575338767554,81.04247485137624
"EPTD, native",EPTD_TIFS2022__native,exact,2014-06-10_001029,6.360773799284743,118.68008772791981
"EPTD, native",EPTD_TIFS2022__native,exact,2014-06-11_001006,8.321429983170177,136.70908468600726
"EPTD, native",EPTD_TIFS2022__native,exact,2014-06-11_001007,8.80776912057049,153.30688216071064
"EPTD, native",EPTD_TIFS2022__native,exact,2014-06-11_001008,13.046940380906971,254.40445519411284
"EPTD, native",EPTD_TIFS2022__native,exact,2014-06-11_001015,8.071134824244464,134.21621435807202
"EPTD, native",EPTD_TIFS2022__native,exact,2014-06-11_001017,1.4418361440026501,74.64467751759253
"EPTD, native",EPTD_TIFS2022__native,exact,2014-06-11_001018,2.258306383880935,50.05177332316002
"EPTD, native",EPTD_TIFS2022__native,exact,2014-06-11_001022,8.196425084178031,169.0
"EPTD, native",EPTD_TIFS2022__native,exact,2014-06-11_001029,4.301846037707886,60.21542223539571
"EPTD, native",EPTD_TIFS2022__native,exact,2014-06-12_001006,0.571089724738183,67.5076561523619
"EPTD, native",EPTD_TIFS2022__native,exact,2014-06-12_001007,0.7760648876294916,76.90915489101742
"EPTD, native",EPTD_TIFS2022__native,exact,2014-06-12_001008,2.3548809328943463,90.38009511098723
"EPTD, native",EPTD_TIFS2022__native,exact,2014-06-12_001015,12.668219601109655,282.40301577770106
"EPTD, native",EPTD_TIFS2022__native,exact,2014-06-12_001017,2.799373038494842,26.868639212775314
"EPTD, native",EPTD_TIFS2022__native,exact,2014-06-12_001018,5.354599584059059,39.52467289357986
"EPTD, native",EPTD_TIFS2022__native,exact,2014-06-12_001022,1.9397031493508443,116.05154852486442
"EPTD, native",EPTD_TIFS2022__native,exact,2014-06-12_001029,9.192851242016296,174.3925163426134
"EPTD, native",EPTD_TIFS2022__native,exact,2014-06-13_001006,0.29735481520026497,176.47377911089004
"EPTD, native",EPTD_TIFS2022__native,exact,2014-06-13_001007,1.6340251035787006,34.09281676773353
"EPTD, native",EPTD_TIFS2022__native,exact,2014-06-13_001008,4.505799045682991,101.96911848162658
"EPTD, native",EPTD_TIFS2022__native,exact,2014-06-13_001015,3.031554217337593,116.45095805607518
"EPTD, native",EPTD_TIFS2022__native,exact,2014-06-13_001017,6.087547485220092,158.78442876297186
"EPTD, native",EPTD_TIFS2022__native,exact,2014-06-13_001018,2.3662632854664665,33.493952505039594
"EPTD, native",EPTD_TIFS2022__native,exact,2014-06-13_001022,2.680901608540676,33.23272319693602
"EPTD, native",EPTD_TIFS2022__native,exact,2014-06-13_001029,7.092751934748847,130.15708444235267
"EPTD, native",EPTD_TIFS2022__native,exact,2014-06-14_001006,2.901881358773089,51.89883146414129
"EPTD, native",EPTD_TIFS2022__native,exact,2014-06-14_001007,6.301587066749551,170.94172892555446
"EPTD, native",EPTD_TIFS2022__native,exact,2014-06-14_001008,5.255705673897026,70.87313554971304
"EPTD, native",EPTD_TIFS2022__native,exact,2014-06-14_001015,2.367835363925927,53.577186872953476
"EPTD, native",EPTD_TIFS2022__native,exact,2014-06-14_001017,4.723622836208378,103.24661632242076
"EPTD, native",EPTD_TIFS2022__native,exact,2014-06-14_001018,5.7290877771783855,53.94728393298459
"EPTD, native",EPTD_TIFS2022__native,exact,2014-06-14_001022,0.35030651849243455,45.52939842840717
"EPTD, native",EPTD_TIFS2022__native,exact,2014-06-14_001029,2.240217313872506,38.36034905663911
"EPTD, native",EPTD_TIFS2022__native,exact,2014-06-15_001006,0.055499688887508114,134.48862521464306
"EPTD, native",EPTD_TIFS2022__native,exact,2014-06-15_001007,2.9094524328222633,383.92561882114336
"EPTD, native",EPTD_TIFS2022__native,exact,2014-06-15_001008,7.339106500215863,336.0065759577027
"EPTD, native",EPTD_TIFS2022__native,exact,2014-06-15_001015,22.102090952560815,589.3683061627964
"EPTD, native",EPTD_TIFS2022__native,exact,2014-06-15_001017,13.585726511898685,930.4263598081783
"EPTD, native",EPTD_TIFS2022__native,exact,2014-06-15_001018,11.873842113833646,493.09784475746983
"EPTD, native",EPTD_TIFS2022__native,exact,2014-06-15_001022,1.8571818394420774,152.72309062908624
"EPTD, native",EPTD_TIFS2022__native,exact,2014-06-15_001029,3.4908399180493603,231.20648053213858
"EPTD, native",EPTD_TIFS2022__native,exact,2014-06-16_001006,24.99256557829129,852.9665207183602
"EPTD, native",EPTD_TIFS2022__native,exact,2014-06-16_001007,5.242813868670623,109.55362922410416
"EPTD, native",EPTD_TIFS2022__native,exact,2014-06-16_001008,10.241876487392375,414.5916075910233
"EPTD, native",EPTD_TIFS2022__native,exact,2014-06-16_001015,9.10377352968041,849.5887760513115
"EPTD, native",EPTD_TIFS2022__native,exact,2014-06-16_001017,10.229549720084577,434.15502234193207
"EPTD, native",EPTD_TIFS2022__native,exact,2014-06-16_001018,0.37587985390760537,495.2102842324605
"EPTD, native",EPTD_TIFS2022__native,exact,2014-06-16_001022,12.934467134862842,214.34372675568747
"EPTD, native",EPTD_TIFS2022__native,exact,2014-06-16_001029,3.4915572422764427,259.2094334903928
"EPTD, native",EPTD_TIFS2022__native,exact,2014-06-17_001006,1.1207360585418513,58.337789178467865
"EPTD, native",EPTD_TIFS2022__native,exact,2014-06-17_001007,12.073945021297689,363.90578529110434
"EPTD, native",EPTD_TIFS2022__native,exact,2014-06-17_001008,5.137042653534209,107.47493333620365
"EPTD, native",EPTD_TIFS2022__native,exact,2014-06-17_001015,4.331126577613162,246.76215876793933
"EPTD, native",EPTD_TIFS2022__native,exact,2014-06-17_001017,11.613327655780864,337.2422423479208
"EPTD, native",EPTD_TIFS2022__native,exact,2014-06-17_001018,10.590479406640085,201.71884840990597
"EPTD, native",EPTD_TIFS2022__native,exact,2014-06-17_001022,9.084962560372645,220.29484022084273
"EPTD, native",EPTD_TIFS2022__native,exact,2014-06-17_001029,8.698939853981635,161.00815603004693
"EPTD, native",EPTD_TIFS2022__native,exact,2014-06-18_001006,2.1113912615390547,39.898804654545955
"EPTD, native",EPTD_TIFS2022__native,exact,2014-06-18_001007,3.1803545278014056,89.72255440457629
"EPTD, native",EPTD_TIFS2022__native,exact,2014-06-18_001008,1.0138269697913742,27.184326576003105
"EPTD, native",EPTD_TIFS2022__native,exact,2014-06-18_001015,2.487125833837844,88.1745536509408
"EPTD, native",EPTD_TIFS2022__native,exact,2014-06-18_001017,13.51071138409219,182.97354135123604
"EPTD, native",EPTD_TIFS2022__native,exact,2014-06-18_001018,8.087254157517645,247.99808654016462
"EPTD, native",EPTD_TIFS2022__native,exact,2014-06-18_001022,6.981964563029123,167.442837398452
"EPTD, native",EPTD_TIFS2022__native,exact,2014-06-18_001029,0.18260314476027162,86.63662107317985
"EPTD, native",EPTD_TIFS2022__native,exact,2014-06-19_001007,6.528325572599783,124.25776759915965
"EPTD, native",EPTD_TIFS2022__native,exact,2014-06-19_001008,32.10371900739361,2788.2944082933077
"EPTD, native",EPTD_TIFS2022__native,exact,2014-06-19_001015,20.04896932767045,695.491135211744
"EPTD, native",EPTD_TIFS2022__native,exact,2014-06-19_001017,4.135987920793383,215.6173364514094
"EPTD, native",EPTD_TIFS2022__native,exact,2014-06-19_001018,25.74160732654647,1221.3319963774354
"EPTD, native",EPTD_TIFS2022__native,exact,2014-06-19_001022,8.99186926809648,283.71318143955284
"EPTD, native",EPTD_TIFS2022__native,exact,2014-06-19_001029,7.674738969939419,280.5618624414519
"EPTD, native",EPTD_TIFS2022__native,exact,2014-06-20_001006,5.10385871740019,113.88457493232377
"EPTD, native",EPTD_TIFS2022__native,exact,2014-06-20_001007,1.5671245964835592,20.355182721377474
"EPTD, native",EPTD_TIFS2022__native,exact,2014-06-20_001008,4.5264631143429135,42.90039006610906
"EPTD, native",EPTD_TIFS2022__native,exact,2014-06-20_001015,2.2245615118257973,42.68463724481735
"EPTD, native",EPTD_TIFS2022__native,exact,2014-06-20_001017,3.463004385455889,57.97085977537166
"EPTD, native",EPTD_TIFS2022__native,exact,2014-06-20_001018,5.638083678906767,42.13283503865578
"EPTD, native",EPTD_TIFS2022__native,exact,2014-06-20_001022,4.267279842709113,76.93931941537872
"EPTD, native",EPTD_TIFS2022__native,exact,2014-06-20_001029,2.599169482936306,81.0
"EPTD, native",EPTD_TIFS2022__native,exact,2014-06-21_001006,4.479108832019492,109.49711310233262
"EPTD, native",EPTD_TIFS2022__native,exact,2014-06-21_001007,3.3019427588546506,111.96940835655185
"EPTD, native",EPTD_TIFS2022__native,exact,2014-06-21_001008,12.847218446491382,311.60346130543684
"EPTD, native",EPTD_TIFS2022__native,exact,2014-06-21_001015,6.068701243705689,77.7385653127512
"EPTD, native",EPTD_TIFS2022__native,exact,2014-06-21_001017,6.7647367753716665,96.9071066635992
"EPTD, native",EPTD_TIFS2022__native,exact,2014-06-21_001022,4.59462397335254,115.12962751647059
"EPTD, native",EPTD_TIFS2022__native,exact,2014-06-21_001029,11.417807497967416,150.8732036987472
"EPTD, native",EPTD_TIFS2022__native,exact,2014-06-22_001006,6.8890466083172655,115.31044824276456
"EPTD, native",EPTD_TIFS2022__native,exact,2014-06-22_001007,1.1709256722048451,46.44270606900686
"EPTD, native",EPTD_TIFS2022__native,exact,2014-06-22_001008,0.9776929318387388,39.36244226020837
"EPTD, native",EPTD_TIFS2022__native,exact,2014-06-22_001015,3.37906833791979,113.9411245764535
"EPTD, native",EPTD_TIFS2022__native,exact,2014-06-22_001017,8.759232349066743,316.06185039710124
"EPTD, native",EPTD_TIFS2022__native,exact,2014-06-22_001018,8.307860740741233,157.59665177709257
"EPTD, native",EPTD_TIFS2022__native,exact,2014-06-22_001022,8.20551264429794,92.86438353636748
"EPTD, native",EPTD_TIFS2022__native,exact,2014-06-22_001029,9.923619947083843,162.70140500385634
"EPTD, native",EPTD_TIFS2022__native,exact,2014-06-23_001006,3.1776934673223156,43.39812805054852
"EPTD, native",EPTD_TIFS2022__native,exact,2014-06-23_001007,6.353657257019956,155.80505653097433
"EPTD, native",EPTD_TIFS2022__native,exact,2014-06-23_001008,3.295313669928781,64.87946894101476
"EPTD, native",EPTD_TIFS2022__native,exact,2014-06-23_001015,2.148571220187792,68.2886222341325
"EPTD, native",EPTD_TIFS2022__native,exact,2014-06-23_001017,5.357511484253006,80.65028972871177
"EPTD, native",EPTD_TIFS2022__native,exact,2014-06-23_001018,0.47753027553545735,112.86722408860858
"EPTD, native",EPTD_TIFS2022__native,exact,2014-06-23_001022,3.3148062281490223,22.249346594021443
"EPTD, native",EPTD_TIFS2022__native,exact,2014-06-23_001029,3.6590676796598167,37.1871252044069
"EPTD, native",EPTD_TIFS2022__native,exact,2014-06-24_001006,4.560925469856485,69.93549991213298
"EPTD, native",EPTD_TIFS2022__native,exact,2014-06-24_001007,1.6743596037771362,9.0
"EPTD, native",EPTD_TIFS2022__native,exact,2014-06-24_001008,2.9074457496784873,253.88918251097672
"EPTD, native",EPTD_TIFS2022__native,exact,2014-06-24_001015,3.7033350353810377,178.2781836971912
"EPTD, native",EPTD_TIFS2022__native,exact,2014-06-24_001017,1.233526059125694,43.56302088553466
"EPTD, native",EPTD_TIFS2022__native,exact,2014-06-24_001018,12.90550182174509,351.51441672997396
"EPTD, native",EPTD_TIFS2022__native,exact,2014-06-24_001022,12.91194733937143,263.7018536357585
"EPTD, native",EPTD_TIFS2022__native,exact,2014-06-24_001029,1.3788493387782523,47.410661818248876
"EPTD, native",EPTD_TIFS2022__native,exact,2014-06-25_001006,4.680273789194587,262.7127733719454
"EPTD, native",EPTD_TIFS2022__native,exact,2014-06-25_001007,17.92473334793388,397.0048277166931
"EPTD, native",EPTD_TIFS2022__native,exact,2014-06-25_001008,14.014038995001897,222.09703366145698
"EPTD, native",EPTD_TIFS2022__native,exact,2014-06-25_001015,24.44039725986606,906.2804585315163
"EPTD, native",EPTD_TIFS2022__native,exact,2014-06-25_001017,0.9031514037699537,258.59328550502937
"EPTD, native",EPTD_TIFS2022__native,exact,2014-06-25_001022,5.557559571629369,116.76337302486333
"EPTD, native",EPTD_TIFS2022__native,exact,2014-06-25_001029,10.70520658903942,145.7069242827704
"EPTD, native",EPTD_TIFS2022__native,heterogeneous,2014-05-29_001006,0.8859006848137412,70.6407419104213
"EPTD, native",EPTD_TIFS2022__native,heterogeneous,2014-05-29_001007,10.559648175437346,198.48577495980112
"EPTD, native",EPTD_TIFS2022__native,heterogeneous,2014-05-29_001008,3.788190246670922,44.58554362231192
"EPTD, native",EPTD_TIFS2022__native,heterogeneous,2014-05-29_001015,3.5231299047543345,52.72633362920808
"EPTD, native",EPTD_TIFS2022__native,heterogeneous,2014-05-29_001017,16.78409057091055,422.4236893866761
"EPTD, native",EPTD_TIFS2022__native,heterogeneous,2014-05-29_001018,3.134338209307188,113.44631239899059
"EPTD, native",EPTD_TIFS2022__native,heterogeneous,2014-05-29_001022,7.054798111475456,106.08297446154457
"EPTD, native",EPTD_TIFS2022__native,heterogeneous,2014-05-29_001029,0.6243159948637569,36.57390900234783
"EPTD, native",EPTD_TIFS2022__native,heterogeneous,2014-05-30_001006,14.664771828275846,364.09731736284056
"EPTD, native",EPTD_TIFS2022__native,heterogeneous,2014-05-30_001007,0.3532447892793016,163.6374766269553
"EPTD, native",EPTD_TIFS2022__native,heterogeneous,2014-05-30_001008,19.09051477697318,549.1336013436717
"EPTD, native",EPTD_TIFS2022__native,heterogeneous,2014-05-30_001015,3.064948898000168,34.64031407730607
"EPTD, native",EPTD_TIFS2022__native,heterogeneous,2014-05-30_001017,2.574765098193609,160.19482417486267
"EPTD, native",EPTD_TIFS2022__native,heterogeneous,2014-05-30_001018,2.0567162423158862,233.98283502659046
"EPTD, native",EPTD_TIFS2022__native,heterogeneous,2014-05-30_001022,3.0057680504537956,101.27380727098766
"EPTD, native",EPTD_TIFS2022__native,heterogeneous,2014-05-30_001029,4.505160532757955,119.64206226862656
"EPTD, native",EPTD_TIFS2022__native,heterogeneous,2014-05-31_001006,1.5925365824055149,105.81275886936321
"EPTD, native",EPTD_TIFS2022__native,heterogeneous,2014-05-31_001007,15.148850654647589,465.4717850774254
"EPTD, native",EPTD_TIFS2022__native,heterogeneous,2014-05-31_001008,10.068953295509388,232.61072598783323
"EPTD, native",EPTD_TIFS2022__native,heterogeneous,2014-05-31_001015,5.700279867329286,411.5347601899282
"EPTD, native",EPTD_TIFS2022__native,heterogeneous,2014-05-31_001017,18.67225142044836,466.4801505015655
"EPTD, native",EPTD_TIFS2022__native,heterogeneous,2014-05-31_001018,5.954797488637496,186.32377402975618
"EPTD, native",EPTD_TIFS2022__native,heterogeneous,2014-05-31_001022,6.153098745591279,78.36167349256367
"EPTD, native",EPTD_TIFS2022__native,heterogeneous,2014-05-31_001029,5.933517749596092,235.13042211300453
"EPTD, native",EPTD_TIFS2022__native,heterogeneous,2014-06-01_001006,3.609898309170319,117.53532474202774
"EPTD, native",EPTD_TIFS2022__native,heterogeneous,2014-06-01_001007,5.022278519514153,85.90876998775981
"EPTD, native",EPTD_TIFS2022__native,heterogeneous,2014-06-01_001008,0.8887274416396025,116.53912229123081
"EPTD, native",EPTD_TIFS2022__native,heterogeneous,2014-06-01_001015,1.311263956476168,84.92755566178123
"EPTD, native",EPTD_TIFS2022__native,heterogeneous,2014-06-01_001017,0.10895278133647679,38.4551016067905
"EPTD, native",EPTD_TIFS2022__native,heterogeneous,2014-06-01_001018,0.623025692700768,37.24868655301522
"EPTD, native",EPTD_TIFS2022__native,heterogeneous,2014-06-01_001022,1.4751987887179219,102.4159571186611
"EPTD, native",EPTD_TIFS2022__native,heterogeneous,2014-06-01_001029,11.22936358676031,236.3057184376811
"EPTD, native",EPTD_TIFS2022__native,heterogeneous,2014-06-02_001006,8.193484302309464,189.73248344701977
"EPTD, native",EPTD_TIFS2022__native,heterogeneous,2014-06-02_001007,5.514466498057445,62.536272514191225
"EPTD, native",EPTD_TIFS2022__native,heterogeneous,2014-06-02_001008,2.7312944490117914,67.46352262443943
"EPTD, native",EPTD_TIFS2022__native,heterogeneous,2014-06-02_001015,5.245427699718764,37.49960840081824
"EPTD, native",EPTD_TIFS2022__native,heterogeneous,2014-06-02_001017,8.067669399131645,156.49289713196225
"EPTD, native",EPTD_TIFS2022__native,heterogeneous,2014-06-02_001018,4.353661945769659,70.38099272104589
"EPTD, native",EPTD_TIFS2022__native,heterogeneous,2014-06-02_001022,7.521709885404778,107.09364271448793
"EPTD, native",EPTD_TIFS2022__native,heterogeneous,2014-06-02_001029,3.410619527456859,83.81797000508904
"EPTD, native",EPTD_TIFS2022__native,heterogeneous,2014-06-03_001006,8.290029724770214,321.36821657429476
"EPTD, native",EPTD_TIFS2022__native,heterogeneous,2014-06-03_001007,8.553235988396732,195.5861560550402
"EPTD, native",EPTD_TIFS2022__native,heterogeneous,2014-06-03_001008,2.6250790123591727,64.73167173983063
"EPTD, native",EPTD_TIFS2022__native,heterogeneous,2014-06-03_001015,6.783179975146176,77.92457813450169
"EPTD, native",EPTD_TIFS2022__native,heterogeneous,2014-06-03_001017,4.960886848484449,49.83686893041194
"EPTD, native",EPTD_TIFS2022__native,heterogeneous,2014-06-03_001018,1.0741523361032748,72.64104019163672
"EPTD, native",EPTD_TIFS2022__native,heterogeneous,2014-06-03_001022,5.605696139712421,120.05032413070573
"EPTD, native",EPTD_TIFS2022__native,heterogeneous,2014-06-03_001029,3.465379747430127,31.811419922845587
"EPTD, native",EPTD_TIFS2022__native,heterogeneous,2014-06-04_001022,2.567768418874685,75.25977940336308
"EPTD, native",EPTD_TIFS2022__native,heterogeneous,2014-06-05_001006,3.0,9.0
"EPTD, native",EPTD_TIFS2022__native,heterogeneous,2014-06-05_001007,3.616314501333086,78.98045224884227
"EPTD, native",EPTD_TIFS2022__native,heterogeneous,2014-06-05_001008,7.199963461138125,169.08688801433237
"EPTD, native",EPTD_TIFS2022__native,heterogeneous,2014-06-05_001015,0.8713815726056566,43.14448879598984
"EPTD, native",EPTD_TIFS2022__native,heterogeneous,2014-06-05_001017,1.6564360855586955,60.45187366971625
"EPTD, native",EPTD_TIFS2022__native,heterogeneous,2014-06-05_001018,5.311018244679531,140.6469888645905
"EPTD, native",EPTD_TIFS2022__native,heterogeneous,2014-06-05_001022,6.7091946021485995,118.24864740335308
"EPTD, native",EPTD_TIFS2022__native,heterogeneous,2014-06-05_001029,7.128268153683152,107.18009071940142
"EPTD, native",EPTD_TIFS2022__native,heterogeneous,2014-06-06_001006,1.623411092365501,45.19912177840073
"EPTD, native",EPTD_TIFS2022__native,heterogeneous,2014-06-06_001007,2.588535798126088,132.32006126223044
"EPTD, native",EPTD_TIFS2022__native,heterogeneous,2014-06-06_001008,8.459264279429803,351.740244116162
"EPTD, native",EPTD_TIFS2022__native,heterogeneous,2014-06-06_001015,1.7477581520554253,177.70501094552088
"EPTD, native",EPTD_TIFS2022__native,heterogeneous,2014-06-06_001017,3.8847910718271805,183.43400818177395
"EPTD, native",EPTD_TIFS2022__native,heterogeneous,2014-06-06_001018,11.572239709940845,972.3453689156373
"EPTD, native",EPTD_TIFS2022__native,heterogeneous,2014-06-06_001022,4.41695640689926,100.7530498986805
"EPTD, native",EPTD_TIFS2022__native,heterogeneous,2014-06-06_001029,1.0595427055004478,73.31195478915755
"EPTD, native",EPTD_TIFS2022__native,heterogeneous,2014-06-07_001006,6.0,36.0
"EPTD, native",EPTD_TIFS2022__native,heterogeneous,2014-06-07_001007,1.853030413237005,36.0
"EPTD, native",EPTD_TIFS2022__native,heterogeneous,2014-06-07_001008,9.16989867354008,157.29258531155324
"EPTD, native",EPTD_TIFS2022__native,heterogeneous,2014-06-07_001015,9.188783191775972,222.91034348346255
"EPTD, native",EPTD_TIFS2022__native,heterogeneous,2014-06-07_001017,4.348412732725183,121.0
"EPTD, native",EPTD_TIFS2022__native,heterogeneous,2014-06-07_001018,6.068904749162314,62.24525534938232
"EPTD, native",EPTD_TIFS2022__native,heterogeneous,2014-06-07_001022,2.7211342992734613,9.0
"EPTD, native",EPTD_TIFS2022__native,heterogeneous,2014-06-07_001029,6.406657386325582,49.0
"EPTD, native",EPTD_TIFS2022__native,heterogeneous,2014-06-08_001006,9.155917094575884,93.26145301650959
"EPTD, native",EPTD_TIFS2022__native,heterogeneous,2014-06-08_001007,2.560910313278299,107.0313901520845
"EPTD, native",EPTD_TIFS2022__native,heterogeneous,2014-06-08_001008,8.870015200680292,139.05029867869925
"EPTD, native",EPTD_TIFS2022__native,heterogeneous,2014-06-08_001015,5.173917691124302,50.19669174275099
"EPTD, native",EPTD_TIFS2022__native,heterogeneous,2014-06-08_001017,11.501509559919668,203.00654158842275
"EPTD, native",EPTD_TIFS2022__native,heterogeneous,2014-06-08_001018,0.3817768954511678,41.057752963316844
"EPTD, native",EPTD_TIFS2022__native,heterogeneous,2014-06-08_001022,8.035917457196476,179.57933966060818
"EPTD, native",EPTD_TIFS2022__native,heterogeneous,2014-06-08_001029,7.2206066981419905,83.17092399258782
"EPTD, native",EPTD_TIFS2022__native,heterogeneous,2014-06-09_001006,10.476284097156679,327.3116507751058
"EPTD, native",EPTD_TIFS2022__native,heterogeneous,2014-06-09_001007,6.711295235145663,46.40150104519609
"EPTD, native",EPTD_TIFS2022__native,heterogeneous,2014-06-09_001015,1.477699467911414,243.1775590871435
"EPTD, native",EPTD_TIFS2022__native,heterogeneous,2014-06-09_001017,4.009745356187317,95.41341371683289
"EPTD, native",EPTD_TIFS2022__native,heterogeneous,2014-06-09_001018,3.470550019106412,89.90897654592807
"EPTD, native",EPTD_TIFS2022__native,heterogeneous,2014-06-09_001022,0.38574481856006315,138.31114747595524
"EPTD, native",EPTD_TIFS2022__native,heterogeneous,2014-06-09_001029,9.032450911285206,153.92665913377445
"EPTD, native",EPTD_TIFS2022__native,heterogeneous,2014-06-10_001006,3.5009028384692016,60.804146419782654
"EPTD, native",EPTD_TIFS2022__native,heterogeneous,2014-06-10_001007,11.341089396338589,243.5778755734262
"EPTD, native",EPTD_TIFS2022__native,heterogeneous,2014-06-10_001008,7.25777651010597,170.35106110746315
"EPTD, native",EPTD_TIFS2022__native,heterogeneous,2014-06-10_001015,12.570833504718436,232.49692611687416
"EPTD, native",EPTD_TIFS2022__native,heterogeneous,2014-06-10_001017,1.694854531349847,122.85418877487022
"EPTD, native",EPTD_TIFS2022__native,heterogeneous,2014-06-10_001018,8.465091457761517,149.35027493346843
"EPTD, native",EPTD_TIFS2022__native,heterogeneous,2014-06-10_001022,5.433575338767554,81.04247485137624
"EPTD, native",EPTD_TIFS2022__native,heterogeneous,2014-06-10_001029,6.360773799284743,118.68008772791981
"EPTD, native",EPTD_TIFS2022__native,heterogeneous,2014-06-11_001006,8.518190205464034,128.12484027445086
"EPTD, native",EPTD_TIFS2022__native,heterogeneous,2014-06-11_001007,9.058153450510101,146.4469220472866
"EPTD, native",EPTD_TIFS2022__native,heterogeneous,2014-06-11_001008,13.044741076686998,252.24200032680963
"EPTD, native",EPTD_TIFS2022__native,heterogeneous,2014-06-11_001015,8.499615633995184,130.25235050227496
"EPTD, native",EPTD_TIFS2022__native,heterogeneous,2014-06-11_001017,1.7302167894513598,63.764434026391896
"EPTD, native",EPTD_TIFS2022__native,heterogeneous,2014-06-11_001018,0.986975026438774,46.64937078396486
"EPTD, native",EPTD_TIFS2022__native,heterogeneous,2014-06-11_001022,8.798673791253435,169.0
"EPTD, native",EPTD_TIFS2022__native,heterogeneous,2014-06-11_001029,4.94275648604496,56.523181877963935
"EPTD, native",EPTD_TIFS2022__native,heterogeneous,2014-06-12_001006,0.5532885450233529,73.1365841206178
"EPTD, native",EPTD_TIFS2022__native,heterogeneous,2014-06-12_001007,1.3594831846582842,77.39657201901511
"EPTD, native",EPTD_TIFS2022__native,heterogeneous,2014-06-12_001008,2.719288420353891,79.35947586414525
"EPTD, native",EPTD_TIFS2022__native,heterogeneous,2014-06-12_001015,13.022918467436845,291.8410191838567
"EPTD, native",EPTD_TIFS2022__native,heterogeneous,2014-06-12_001017,2.3206907807261494,24.817526800652438
"EPTD, native",EPTD_TIFS2022__native,heterogeneous,2014-06-12_001018,4.865314529569115,37.847884975168164
"EPTD, native",EPTD_TIFS2022__native,heterogeneous,2014-06-12_001022,2.2472557833648423,109.892853680548
"EPTD, native",EPTD_TIFS2022__native,heterogeneous,2014-06-12_001029,8.732590179510069,167.18409243628216
"EPTD, native",EPTD_TIFS2022__native,heterogeneous,2014-06-13_001006,0.9200099479821873,180.48439874516197
"EPTD, native",EPTD_TIFS2022__native,heterogeneous,2014-06-13_001007,1.5556795511201997,31.747002219472833
"EPTD, native",EPTD_TIFS2022__native,heterogeneous,2014-06-13_001008,3.675279938969105,106.45243302387878
"EPTD, native",EPTD_TIFS2022__native,heterogeneous,2014-06-13_001015,3.627613982338268,127.50443319238546
"EPTD, native",EPTD_TIFS2022__native,heterogeneous,2014-06-13_001017,6.85486884194281,145.1952387170641
"EPTD, native",EPTD_TIFS2022__native,heterogeneous,2014-06-13_001018,2.893225627042874,35.81958071911713
"EPTD, native",EPTD_TIFS2022__native,heterogeneous,2014-06-13_001022,4.519594166816795,40.52087545441526
"EPTD, native",EPTD_TIFS2022__native,heterogeneous,2014-06-13_001029,8.18270381564588,164.25955491686497
"EPTD, native",EPTD_TIFS2022__native,heterogeneous,2014-06-14_001006,2.5332230380078045,52.318383430582706
"EPTD, native",EPTD_TIFS2022__native,heterogeneous,2014-06-14_001007,7.049975986062588,179.43912581986842
"EPTD, native",EPTD_TIFS2022__native,heterogeneous,2014-06-14_001008,5.007574967924825,82.16196071949146
"EPTD, native",EPTD_TIFS2022__native,heterogeneous,2014-06-14_001015,1.8251605157120139,50.54862354149413
"EPTD, native",EPTD_TIFS2022__native,heterogeneous,2014-06-14_001017,4.705547853119395,95.43347078461932
"EPTD, native",EPTD_TIFS2022__native,heterogeneous,2014-06-14_001018,5.662408881954249,55.317593995209215
"EPTD, native",EPTD_TIFS2022__native,heterogeneous,2014-06-14_001022,0.7647857530231761,38.87508358264125
"EPTD, native",EPTD_TIFS2022__native,heterogeneous,2014-06-14_001029,1.5545103480133413,38.6543928934969
"EPTD, native",EPTD_TIFS2022__native,heterogeneous,2014-06-15_001006,0.2092434195160422,116.27300551451187
"EPTD, native",EPTD_TIFS2022__native,heterogeneous,2014-06-15_001007,2.917839762896733,327.9532706525885
"EPTD, native",EPTD_TIFS2022__native,heterogeneous,2014-06-15_001008,7.358790435454139,253.26620414609968
"EPTD, native",EPTD_TIFS2022__native,heterogeneous,2014-06-15_001015,21.806610428236453,542.0244341032227
"EPTD, native",EPTD_TIFS2022__native,heterogeneous,2014-06-15_001017,13.71901408341543,859.9435631720211
"EPTD, native",EPTD_TIFS2022__native,heterogeneous,2014-06-15_001018,12.430268075325188,469.56792175653715
"EPTD, native",EPTD_TIFS2022__native,heterogeneous,2014-06-15_001022,1.7748617184135043,121.8846459523374
"EPTD, native",EPTD_TIFS2022__native,heterogeneous,2014-06-15_001029,3.0190452622801445,164.00984391302174
"EPTD, native",EPTD_TIFS2022__native,heterogeneous,2014-06-16_001006,24.725800813974317,838.7452157156598
"EPTD, native",EPTD_TIFS2022__native,heterogeneous,2014-06-16_001007,4.675503602093329,90.04134347734096
"EPTD, native",EPTD_TIFS2022__native,heterogeneous,2014-06-16_001008,10.259006150414649,404.5742879448407
"EPTD, native",EPTD_TIFS2022__native,heterogeneous,2014-06-16_001015,8.500525368318279,800.5485320830405
"EPTD, native",EPTD_TIFS2022__native,heterogeneous,2014-06-16_001017,7.827236129587362,330.3491480381704
"EPTD, native",EPTD_TIFS2022__native,heterogeneous,2014-06-16_001018,0.45853730857893993,527.0761241767202
"EPTD, native",EPTD_TIFS2022__native,heterogeneous,2014-06-16_001022,12.882352620589444,202.4379238456922
"EPTD, native",EPTD_TIFS2022__native,heterogeneous,2014-06-16_001029,4.148146203243584,252.40917886031332
"EPTD, native",EPTD_TIFS2022__native,heterogeneous,2014-06-17_001006,1.0721622148315362,54.999846337812116
"EPTD, native",EPTD_TIFS2022__native,heterogeneous,2014-06-17_001007,11.897835725020478,382.91856451900014
"EPTD, native",EPTD_TIFS2022__native,heterogeneous,2014-06-17_001008,5.197279939123391,107.1948111468376
"EPTD, native",EPTD_TIFS2022__native,heterogeneous,2014-06-17_001015,4.772011542242268,264.05506497152413
"EPTD, native",EPTD_TIFS2022__native,heterogeneous,2014-06-17_001017,11.29074852585049,324.57691099577556
"EPTD, native",EPTD_TIFS2022__native,heterogeneous,2014-06-17_001018,10.452669222489924,208.76746569867214
"EPTD, native",EPTD_TIFS2022__native,heterogeneous,2014-06-17_001022,8.736379020768773,218.485820422692
"EPTD, native",EPTD_TIFS2022__native,heterogeneous,2014-06-17_001029,8.683315216629751,159.93786772006797
"EPTD, native",EPTD_TIFS2022__native,heterogeneous,2014-06-18_001006,2.446447323632867,40.64870873714421
"EPTD, native",EPTD_TIFS2022__native,heterogeneous,2014-06-18_001007,3.1714889155872257,92.53005732486866
"EPTD, native",EPTD_TIFS2022__native,heterogeneous,2014-06-18_001008,1.314625501975037,31.371422815715885
"EPTD, native",EPTD_TIFS2022__native,heterogeneous,2014-06-18_001015,3.184507696797816,76.86983890446237
"EPTD, native",EPTD_TIFS2022__native,heterogeneous,2014-06-18_001017,13.375985265732169,179.17619073624618
"EPTD, native",EPTD_TIFS2022__native,heterogeneous,2014-06-18_001018,9.117386952945125,252.30157649104956
"EPTD, native",EPTD_TIFS2022__native,heterogeneous,2014-06-18_001022,7.148378369069686,168.59543910448158
"EPTD, native",EPTD_TIFS2022__native,heterogeneous,2014-06-18_001029,0.5140214235332365,90.13943393315002
"EPTD, native",EPTD_TIFS2022__native,heterogeneous,2014-06-19_001007,6.749869872394811,118.55379583220059
"EPTD, native",EPTD_TIFS2022__native,heterogeneous,2014-06-19_001008,31.902602630024603,2646.3474123089504
"EPTD, native",EPTD_TIFS2022__native,heterogeneous,2014-06-19_001015,20.38551285866231,684.5625634429019
"EPTD, native",EPTD_TIFS2022__native,heterogeneous,2014-06-19_001017,3.161399263556092,150.2054153879473
"EPTD, native",EPTD_TIFS2022__native,heterogeneous,2014-06-19_001018,26.0082894583378,1183.9274484540076
"EPTD, native",EPTD_TIFS2022__native,heterogeneous,2014-06-19_001022,8.846781580719409,311.1649827225625
"EPTD, native",EPTD_TIFS2022__native,heterogeneous,2014-06-19_001029,7.799739316730822,216.00338511185788
"EPTD, native",EPTD_TIFS2022__native,heterogeneous,2014-06-20_001006,4.1429908011520205,133.0167351684122
"EPTD, native",EPTD_TIFS2022__native,heterogeneous,2014-06-20_001007,1.7545357704588014,18.025432165248045
"EPTD, native",EPTD_TIFS2022__native,heterogeneous,2014-06-20_001008,4.588027180349339,42.63279224720169
"EPTD, native",EPTD_TIFS2022__native,heterogeneous,2014-06-20_001015,2.1039114353519253,41.341491713295284
"EPTD, native",EPTD_TIFS2022__native,heterogeneous,2014-06-20_001017,3.542663993229276,57.811971351203525
"EPTD, native",EPTD_TIFS2022__native,heterogeneous,2014-06-20_001018,6.679169451199073,53.54553561384045
"EPTD, native",EPTD_TIFS2022__native,heterogeneous,2014-06-20_001022,4.264797314798081,78.02033497243072
"EPTD, native",EPTD_TIFS2022__native,heterogeneous,2014-06-20_001029,2.6320507274663942,81.0
"EPTD, native",EPTD_TIFS2022__native,heterogeneous,2014-06-21_001006,3.8486930804838977,114.06511214432767
"EPTD, native",EPTD_TIFS2022__native,heterogeneous,2014-06-21_001007,3.504391627490321,117.32149259504628
"EPTD, native",EPTD_TIFS2022__native,heterogeneous,2014-06-21_001008,12.205370029804044,297.84968602352706
"EPTD, native",EPTD_TIFS2022__native,heterogeneous,2014-06-21_001015,6.4459576398101746,83.12286037322282
"EPTD, native",EPTD_TIFS2022__native,heterogeneous,2014-06-21_001017,5.9371421526974295,88.52994631325721
"EPTD, native",EPTD_TIFS2022__native,heterogeneous,2014-06-21_001022,4.326926039996174,105.15765858754007
"EPTD, native",EPTD_TIFS2022__native,heterogeneous,2014-06-21_001029,11.752863779846194,154.3111493197328
"EPTD, native",EPTD_TIFS2022__native,heterogeneous,2014-06-22_001006,6.022967647914747,95.7836214220847
"EPTD, native",EPTD_TIFS2022__native,heterogeneous,2014-06-22_001007,0.7623797245293744,42.268273069227305
"EPTD, native",EPTD_TIFS2022__native,heterogeneous,2014-06-22_001008,1.4133119600654354,33.68366654478076
"EPTD, native",EPTD_TIFS2022__native,heterogeneous,2014-06-22_001015,4.3901148737022595,103.58545564633029
"EPTD, native",EPTD_TIFS2022__native,heterogeneous,2014-06-22_001017,8.533769795062199,302.51094236437973
"EPTD, native",EPTD_TIFS2022__native,heterogeneous,2014-06-22_001018,7.981721876910711,151.4516832468234
"EPTD, native",EPTD_TIFS2022__native,heterogeneous,2014-06-22_001022,7.655922526652134,82.7292994297614
"EPTD, native",EPTD_TIFS2022__native,heterogeneous,2014-06-22_001029,9.738095344038449,164.8211039609198
"EPTD, native",EPTD_TIFS2022__native,heterogeneous,2014-06-23_001006,3.552976122274785,45.746560112305296
"EPTD, native",EPTD_TIFS2022__native,heterogeneous,2014-06-23_001007,5.554033435340459,159.91439921723426
"EPTD, native",EPTD_TIFS2022__native,heterogeneous,2014-06-23_001008,3.1511756486224094,62.487742533989106
"EPTD, native",EPTD_TIFS2022__native,heterogeneous,2014-06-23_001015,2.8801406461207293,67.84461873081914
"EPTD, native",EPTD_TIFS2022__native,heterogeneous,2014-06-23_001017,5.445408655092445,72.64326671563539
"EPTD, native",EPTD_TIFS2022__native,heterogeneous,2014-06-23_001018,0.08999369707479588,117.30281851479214
"EPTD, native",EPTD_TIFS2022__native,heterogeneous,2014-06-23_001022,4.034251362716175,22.885633130091637
"EPTD, native",EPTD_TIFS2022__native,heterogeneous,2014-06-23_001029,2.6279407518897955,32.66789269087833
"EPTD, native",EPTD_TIFS2022__native,heterogeneous,2014-06-24_001006,3.8107641222369537,67.29427511652365
"EPTD, native",EPTD_TIFS2022__native,heterogeneous,2014-06-24_001007,2.249806026871376,9.0
"EPTD, native",EPTD_TIFS2022__native,heterogeneous,2014-06-24_001008,1.2413189706464252,230.17467531961955
"EPTD, native",EPTD_TIFS2022__native,heterogeneous,2014-06-24_001015,2.897455097953859,164.11829167676316
"EPTD, native",EPTD_TIFS2022__native,heterogeneous,2014-06-24_001017,1.1559844520482159,41.95705745356745
"EPTD, native",EPTD_TIFS2022__native,heterogeneous,2014-06-24_001018,13.5919388328022,360.4638626213957
"EPTD, native",EPTD_TIFS2022__native,heterogeneous,2014-06-24_001022,13.125429395231059,279.04489840394876
"EPTD, native",EPTD_TIFS2022__native,heterogeneous,2014-06-24_001029,1.4234169139658093,44.08852324658414
"EPTD, native",EPTD_TIFS2022__native,heterogeneous,2014-06-25_001006,4.548198852546179,272.80743929102385
"EPTD, native",EPTD_TIFS2022__native,heterogeneous,2014-06-25_001007,17.34501395715168,365.5986714714392
"EPTD, native",EPTD_TIFS2022__native,heterogeneous,2014-06-25_001008,13.313620717855656,197.82993475010514
"EPTD, native",EPTD_TIFS2022__native,heterogeneous,2014-06-25_001015,24.67095363631188,887.8062458967593
"EPTD, native",EPTD_TIFS2022__native,heterogeneous,2014-06-25_001017,0.33883169331933516,249.2633452389996
"EPTD, native",EPTD_TIFS2022__native,heterogeneous,2014-06-25_001022,5.501090091891342,115.68579289334053
"EPTD, native",EPTD_TIFS2022__native,heterogeneous,2014-06-25_001029,10.742332264844364,145.19149417504045
"FETD-AK, native",FETD_AK_AAAI2023__native,exact,2014-05-29_001006,4.971679934813366,155.13378963581027
"FETD-AK, native",FETD_AK_AAAI2023__native,exact,2014-05-29_001007,8.38415437217786,195.06820506524866
"FETD-AK, native",FETD_AK_AAAI2023__native,exact,2014-05-29_001008,4.514487464936444,386.51781629672286
"FETD-AK, native",FETD_AK_AAAI2023__native,exact,2014-05-29_001015,3.6845710321040315,831.1551160216704
"FETD-AK, native",FETD_AK_AAAI2023__native,exact,2014-05-29_001017,15.833434686223413,450.42138538255756
"FETD-AK, native",FETD_AK_AAAI2023__native,exact,2014-05-29_001018,3.3526737923260868,321.4118238943274
"FETD-AK, native",FETD_AK_AAAI2023__native,exact,2014-05-29_001022,3.570868537079008,773.1667237339832
"FETD-AK, native",FETD_AK_AAAI2023__native,exact,2014-05-29_001029,8.8120936221407,77.65299411162218
"FETD-AK, native",FETD_AK_AAAI2023__native,exact,2014-05-30_001006,12.595149493954366,861.0211283621175
"FETD-AK, native",FETD_AK_AAAI2023__native,exact,2014-05-30_001007,7.809024609926027,426.0012953539808
"FETD-AK, native",FETD_AK_AAAI2023__native,exact,2014-05-30_001008,14.95894026574372,761.5890591317444
"FETD-AK, native",FETD_AK_AAAI2023__native,exact,2014-05-30_001015,8.646619228224154,436.6779901931802
"FETD-AK, native",FETD_AK_AAAI2023__native,exact,2014-05-30_001017,2.8041062912102177,617.3477136733583
"FETD-AK, native",FETD_AK_AAAI2023__native,exact,2014-05-30_001018,2.1631580477989445,818.4111046580517
"FETD-AK, native",FETD_AK_AAAI2023__native,exact,2014-05-30_001022,5.881157382820277,490.0652730979004
"FETD-AK, native",FETD_AK_AAAI2023__native,exact,2014-05-30_001029,4.08348841787398,231.04110756150052
"FETD-AK, native",FETD_AK_AAAI2023__native,exact,2014-05-31_001006,4.638355331410409,819.3319155391489
"FETD-AK, native",FETD_AK_AAAI2023__native,exact,2014-05-31_001007,8.330580855080939,517.6858228504864
"FETD-AK, native",FETD_AK_AAAI2023__native,exact,2014-05-31_001008,2.418764409986707,513.7740551304558
"FETD-AK, native",FETD_AK_AAAI2023__native,exact,2014-05-31_001015,9.157330369063033,497.6359439441816
"FETD-AK, native",FETD_AK_AAAI2023__native,exact,2014-05-31_001017,9.133973959797459,2035.7135964555205
"FETD-AK, native",FETD_AK_AAAI2023__native,exact,2014-05-31_001018,7.99213681309314,420.0858981855723
"FETD-AK, native",FETD_AK_AAAI2023__native,exact,2014-05-31_001022,5.219155386481759,521.2999291457239
"FETD-AK, native",FETD_AK_AAAI2023__native,exact,2014-05-31_001029,7.465161877028194,1099.0326513265945
"FETD-AK, native",FETD_AK_AAAI2023__native,exact,2014-06-01_001006,5.713111380167959,118.70678268875757
"FETD-AK, native",FETD_AK_AAAI2023__native,exact,2014-06-01_001007,2.567225785988839,193.0561082102737
"FETD-AK, native",FETD_AK_AAAI2023__native,exact,2014-06-01_001008,2.0605479721488322,399.2585247760417
"FETD-AK, native",FETD_AK_AAAI2023__native,exact,2014-06-01_001015,0.9529403812549759,85.67232229455372
"FETD-AK, native",FETD_AK_AAAI2023__native,exact,2014-06-01_001017,5.011608520247002,250.98227822495897
"FETD-AK, native",FETD_AK_AAAI2023__native,exact,2014-06-01_001018,0.3723276884528559,159.54344805687722
"FETD-AK, native",FETD_AK_AAAI2023__native,exact,2014-06-01_001022,1.3335636405830051,378.17317999630785
"FETD-AK, native",FETD_AK_AAAI2023__native,exact,2014-06-01_001029,3.527206797983041,440.0686017773532
"FETD-AK, native",FETD_AK_AAAI2023__native,exact,2014-06-02_001006,7.545522427249821,270.50366390444793
"FETD-AK, native",FETD_AK_AAAI2023__native,exact,2014-06-02_001007,0.6217424426152043,349.6469958915192
"FETD-AK, native",FETD_AK_AAAI2023__native,exact,2014-06-02_001008,6.446623258864285,522.6913115044911
"FETD-AK, native",FETD_AK_AAAI2023__native,exact,2014-06-02_001015,8.89382563158803,278.2386139114383
"FETD-AK, native",FETD_AK_AAAI2023__native,exact,2014-06-02_001017,7.9960195473420015,468.7067556423016
"FETD-AK, native",FETD_AK_AAAI2023__native,exact,2014-06-02_001018,3.097462461798937,400.49763007635136
"FETD-AK, native",FETD_AK_AAAI2023__native,exact,2014-06-02_001022,4.099878610260031,118.87254012617376
"FETD-AK, native",FETD_AK_AAAI2023__native,exact,2014-06-02_001029,8.645468223549116,191.78245861770895
"FETD-AK, native",FETD_AK_AAAI2023__native,exact,2014-06-03_001006,11.477277265849217,208.75669622789954
"FETD-AK, native",FETD_AK_AAAI2023__native,exact,2014-06-03_001007,3.283789076050631,343.8835745820576
"FETD-AK, native",FETD_AK_AAAI2023__native,exact,2014-06-03_001008,2.0734184050236273,289.3435209286616
"FETD-AK, native",FETD_AK_AAAI2023__native,exact,2014-06-03_001015,6.083767752126164,367.9205017267193
"FETD-AK, native",FETD_AK_AAAI2023__native,exact,2014-06-03_001017,0.6496069757040246,154.91416991213967
"FETD-AK, native",FETD_AK_AAAI2023__native,exact,2014-06-03_001018,1.742816636182333,198.4046715015307
"FETD-AK, native",FETD_AK_AAAI2023__native,exact,2014-06-03_001022,5.3832871927977735,232.75856381079183
"FETD-AK, native",FETD_AK_AAAI2023__native,exact,2014-06-03_001029,2.210662185243862,101.85567300024441
"FETD-AK, native",FETD_AK_AAAI2023__native,exact,2014-06-04_001022,3.014172457909673,236.6104520613908
"FETD-AK, native",FETD_AK_AAAI2023__native,exact,2014-06-05_001006,3.0,9.0
"FETD-AK, native",FETD_AK_AAAI2023__native,exact,2014-06-05_001007,5.559724320582326,507.99978556119686
"FETD-AK, native",FETD_AK_AAAI2023__native,exact,2014-06-05_001008,8.49074180055321,452.33980943698225
"FETD-AK, native",FETD_AK_AAAI2023__native,exact,2014-06-05_001015,0.11170612780566813,564.5585109703237
"FETD-AK, native",FETD_AK_AAAI2023__native,exact,2014-06-05_001017,2.8148975778640164,1028.8972627447274
"FETD-AK, native",FETD_AK_AAAI2023__native,exact,2014-06-05_001018,2.9636745031002363,809.3069182282178
"FETD-AK, native",FETD_AK_AAAI2023__native,exact,2014-06-05_001022,4.087625229241873,615.0575096000639
"FETD-AK, native",FETD_AK_AAAI2023__native,exact,2014-06-05_001029,1.50378121752712,1324.6688894798287
"FETD-AK, native",FETD_AK_AAAI2023__native,exact,2014-06-06_001006,8.038326191635463,91.0384689431069
"FETD-AK, native",FETD_AK_AAAI2023__native,exact,2014-06-06_001007,8.491750979599345,368.38938571854857
"FETD-AK, native",FETD_AK_AAAI2023__native,exact,2014-06-06_001008,13.90870199261748,1557.864653385624
"FETD-AK, native",FETD_AK_AAAI2023__native,exact,2014-06-06_001015,0.6469539625679914,1538.529049405983
"FETD-AK, native",FETD_AK_AAAI2023__native,exact,2014-06-06_001017,0.10707042700559555,2113.8852491426896
"FETD-AK, native",FETD_AK_AAAI2023__native,exact,2014-06-06_001018,10.38914823898827,2951.602966820994
"FETD-AK, native",FETD_AK_AAAI2023__native,exact,2014-06-06_001022,4.690541868128662,662.5701882867799
"FETD-AK, native",FETD_AK_AAAI2023__native,exact,2014-06-06_001029,4.730244719262178,95.34030924419257
"FETD-AK, native",FETD_AK_AAAI2023__native,exact,2014-06-07_001006,6.0,36.0
"FETD-AK, native",FETD_AK_AAAI2023__native,exact,2014-06-07_001007,5.4657389739931155,36.0
"FETD-AK, native",FETD_AK_AAAI2023__native,exact,2014-06-07_001008,10.341059841051905,208.3199392844877
"FETD-AK, native",FETD_AK_AAAI2023__native,exact,2014-06-07_001015,8.373904113948129,256.0
"FETD-AK, native",FETD_AK_AAAI2023__native,exact,2014-06-07_001017,5.393400335282558,155.0913802195558
"FETD-AK, native",FETD_AK_AAAI2023__native,exact,2014-06-07_001018,3.4576867374858047,87.12796676105975
"FETD-AK, native",FETD_AK_AAAI2023__native,exact,2014-06-07_001022,1.7475845855739065,9.0
"FETD-AK, native",FETD_AK_AAAI2023__native,exact,2014-06-07_001029,5.7663861352179815,75.57600469349761
"FETD-AK, native",FETD_AK_AAAI2023__native,exact,2014-06-08_001006,1.9731328164372357,181.72878890459762
"FETD-AK, native",FETD_AK_AAAI2023__native,exact,2014-06-08_001007,0.3742213903327709,381.4874262577117
"FETD-AK, native",FETD_AK_AAAI2023__native,exact,2014-06-08_001008,2.64120422859078,268.6274946899335
"FETD-AK, native",FETD_AK_AAAI2023__native,exact,2014-06-08_001015,4.130963559340529,149.836487163823
"FETD-AK, native",FETD_AK_AAAI2023__native,exact,2014-06-08_001017,3.975243199290972,406.24314640773395
"FETD-AK, native",FETD_AK_AAAI2023__native,exact,2014-06-08_001018,5.740018896882091,204.93548475249824
"FETD-AK, native",FETD_AK_AAAI2023__native,exact,2014-06-08_001022,10.704418850881126,372.1291723033697
"FETD-AK, native",FETD_AK_AAAI2023__native,exact,2014-06-08_001029,6.519148001288672,140.71448532705864
"FETD-AK, native",FETD_AK_AAAI2023__native,exact,2014-06-09_001006,9.637376357348643,773.1816170551573
"FETD-AK, native",FETD_AK_AAAI2023__native,exact,2014-06-09_001007,4.628256746431937,140.97984528699376
"FETD-AK, native",FETD_AK_AAAI2023__native,exact,2014-06-09_001015,6.278942830192747,290.6273318258787
"FETD-AK, native",FETD_AK_AAAI2023__native,exact,2014-06-09_001017,3.738195969590869,244.05251444850768
"FETD-AK, native",FETD_AK_AAAI2023__native,exact,2014-06-09_001018,3.1734975655609077,264.4588424884805
"FETD-AK, native",FETD_AK_AAAI2023__native,exact,2014-06-09_001022,1.8154809852488718,238.00210176451895
"FETD-AK, native",FETD_AK_AAAI2023__native,exact,2014-06-09_001029,10.580529557533414,257.09408309673694
"FETD-AK, native",FETD_AK_AAAI2023__native,exact,2014-06-10_001006,1.7134956404698158,210.5822152837749
"FETD-AK, native",FETD_AK_AAAI2023__native,exact,2014-06-10_001007,11.130755876670293,372.6419881710372
"FETD-AK, native",FETD_AK_AAAI2023__native,exact,2014-06-10_001008,7.214639384664778,331.30162767694225
"FETD-AK, native",FETD_AK_AAAI2023__native,exact,2014-06-10_001015,11.820838140850825,374.387448254625
"FETD-AK, native",FETD_AK_AAAI2023__native,exact,2014-06-10_001017,1.3541096883592587,260.77088732816424
"FETD-AK, native",FETD_AK_AAAI2023__native,exact,2014-06-10_001018,22.039604334080735,485.7441597166614
"FETD-AK, native",FETD_AK_AAAI2023__native,exact,2014-06-10_001022,5.664130534458678,179.08103184542867
"FETD-AK, native",FETD_AK_AAAI2023__native,exact,2014-06-10_001029,3.675882070815163,270.78195889800577
"FETD-AK, native",FETD_AK_AAAI2023__native,exact,2014-06-11_001006,10.192430229587924,150.6959522487832
"FETD-AK, native",FETD_AK_AAAI2023__native,exact,2014-06-11_001007,10.361933051457232,146.6865246536843
"FETD-AK, native",FETD_AK_AAAI2023__native,exact,2014-06-11_001008,2.963736502701998,289.0
"FETD-AK, native",FETD_AK_AAAI2023__native,exact,2014-06-11_001015,8.991244961147224,161.42748638945415
"FETD-AK, native",FETD_AK_AAAI2023__native,exact,2014-06-11_001017,2.668892027542949,325.5991701992694
"FETD-AK, native",FETD_AK_AAAI2023__native,exact,2014-06-11_001018,1.9661465507083786,54.68955633178999
"FETD-AK, native",FETD_AK_AAAI2023__native,exact,2014-06-11_001022,9.905889272552503,169.0
"FETD-AK, native",FETD_AK_AAAI2023__native,exact,2014-06-11_001029,4.568174445798755,196.0
"FETD-AK, native",FETD_AK_AAAI2023__native,exact,2014-06-12_001006,2.15574704427074,327.0905719179356
"FETD-AK, native",FETD_AK_AAAI2023__native,exact,2014-06-12_001007,1.0546987295202932,106.38839200286068
"FETD-AK, native",FETD_AK_AAAI2023__native,exact,2014-06-12_001008,0.9230646425185078,152.69633962227627
"FETD-AK, native",FETD_AK_AAAI2023__native,exact,2014-06-12_001015,10.875451243887252,331.17130114668464
"FETD-AK, native",FETD_AK_AAAI2023__native,exact,2014-06-12_001017,5.66318986188211,102.5917532255218
"FETD-AK, native",FETD_AK_AAAI2023__native,exact,2014-06-12_001018,6.03802571708907,77.59564203618501
"FETD-AK, native",FETD_AK_AAAI2023__native,exact,2014-06-12_001022,2.388106470022972,160.05826212019488
"FETD-AK, native",FETD_AK_AAAI2023__native,exact,2014-06-12_001029,6.79552257660832,444.8882430690869
"FETD-AK, native",FETD_AK_AAAI2023__native,exact,2014-06-13_001006,4.231880035114763,577.6149631664324
"FETD-AK, native",FETD_AK_AAAI2023__native,exact,2014-06-13_001007,3.42289391060131,288.06820181177835
"FETD-AK, native",FETD_AK_AAAI2023__native,exact,2014-06-13_001008,5.413438137059472,178.53880471846554
"FETD-AK, native",FETD_AK_AAAI2023__native,exact,2014-06-13_001015,3.6288350725642147,181.18992933535193
"FETD-AK, native",FETD_AK_AAAI2023__native,exact,2014-06-13_001017,3.044845317828269,371.71030927249154
"FETD-AK, native",FETD_AK_AAAI2023__native,exact,2014-06-13_001018,3.5846008527613904,332.3500304849194
"FETD-AK, native",FETD_AK_AAAI2023__native,exact,2014-06-13_001022,1.8033267364566576,257.5119392818187
"FETD-AK, native",FETD_AK_AAAI2023__native,exact,2014-06-13_001029,5.666985756295617,301.84971676007433
"FETD-AK, native",FETD_AK_AAAI2023__native,exact,2014-06-14_001006,1.1818942075611147,163.10224961081022
"FETD-AK, native",FETD_AK_AAAI2023__native,exact,2014-06-14_001007,3.0598740733987917,261.4945037819752
"FETD-AK, native",FETD_AK_AAAI2023__native,exact,2014-06-14_001008,5.865007172821905,231.1619652034336
"FETD-AK, native",FETD_AK_AAAI2023__native,exact,2014-06-14_001015,4.518004988991542,198.09195691952212
"FETD-AK, native",FETD_AK_AAAI2023__native,exact,2014-06-14_001017,1.1047167268093183,258.25087857216084
"FETD-AK, native",FETD_AK_AAAI2023__native,exact,2014-06-14_001018,2.542076387896529,127.78866981720972
"FETD-AK, native",FETD_AK_AAAI2023__native,exact,2014-06-14_001022,1.185386154491308,115.69145281817894
"FETD-AK, native",FETD_AK_AAAI2023__native,exact,2014-06-14_001029,2.416705988983221,185.20220256230672
"FETD-AK, native",FETD_AK_AAAI2023__native,exact,2014-06-15_001006,2.0390202236830675,1196.3982302744166
"FETD-AK, native",FETD_AK_AAAI2023__native,exact,2014-06-15_001007,3.886527790323669,1332.359762202552
"FETD-AK, native",FETD_AK_AAAI2023__native,exact,2014-06-15_001008,8.889199405863906,1578.5829131897526
"FETD-AK, native",FETD_AK_AAAI2023__native,exact,2014-06-15_001015,15.28180495841056,2153.895317065799
"FETD-AK, native",FETD_AK_AAAI2023__native,exact,2014-06-15_001017,9.095473569115597,1916.8447244618346
"FETD-AK, native",FETD_AK_AAAI2023__native,exact,2014-06-15_001018,5.798524500652221,1321.0596932112774
"FETD-AK, native",FETD_AK_AAAI2023__native,exact,2014-06-15_001022,7.156054160627505,1500.6929144364683
"FETD-AK, native",FETD_AK_AAAI2023__native,exact,2014-06-15_001029,2.067624315606679,1485.2329065193662
"FETD-AK, native",FETD_AK_AAAI2023__native,exact,2014-06-16_001006,18.449852064509173,916.6146231966104
"FETD-AK, native",FETD_AK_AAAI2023__native,exact,2014-06-16_001007,4.178505348827002,1695.9622487993747
"FETD-AK, native",FETD_AK_AAAI2023__native,exact,2014-06-16_001008,2.111994260448114,2818.6419785619437
"FETD-AK, native",FETD_AK_AAAI2023__native,exact,2014-06-16_001015,10.718118949019242,3238.04468003958
"FETD-AK, native",FETD_AK_AAAI2023__native,exact,2014-06-16_001017,9.0480401019922,2685.204852913372
"FETD-AK, native",FETD_AK_AAAI2023__native,exact,2014-06-16_001018,0.5543767117229095,2073.255322278981
"FETD-AK, native",FETD_AK_AAAI2023__native,exact,2014-06-16_001022,2.766376816167991,1369.6778682936426
"FETD-AK, native",FETD_AK_AAAI2023__native,exact,2014-06-16_001029,4.545076625663569,350.8964950257604
"FETD-AK, native",FETD_AK_AAAI2023__native,exact,2014-06-17_001006,2.0572230611564493,1241.3068293861324
"FETD-AK, native",FETD_AK_AAAI2023__native,exact,2014-06-17_001007,2.6195297808515505,966.2707239156862
"FETD-AK, native",FETD_AK_AAAI2023__native,exact,2014-06-17_001008,6.926286088230505,214.8666461058501
"FETD-AK, native",FETD_AK_AAAI2023__native,exact,2014-06-17_001015,2.272041235258669,831.2151457100031
"FETD-AK, native",FETD_AK_AAAI2023__native,exact,2014-06-17_001017,1.1160523022085442,445.28912414297787
"FETD-AK, native",FETD_AK_AAAI2023__native,exact,2014-06-17_001018,11.559002514797662,274.200564146866
"FETD-AK, native",FETD_AK_AAAI2023__native,exact,2014-06-17_001022,2.4037772395309815,424.70322518155393
"FETD-AK, native",FETD_AK_AAAI2023__native,exact,2014-06-17_001029,9.004859820441546,143.58339686126834
"FETD-AK, native",FETD_AK_AAAI2023__native,exact,2014-06-18_001006,2.8427956687003118,373.2313912916577
"FETD-AK, native",FETD_AK_AAAI2023__native,exact,2014-06-18_001007,5.086698010465774,434.8483629639941
"FETD-AK, native",FETD_AK_AAAI2023__native,exact,2014-06-18_001008,1.6717923604491034,377.0912964137075
"FETD-AK, native",FETD_AK_AAAI2023__native,exact,2014-06-18_001015,3.6208844330995476,506.7401910352517
"FETD-AK, native",FETD_AK_AAAI2023__native,exact,2014-06-18_001017,12.495600459979116,872.2914941644331
"FETD-AK, native",FETD_AK_AAAI2023__native,exact,2014-06-18_001018,11.300595495159818,360.3664018701184
"FETD-AK, native",FETD_AK_AAAI2023__native,exact,2014-06-18_001022,10.328256544231685,309.9243948230452
"FETD-AK, native",FETD_AK_AAAI2023__native,exact,2014-06-18_001029,1.774602918425792,229.0590983750182
"FETD-AK, native",FETD_AK_AAAI2023__native,exact,2014-06-19_001007,5.225296582329918,2948.7117589219893
"FETD-AK, native",FETD_AK_AAAI2023__native,exact,2014-06-19_001008,28.05819422404943,4767.58702284455
"FETD-AK, native",FETD_AK_AAAI2023__native,exact,2014-06-19_001015,15.350050621676445,1384.2792326265346
"FETD-AK, native",FETD_AK_AAAI2023__native,exact,2014-06-19_001017,1.0568386345801173,2857.2973973382805
"FETD-AK, native",FETD_AK_AAAI2023__native,exact,2014-06-19_001018,30.23333806480281,2665.4968365791715
"FETD-AK, native",FETD_AK_AAAI2023__native,exact,2014-06-19_001022,5.045967816729529,2275.2775518622116
"FETD-AK, native",FETD_AK_AAAI2023__native,exact,2014-06-19_001029,4.245138772773899,530.2849110533398
"FETD-AK, native",FETD_AK_AAAI2023__native,exact,2014-06-20_001006,0.06898302429776493,233.95354612544705
"FETD-AK, native",FETD_AK_AAAI2023__native,exact,2014-06-20_001007,1.6486862141105902,46.0213022441496
"FETD-AK, native",FETD_AK_AAAI2023__native,exact,2014-06-20_001008,5.398264148432727,563.1777151770922
"FETD-AK, native",FETD_AK_AAAI2023__native,exact,2014-06-20_001015,3.04059007764506,564.0004189154215
"FETD-AK, native",FETD_AK_AAAI2023__native,exact,2014-06-20_001017,2.4357664523963507,196.05627174235764
"FETD-AK, native",FETD_AK_AAAI2023__native,exact,2014-06-20_001018,6.1721270087790785,130.33148718294396
"FETD-AK, native",FETD_AK_AAAI2023__native,exact,2014-06-20_001022,6.370211795004284,354.6490085653098
"FETD-AK, native",FETD_AK_AAAI2023__native,exact,2014-06-20_001029,3.995025641354313,134.72389651713834
"FETD-AK, native",FETD_AK_AAAI2023__native,exact,2014-06-21_001006,1.4884393288542412,328.3856368363977
"FETD-AK, native",FETD_AK_AAAI2023__native,exact,2014-06-21_001007,3.4330532726210805,777.6197114551529
"FETD-AK, native",FETD_AK_AAAI2023__native,exact,2014-06-21_001008,0.07526310102926459,455.6731909886795
"FETD-AK, native",FETD_AK_AAAI2023__native,exact,2014-06-21_001015,4.637256964852412,307.1519828844169
"FETD-AK, native",FETD_AK_AAAI2023__native,exact,2014-06-21_001017,5.600946450994822,278.3380455898176
"FETD-AK, native",FETD_AK_AAAI2023__native,exact,2014-06-21_001022,4.70098182156368,254.13905845679028
"FETD-AK, native",FETD_AK_AAAI2023__native,exact,2014-06-21_001029,4.729764070895882,764.0789209123345
"FETD-AK, native",FETD_AK_AAAI2023__native,exact,2014-06-22_001006,5.614670059091232,183.87720190712943
"FETD-AK, native",FETD_AK_AAAI2023__native,exact,2014-06-22_001007,2.4081499269752698,198.67079411462944
"FETD-AK, native",FETD_AK_AAAI2023__native,exact,2014-06-22_001008,1.0172432303883383,555.3070261275118
"FETD-AK, native",FETD_AK_AAAI2023__native,exact,2014-06-22_001015,2.655713433954965,340.8059861009114
"FETD-AK, native",FETD_AK_AAAI2023__native,exact,2014-06-22_001017,4.68099395514642,411.9030702725215
"FETD-AK, native",FETD_AK_AAAI2023__native,exact,2014-06-22_001018,9.32285250242883,415.53041995510046
"FETD-AK, native",FETD_AK_AAAI2023__native,exact,2014-06-22_001022,7.654706042261779,83.48306534145159
"FETD-AK, native",FETD_AK_AAAI2023__native,exact,2014-06-22_001029,4.713777052431791,182.7418806542442
"FETD-AK, native",FETD_AK_AAAI2023__native,exact,2014-06-23_001006,3.579102494976482,196.0
"FETD-AK, native",FETD_AK_AAAI2023__native,exact,2014-06-23_001007,6.303996283864608,289.0
"FETD-AK, native",FETD_AK_AAAI2023__native,exact,2014-06-23_001008,0.5157652431049939,174.10868318213056
"FETD-AK, native",FETD_AK_AAAI2023__native,exact,2014-06-23_001015,3.1614254744785057,142.92616003594546
"FETD-AK, native",FETD_AK_AAAI2023__native,exact,2014-06-23_001017,2.2911161407385876,132.20161117583976
"FETD-AK, native",FETD_AK_AAAI2023__native,exact,2014-06-23_001018,0.010688853157724054,170.08373995430134
"FETD-AK, native",FETD_AK_AAAI2023__native,exact,2014-06-23_001022,6.076088518756871,42.39787593982402
"FETD-AK, native",FETD_AK_AAAI2023__native,exact,2014-06-23_001029,2.9161598594401568,128.6374431002062
"FETD-AK, native",FETD_AK_AAAI2023__native,exact,2014-06-24_001006,6.824462907703811,171.48673537955904
"FETD-AK, native",FETD_AK_AAAI2023__native,exact,2014-06-24_001007,3.0,9.0
"FETD-AK, native",FETD_AK_AAAI2023__native,exact,2014-06-24_001008,5.954500254197768,254.3118037230675
"FETD-AK, native",FETD_AK_AAAI2023__native,exact,2014-06-24_001015,3.2269707607604303,350.58547811822297
"FETD-AK, native",FETD_AK_AAAI2023__native,exact,2014-06-24_001017,1.2391165013936174,415.68903759895323
"FETD-AK, native",FETD_AK_AAAI2023__native,exact,2014-06-24_001018,6.381531280511041,676.0256123906953
"FETD-AK, native",FETD_AK_AAAI2023__native,exact,2014-06-24_001022,9.124716180165777,272.69528906780573
"FETD-AK, native",FETD_AK_AAAI2023__native,exact,2014-06-24_001029,1.762478113529859,73.30977590401892
"FETD-AK, native",FETD_AK_AAAI2023__native,exact,2014-06-25_001006,7.067761584754379,768.8805471962112
"FETD-AK, native",FETD_AK_AAAI2023__native,exact,2014-06-25_001007,17.136112077215046,665.1867767203273
"FETD-AK, native",FETD_AK_AAAI2023__native,exact,2014-06-25_001008,8.63755009710718,481.85324699075596
"FETD-AK, native",FETD_AK_AAAI2023__native,exact,2014-06-25_001015,12.286582757777168,1256.4997131631887
"FETD-AK, native",FETD_AK_AAAI2023__native,exact,2014-06-25_001017,3.412408276169984,499.09388978801326
"FETD-AK, native",FETD_AK_AAAI2023__native,exact,2014-06-25_001022,4.178645565773635,269.4944741778534
"FETD-AK, native",FETD_AK_AAAI2023__native,exact,2014-06-25_001029,2.239433083538728,422.245233281786
"FETD-AK, native",FETD_AK_AAAI2023__native,heterogeneous,2014-05-29_001006,5.133963281033353,137.77445895565734
"FETD-AK, native",FETD_AK_AAAI2023__native,heterogeneous,2014-05-29_001007,8.384154375723242,215.92987690060252
"FETD-AK, native",FETD_AK_AAAI2023__native,heterogeneous,2014-05-29_001008,4.514487475934182,174.43714495273164
"FETD-AK, native",FETD_AK_AAAI2023__native,heterogeneous,2014-05-29_001015,3.39688661751363,831.1551161480616
"FETD-AK, native",FETD_AK_AAAI2023__native,heterogeneous,2014-05-29_001017,15.83343468734408,588.3613144976605
"FETD-AK, native",FETD_AK_AAAI2023__native,heterogeneous,2014-05-29_001018,4.03734560204046,416.0504309674756
"FETD-AK, native",FETD_AK_AAAI2023__native,heterogeneous,2014-05-29_001022,1.6183938832466467,773.1667237319638
"FETD-AK, native",FETD_AK_AAAI2023__native,heterogeneous,2014-05-29_001029,8.812093548956554,77.65299271556171
"FETD-AK, native",FETD_AK_AAAI2023__native,heterogeneous,2014-05-30_001006,12.595149495572329,856.8211609564217
"FETD-AK, native",FETD_AK_AAAI2023__native,heterogeneous,2014-05-30_001007,7.809024610311269,284.31542421231933
"FETD-AK, native",FETD_AK_AAAI2023__native,heterogeneous,2014-05-30_001008,18.99595506668112,510.7868231063493
"FETD-AK, native",FETD_AK_AAAI2023__native,heterogeneous,2014-05-30_001015,8.646619231543,436.67799017761587
"FETD-AK, native",FETD_AK_AAAI2023__native,heterogeneous,2014-05-30_001017,2.1077818402427795,161.38175816654552
"FETD-AK, native",FETD_AK_AAAI2023__native,heterogeneous,2014-05-30_001018,2.163158049535454,564.4500646845397
"FETD-AK, native",FETD_AK_AAAI2023__native,heterogeneous,2014-05-30_001022,5.8811573830076895,526.6936856828132
"FETD-AK, native",FETD_AK_AAAI2023__native,heterogeneous,2014-05-30_001029,0.5339859697194527,231.04110755324305
"FETD-AK, native",FETD_AK_AAAI2023__native,heterogeneous,2014-05-31_001006,4.6383553304939795,819.3319155161078
"FETD-AK, native",FETD_AK_AAAI2023__native,heterogeneous,2014-05-31_001007,8.330580855013011,482.6643585790124
"FETD-AK, native",FETD_AK_AAAI2023__native,heterogeneous,2014-05-31_001008,2.4187644092788645,513.7740550511281
"FETD-AK, native",FETD_AK_AAAI2023__native,heterogeneous,2014-05-31_001015,9.157330369099512,371.10083532800263
"FETD-AK, native",FETD_AK_AAAI2023__native,heterogeneous,2014-05-31_001017,9.133973959616583,1391.9144341217202
"FETD-AK, native",FETD_AK_AAAI2023__native,heterogeneous,2014-05-31_001018,7.9921368119702265,372.7093504113994
"FETD-AK, native",FETD_AK_AAAI2023__native,heterogeneous,2014-05-31_001022,3.155057152239067,521.299929088555
"FETD-AK, native",FETD_AK_AAAI2023__native,heterogeneous,2014-05-31_001029,7.465161876060307,1099.0326513153525
"FETD-AK, native",FETD_AK_AAAI2023__native,heterogeneous,2014-06-01_001006,5.713111378962324,173.49532085738952
"FETD-AK, native",FETD_AK_AAAI2023__native,heterogeneous,2014-06-01_001007,3.3081354915744825,138.09305781420585
"FETD-AK, native",FETD_AK_AAAI2023__native,heterogeneous,2014-06-01_001008,4.16308258498519,193.4985224790602
"FETD-AK, native",FETD_AK_AAAI2023__native,heterogeneous,2014-06-01_001015,0.9529403814167665,187.94164896062796
"FETD-AK, native",FETD_AK_AAAI2023__native,heterogeneous,2014-06-01_001017,3.358655938854355,205.82172004576628
"FETD-AK, native",FETD_AK_AAAI2023__native,heterogeneous,2014-06-01_001018,0.5800092777643613,159.54344805890503
"FETD-AK, native",FETD_AK_AAAI2023__native,heterogeneous,2014-06-01_001022,1.3335636405983458,378.17317988193906
"FETD-AK, native",FETD_AK_AAAI2023__native,heterogeneous,2014-06-01_001029,11.849418274968002,385.98877382791255
"FETD-AK, native",FETD_AK_AAAI2023__native,heterogeneous,2014-06-02_001006,8.840625257610732,281.140066486517
"FETD-AK, native",FETD_AK_AAAI2023__native,heterogeneous,2014-06-02_001007,0.3721939900832716,113.64256054295248
"FETD-AK, native",FETD_AK_AAAI2023__native,heterogeneous,2014-06-02_001008,1.0665616766566544,120.08533004372539
"FETD-AK, native",FETD_AK_AAAI2023__native,heterogeneous,2014-06-02_001015,10.088742182318164,151.0441051039379
"FETD-AK, native",FETD_AK_AAAI2023__native,heterogeneous,2014-06-02_001017,2.918090404524655,392.10961454736344
"FETD-AK, native",FETD_AK_AAAI2023__native,heterogeneous,2014-06-02_001018,4.58846537090853,185.1965726186019
"FETD-AK, native",FETD_AK_AAAI2023__native,heterogeneous,2014-06-02_001022,3.524392078652035,252.2902034106957
"FETD-AK, native",FETD_AK_AAAI2023__native,heterogeneous,2014-06-02_001029,3.066072291793013,191.7824586054001
"FETD-AK, native",FETD_AK_AAAI2023__native,heterogeneous,2014-06-03_001006,10.733793375172269,208.75669621488802
"FETD-AK, native",FETD_AK_AAAI2023__native,heterogeneous,2014-06-03_001007,0.607095214240978,378.067461926644
"FETD-AK, native",FETD_AK_AAAI2023__native,heterogeneous,2014-06-03_001008,2.073418405018433,289.3435208975091
"FETD-AK, native",FETD_AK_AAAI2023__native,heterogeneous,2014-06-03_001015,8.392086414577463,234.78495694054516
"FETD-AK, native",FETD_AK_AAAI2023__native,heterogeneous,2014-06-03_001017,0.6496069692691151,243.92279606261533
"FETD-AK, native",FETD_AK_AAAI2023__native,heterogeneous,2014-06-03_001018,5.330662387813582,167.95778825932499
"FETD-AK, native",FETD_AK_AAAI2023__native,heterogeneous,2014-06-03_001022,5.38328720355365,630.4582170840575
"FETD-AK, native",FETD_AK_AAAI2023__native,heterogeneous,2014-06-03_001029,2.2106621822106405,162.43174475029483
"FETD-AK, native",FETD_AK_AAAI2023__native,heterogeneous,2014-06-04_001022,3.014172457909673,236.6104520613908
"FETD-AK, native",FETD_AK_AAAI2023__native,heterogeneous,2014-06-05_001006,3.0,9.0
"FETD-AK, native",FETD_AK_AAAI2023__native,heterogeneous,2014-06-05_001007,4.726353092883329,476.8100933401606
"FETD-AK, native",FETD_AK_AAAI2023__native,heterogeneous,2014-06-05_001008,8.490741797929758,235.1366349262613
"FETD-AK, native",FETD_AK_AAAI2023__native,heterogeneous,2014-06-05_001015,0.5763226952570406,564.5585109303669
"FETD-AK, native",FETD_AK_AAAI2023__native,heterogeneous,2014-06-05_001017,2.8148974772170448,249.54783192841063
"FETD-AK, native",FETD_AK_AAAI2023__native,heterogeneous,2014-06-05_001018,2.9636745028206093,255.6883992946201
"FETD-AK, native",FETD_AK_AAAI2023__native,heterogeneous,2014-06-05_001022,2.9253857497505678,392.3744547480238
"FETD-AK, native",FETD_AK_AAAI2023__native,heterogeneous,2014-06-05_001029,1.5037812139922835,192.59652795738668
"FETD-AK, native",FETD_AK_AAAI2023__native,heterogeneous,2014-06-06_001006,8.038326183720642,85.33320089881528
"FETD-AK, native",FETD_AK_AAAI2023__native,heterogeneous,2014-06-06_001007,7.275006427743193,185.0944224482359
"FETD-AK, native",FETD_AK_AAAI2023__native,heterogeneous,2014-06-06_001008,13.908701993718353,634.455235351873
"FETD-AK, native",FETD_AK_AAAI2023__native,heterogeneous,2014-06-06_001015,0.6469539562355493,827.0471089415433
"FETD-AK, native",FETD_AK_AAAI2023__native,heterogeneous,2014-06-06_001017,0.10707042719909055,930.7533406464714
"FETD-AK, native",FETD_AK_AAAI2023__native,heterogeneous,2014-06-06_001018,10.389148238748106,2342.8075485393924
"FETD-AK, native",FETD_AK_AAAI2023__native,heterogeneous,2014-06-06_001022,2.672875229471259,294.0279581681437
"FETD-AK, native",FETD_AK_AAAI2023__native,heterogeneous,2014-06-06_001029,4.730244714496255,95.34030919696815
"FETD-AK, native",FETD_AK_AAAI2023__native,heterogeneous,2014-06-07_001006,5.57911463100706,36.0
"FETD-AK, native",FETD_AK_AAAI2023__native,heterogeneous,2014-06-07_001007,2.0341885631433376,36.0
"FETD-AK, native",FETD_AK_AAAI2023__native,heterogeneous,2014-06-07_001008,6.784865879790786,271.57092833919575
"FETD-AK, native",FETD_AK_AAAI2023__native,heterogeneous,2014-06-07_001015,7.007437468263079,256.0
"FETD-AK, native",FETD_AK_AAAI2023__native,heterogeneous,2014-06-07_001017,4.304907924465379,155.09138023625204
"FETD-AK, native",FETD_AK_AAAI2023__native,heterogeneous,2014-06-07_001018,4.951686227941895,116.88272160380305
"FETD-AK, native",FETD_AK_AAAI2023__native,heterogeneous,2014-06-07_001022,1.578478271035099,9.0
"FETD-AK, native",FETD_AK_AAAI2023__native,heterogeneous,2014-06-07_001029,5.7663861353671315,49.0
"FETD-AK, native",FETD_AK_AAAI2023__native,heterogeneous,2014-06-08_001006,1.9731328164372357,181.72878890459762
"FETD-AK, native",FETD_AK_AAAI2023__native,heterogeneous,2014-06-08_001007,0.3742213903327709,381.48742625815646
"FETD-AK, native",FETD_AK_AAAI2023__native,heterogeneous,2014-06-08_001008,2.64120422859078,268.6274946899335
"FETD-AK, native",FETD_AK_AAAI2023__native,heterogeneous,2014-06-08_001015,4.130963559340529,149.836487163823
"FETD-AK, native",FETD_AK_AAAI2023__native,heterogeneous,2014-06-08_001017,3.975243199290972,406.24314640773395
"FETD-AK, native",FETD_AK_AAAI2023__native,heterogeneous,2014-06-08_001018,5.740018896882091,205.04237972876504
"FETD-AK, native",FETD_AK_AAAI2023__native,heterogeneous,2014-06-08_001022,10.704418850881126,372.1291723033697
"FETD-AK, native",FETD_AK_AAAI2023__native,heterogeneous,2014-06-08_001029,6.519148001288672,140.71448532705864
"FETD-AK, native",FETD_AK_AAAI2023__native,heterogeneous,2014-06-09_001006,9.637376359799347,770.5885347158621
"FETD-AK, native",FETD_AK_AAAI2023__native,heterogeneous,2014-06-09_001007,8.607939733717544,140.9798452938593
"FETD-AK, native",FETD_AK_AAAI2023__native,heterogeneous,2014-06-09_001015,6.278942834266097,245.00429040238384
"FETD-AK, native",FETD_AK_AAAI2023__native,heterogeneous,2014-06-09_001017,3.738195969679758,228.66949443257934
"FETD-AK, native",FETD_AK_AAAI2023__native,heterogeneous,2014-06-09_001018,4.083010355386648,427.6132650922533
"FETD-AK, native",FETD_AK_AAAI2023__native,heterogeneous,2014-06-09_001022,1.5812445404245032,260.50986033792924
"FETD-AK, native",FETD_AK_AAAI2023__native,heterogeneous,2014-06-09_001029,5.000332957370375,202.10258735605808
"FETD-AK, native",FETD_AK_AAAI2023__native,heterogeneous,2014-06-10_001006,1.7134956404698158,229.19005138958767
"FETD-AK, native",FETD_AK_AAAI2023__native,heterogeneous,2014-06-10_001007,11.130755876670293,372.64198818088
"FETD-AK, native",FETD_AK_AAAI2023__native,heterogeneous,2014-06-10_001008,7.214639384664778,331.30162767694225
"FETD-AK, native",FETD_AK_AAAI2023__native,heterogeneous,2014-06-10_001015,11.820838140850825,374.387448254625
"FETD-AK, native",FETD_AK_AAAI2023__native,heterogeneous,2014-06-10_001017,1.3541096883592587,259.97954390670094
"FETD-AK, native",FETD_AK_AAAI2023__native,heterogeneous,2014-06-10_001018,22.039604334080735,485.7441597166614
"FETD-AK, native",FETD_AK_AAAI2023__native,heterogeneous,2014-06-10_001022,5.664130534458678,179.08103184542867
"FETD-AK, native",FETD_AK_AAAI2023__native,heterogeneous,2014-06-10_001029,3.675882070815163,270.78195889800577
"FETD-AK, native",FETD_AK_AAAI2023__native,heterogeneous,2014-06-11_001006,7.542858664822784,146.9085999384904
"FETD-AK, native",FETD_AK_AAAI2023__native,heterogeneous,2014-06-11_001007,7.238280178630532,198.76349546196843
"FETD-AK, native",FETD_AK_AAAI2023__native,heterogeneous,2014-06-11_001008,3.8801832633551925,289.0
"FETD-AK, native",FETD_AK_AAAI2023__native,heterogeneous,2014-06-11_001015,5.969736418377082,164.6785428668399
"FETD-AK, native",FETD_AK_AAAI2023__native,heterogeneous,2014-06-11_001017,2.8357738340001823,94.84653773326932
"FETD-AK, native",FETD_AK_AAAI2023__native,heterogeneous,2014-06-11_001018,1.960058340497845,49.958120536346
"FETD-AK, native",FETD_AK_AAAI2023__native,heterogeneous,2014-06-11_001022,8.399550431616488,169.0
"FETD-AK, native",FETD_AK_AAAI2023__native,heterogeneous,2014-06-11_001029,7.40732539260635,196.0
"FETD-AK, native",FETD_AK_AAAI2023__native,heterogeneous,2014-06-12_001006,0.02077054847314841,327.09057187610375
"FETD-AK, native",FETD_AK_AAAI2023__native,heterogeneous,2014-06-12_001007,0.5304754345860907,144.78361247767648
"FETD-AK, native",FETD_AK_AAAI2023__native,heterogeneous,2014-06-12_001008,0.9230646427461053,278.9986585880092
"FETD-AK, native",FETD_AK_AAAI2023__native,heterogeneous,2014-06-12_001015,13.463274372370009,304.7615625915989
"FETD-AK, native",FETD_AK_AAAI2023__native,heterogeneous,2014-06-12_001017,5.663189858792009,110.07831465500686
"FETD-AK, native",FETD_AK_AAAI2023__native,heterogeneous,2014-06-12_001018,4.644169165515031,146.20783742967217
"FETD-AK, native",FETD_AK_AAAI2023__native,heterogeneous,2014-06-12_001022,2.388106468989843,198.6944746213129
"FETD-AK, native",FETD_AK_AAAI2023__native,heterogeneous,2014-06-12_001029,8.253519598229566,518.6493986231551
"FETD-AK, native",FETD_AK_AAAI2023__native,heterogeneous,2014-06-13_001006,1.3960325024628162,395.11995500034175
"FETD-AK, native",FETD_AK_AAAI2023__native,heterogeneous,2014-06-13_001007,3.8765034407679764,288.06820174495476
"FETD-AK, native",FETD_AK_AAAI2023__native,heterogeneous,2014-06-13_001008,1.1772759135098951,166.02644904264346
"FETD-AK, native",FETD_AK_AAAI2023__native,heterogeneous,2014-06-13_001015,3.628835084389415,209.5910580198919
"FETD-AK, native",FETD_AK_AAAI2023__native,heterogeneous,2014-06-13_001017,3.044845316595911,225.00773603438856
"FETD-AK, native",FETD_AK_AAAI2023__native,heterogeneous,2014-06-13_001018,4.103879326028434,203.5906594703611
"FETD-AK, native",FETD_AK_AAAI2023__native,heterogeneous,2014-06-13_001022,2.61816144561492,267.1311415185902
"FETD-AK, native",FETD_AK_AAAI2023__native,heterogeneous,2014-06-13_001029,5.666985754437121,301.8497166874936
"FETD-AK, native",FETD_AK_AAAI2023__native,heterogeneous,2014-06-14_001006,1.1818942069244471,163.10224955201824
"FETD-AK, native",FETD_AK_AAAI2023__native,heterogeneous,2014-06-14_001007,3.0598740602667185,210.40314359636184
"FETD-AK, native",FETD_AK_AAAI2023__native,heterogeneous,2014-06-14_001008,6.1277627049790375,190.89879103318955
"FETD-AK, native",FETD_AK_AAAI2023__native,heterogeneous,2014-06-14_001015,4.577617575622185,198.0919568732962
"FETD-AK, native",FETD_AK_AAAI2023__native,heterogeneous,2014-06-14_001017,1.1047167267884959,258.25087854937465
"FETD-AK, native",FETD_AK_AAAI2023__native,heterogeneous,2014-06-14_001018,4.238064914861404,138.09727520548282
"FETD-AK, native",FETD_AK_AAAI2023__native,heterogeneous,2014-06-14_001022,1.974480749591617,106.73724051051025
"FETD-AK, native",FETD_AK_AAAI2023__native,heterogeneous,2014-06-14_001029,2.4167059889973963,78.92647027097998
"FETD-AK, native",FETD_AK_AAAI2023__native,heterogeneous,2014-06-15_001006,2.039020223435017,1196.3982303733437
"FETD-AK, native",FETD_AK_AAAI2023__native,heterogeneous,2014-06-15_001007,3.8865277868094097,1332.3597621876586
"FETD-AK, native",FETD_AK_AAAI2023__native,heterogeneous,2014-06-15_001008,8.889199401052423,1578.5829131756711
"FETD-AK, native",FETD_AK_AAAI2023__native,heterogeneous,2014-06-15_001015,15.281804957699919,2153.895317013636
"FETD-AK, native",FETD_AK_AAAI2023__native,heterogeneous,2014-06-15_001017,9.095473570332715,1916.844724449131
"FETD-AK, native",FETD_AK_AAAI2023__native,heterogeneous,2014-06-15_001018,5.155795269303354,1286.0613988820269
"FETD-AK, native",FETD_AK_AAAI2023__native,heterogeneous,2014-06-15_001022,7.156054160710283,1500.6929144039655
"FETD-AK, native",FETD_AK_AAAI2023__native,heterogeneous,2014-06-15_001029,0.07077841500179716,1485.232906507497
"FETD-AK, native",FETD_AK_AAAI2023__native,heterogeneous,2014-06-16_001006,15.53154512440733,1030.179038746137
"FETD-AK, native",FETD_AK_AAAI2023__native,heterogeneous,2014-06-16_001007,2.8010026278727764,1695.9622487965235
"FETD-AK, native",FETD_AK_AAAI2023__native,heterogeneous,2014-06-16_001008,2.1119942605345727,2349.034081037627
"FETD-AK, native",FETD_AK_AAAI2023__native,heterogeneous,2014-06-16_001015,10.718118949021743,2982.257012943896
"FETD-AK, native",FETD_AK_AAAI2023__native,heterogeneous,2014-06-16_001017,14.927714566491574,2685.2048529860936
"FETD-AK, native",FETD_AK_AAAI2023__native,heterogeneous,2014-06-16_001018,0.5543767116702725,1696.498621451049
"FETD-AK, native",FETD_AK_AAAI2023__native,heterogeneous,2014-06-16_001022,2.766376816507176,1198.6642517753967
"FETD-AK, native",FETD_AK_AAAI2023__native,heterogeneous,2014-06-16_001029,0.8575095360567389,350.8964950258841
"FETD-AK, native",FETD_AK_AAAI2023__native,heterogeneous,2014-06-17_001006,0.5255966615744114,1241.3068293880997
"FETD-AK, native",FETD_AK_AAAI2023__native,heterogeneous,2014-06-17_001007,2.619529780748607,749.4848150528228
"FETD-AK, native",FETD_AK_AAAI2023__native,heterogeneous,2014-06-17_001008,6.926286087802957,214.8666461052012
"FETD-AK, native",FETD_AK_AAAI2023__native,heterogeneous,2014-06-17_001015,2.2720412350103487,823.4139391185925
"FETD-AK, native",FETD_AK_AAAI2023__native,heterogeneous,2014-06-17_001017,8.963555958002985,546.251279208819
"FETD-AK, native",FETD_AK_AAAI2023__native,heterogeneous,2014-06-17_001018,11.559002514947629,274.2005641882334
"FETD-AK, native",FETD_AK_AAAI2023__native,heterogeneous,2014-06-17_001022,2.403777237816044,424.7032251801412
"FETD-AK, native",FETD_AK_AAAI2023__native,heterogeneous,2014-06-17_001029,9.605742474633303,283.78767855040513
"FETD-AK, native",FETD_AK_AAAI2023__native,heterogeneous,2014-06-18_001006,0.21229864060845927,373.2313912757699
"FETD-AK, native",FETD_AK_AAAI2023__native,heterogeneous,2014-06-18_001007,4.544591079113786,392.71274571092306
"FETD-AK, native",FETD_AK_AAAI2023__native,heterogeneous,2014-06-18_001008,1.671792360401895,377.0913029477429
"FETD-AK, native",FETD_AK_AAAI2023__native,heterogeneous,2014-06-18_001015,3.6208844324523994,460.49898458884496
"FETD-AK, native",FETD_AK_AAAI2023__native,heterogeneous,2014-06-18_001017,12.495600459774195,872.2914939655838
"FETD-AK, native",FETD_AK_AAAI2023__native,heterogeneous,2014-06-18_001018,11.300595496264938,262.8362882907367
"FETD-AK, native",FETD_AK_AAAI2023__native,heterogeneous,2014-06-18_001022,10.32825654355726,309.924394840104
"FETD-AK, native",FETD_AK_AAAI2023__native,heterogeneous,2014-06-18_001029,1.1498393756448735,337.9654883918588
"FETD-AK, native",FETD_AK_AAAI2023__native,heterogeneous,2014-06-19_001007,5.2252965822857504,560.805621936302
"FETD-AK, native",FETD_AK_AAAI2023__native,heterogeneous,2014-06-19_001008,28.05819422412958,3443.7423968599064
"FETD-AK, native",FETD_AK_AAAI2023__native,heterogeneous,2014-06-19_001015,15.350050621825318,684.2966394058035
"FETD-AK, native",FETD_AK_AAAI2023__native,heterogeneous,2014-06-19_001017,2.2292758359133416,1663.2822667662329
"FETD-AK, native",FETD_AK_AAAI2023__native,heterogeneous,2014-06-19_001018,30.233338065127754,1935.834382244729
"FETD-AK, native",FETD_AK_AAAI2023__native,heterogeneous,2014-06-19_001022,5.045967816445852,1013.4596292390289
"FETD-AK, native",FETD_AK_AAAI2023__native,heterogeneous,2014-06-19_001029,4.24513878467463,530.2849110498712
"FETD-AK, native",FETD_AK_AAAI2023__native,heterogeneous,2014-06-20_001006,6.104640955341896,270.8165751709755
"FETD-AK, native",FETD_AK_AAAI2023__native,heterogeneous,2014-06-20_001007,2.4664684292527213,107.22829788187603
"FETD-AK, native",FETD_AK_AAAI2023__native,heterogeneous,2014-06-20_001008,5.398264149847012,563.1777151661345
"FETD-AK, native",FETD_AK_AAAI2023__native,heterogeneous,2014-06-20_001015,3.0405900772794077,350.0693074631572
"FETD-AK, native",FETD_AK_AAAI2023__native,heterogeneous,2014-06-20_001017,2.4357664461791515,116.814215457255
"FETD-AK, native",FETD_AK_AAAI2023__native,heterogeneous,2014-06-20_001018,5.88305650952514,125.04695719013642
"FETD-AK, native",FETD_AK_AAAI2023__native,heterogeneous,2014-06-20_001022,6.370211794395631,354.6490085767961
"FETD-AK, native",FETD_AK_AAAI2023__native,heterogeneous,2014-06-20_001029,6.145757205600226,134.7238964946292
"FETD-AK, native",FETD_AK_AAAI2023__native,heterogeneous,2014-06-21_001006,2.3858068543300135,373.74531854783777
"FETD-AK, native",FETD_AK_AAAI2023__native,heterogeneous,2014-06-21_001007,3.433053272745056,489.419938129679
"FETD-AK, native",FETD_AK_AAAI2023__native,heterogeneous,2014-06-21_001008,0.07526309949830079,605.1015032029144
"FETD-AK, native",FETD_AK_AAAI2023__native,heterogeneous,2014-06-21_001015,2.440552776175821,420.4400882391516
"FETD-AK, native",FETD_AK_AAAI2023__native,heterogeneous,2014-06-21_001017,5.600946437297512,180.45246945431393
"FETD-AK, native",FETD_AK_AAAI2023__native,heterogeneous,2014-06-21_001022,4.703080349364875,283.18633073991066
"FETD-AK, native",FETD_AK_AAAI2023__native,heterogeneous,2014-06-21_001029,4.7297640704019415,531.1279491508637
"FETD-AK, native",FETD_AK_AAAI2023__native,heterogeneous,2014-06-22_001006,6.4635237850754095,254.4804198346442
"FETD-AK, native",FETD_AK_AAAI2023__native,heterogeneous,2014-06-22_001007,0.07310585805417702,119.78529254952466
"FETD-AK, native",FETD_AK_AAAI2023__native,heterogeneous,2014-06-22_001008,1.4233365153311865,90.6132385348971
"FETD-AK, native",FETD_AK_AAAI2023__native,heterogeneous,2014-06-22_001015,7.464436588913642,287.36714391726275
"FETD-AK, native",FETD_AK_AAAI2023__native,heterogeneous,2014-06-22_001017,6.508144261814316,461.1018742502752
"FETD-AK, native",FETD_AK_AAAI2023__native,heterogeneous,2014-06-22_001018,7.534633955111985,749.0167430075093
"FETD-AK, native",FETD_AK_AAAI2023__native,heterogeneous,2014-06-22_001022,8.782910467820948,77.96380582979573
"FETD-AK, native",FETD_AK_AAAI2023__native,heterogeneous,2014-06-22_001029,5.812152589746908,216.2414788873594
"FETD-AK, native",FETD_AK_AAAI2023__native,heterogeneous,2014-06-23_001006,2.011325991702206,150.31652411882817
"FETD-AK, native",FETD_AK_AAAI2023__native,heterogeneous,2014-06-23_001007,6.303996283729894,289.0
"FETD-AK, native",FETD_AK_AAAI2023__native,heterogeneous,2014-06-23_001008,0.38111268243352114,174.10868317841795
"FETD-AK, native",FETD_AK_AAAI2023__native,heterogeneous,2014-06-23_001015,3.1614254748071717,155.85469643467326
"FETD-AK, native",FETD_AK_AAAI2023__native,heterogeneous,2014-06-23_001017,3.491905050335749,107.28577739389968
"FETD-AK, native",FETD_AK_AAAI2023__native,heterogeneous,2014-06-23_001018,0.2001782483291663,296.3104047106049
"FETD-AK, native",FETD_AK_AAAI2023__native,heterogeneous,2014-06-23_001022,6.076088548312654,40.56167623107902
"FETD-AK, native",FETD_AK_AAAI2023__native,heterogeneous,2014-06-23_001029,3.994799628556269,296.1858637889682
"FETD-AK, native",FETD_AK_AAAI2023__native,heterogeneous,2014-06-24_001006,5.046111455367537,171.4867353546755
"FETD-AK, native",FETD_AK_AAAI2023__native,heterogeneous,2014-06-24_001007,3.0,9.0
"FETD-AK, native",FETD_AK_AAAI2023__native,heterogeneous,2014-06-24_001008,5.954500255645456,254.31180372737106
"FETD-AK, native",FETD_AK_AAAI2023__native,heterogeneous,2014-06-24_001015,3.2269707615854415,472.88759555071596
"FETD-AK, native",FETD_AK_AAAI2023__native,heterogeneous,2014-06-24_001017,1.239116501084517,415.6890375992586
"FETD-AK, native",FETD_AK_AAAI2023__native,heterogeneous,2014-06-24_001018,6.381531277550835,804.6211733297438
"FETD-AK, native",FETD_AK_AAAI2023__native,heterogeneous,2014-06-24_001022,9.124716176934434,497.164486662883
"FETD-AK, native",FETD_AK_AAAI2023__native,heterogeneous,2014-06-24_001029,1.7624781193700443,231.60013358279292
"FETD-AK, native",FETD_AK_AAAI2023__native,heterogeneous,2014-06-25_001006,7.0677615862134076,625.8809674893381
"FETD-AK, native",FETD_AK_AAAI2023__native,heterogeneous,2014-06-25_001007,18.67159525446195,636.9828361523951
"FETD-AK, native",FETD_AK_AAAI2023__native,heterogeneous,2014-06-25_001008,8.637550097480243,695.0845839040907
"FETD-AK, native",FETD_AK_AAAI2023__native,heterogeneous,2014-06-25_001015,9.420981732326808,1437.7893561083422
"FETD-AK, native",FETD_AK_AAAI2023__native,heterogeneous,2014-06-25_001017,3.412408276386998,390.5715239811711
"FETD-AK, native",FETD_AK_AAAI2023__native,heterogeneous,2014-06-25_001022,4.983029144612743,173.66444374068416
"FETD-AK, native",FETD_AK_AAAI2023__native,heterogeneous,2014-06-25_001029,1.6966520409856116,328.3108884238625
"FETD-D, native",FETD_D_AAAI2023__native,exact,2014-05-29_001006,0.6348149727996315,71.02712355564364
"FETD-D, native",FETD_D_AAAI2023__native,exact,2014-05-29_001007,9.82179850024319,214.9850481128487
"FETD-D, native",FETD_D_AAAI2023__native,exact,2014-05-29_001008,4.188954819428929,53.8764835634692
"FETD-D, native",FETD_D_AAAI2023__native,exact,2014-05-29_001015,2.417643755656698,51.52721115611531
"FETD-D, native",FETD_D_AAAI2023__native,exact,2014-05-29_001017,15.874600191975361,402.0845593742289
"FETD-D, native",FETD_D_AAAI2023__native,exact,2014-05-29_001018,4.520429291648739,96.59765867418753
"FETD-D, native",FETD_D_AAAI2023__native,exact,2014-05-29_001022,6.735430049294841,123.64357379205819
"FETD-D, native",FETD_D_AAAI2023__native,exact,2014-05-29_001029,0.5160128786652081,18.153926357834663
"FETD-D, native",FETD_D_AAAI2023__native,exact,2014-05-30_001006,14.850911039915701,488.0655990974669
"FETD-D, native",FETD_D_AAAI2023__native,exact,2014-05-30_001007,1.3861837855910721,158.62504783244265
"FETD-D, native",FETD_D_AAAI2023__native,exact,2014-05-30_001008,17.652310603614794,647.8294689345635
"FETD-D, native",FETD_D_AAAI2023__native,exact,2014-05-30_001015,3.0107195367062047,97.51741815318447
"FETD-D, native",FETD_D_AAAI2023__native,exact,2014-05-30_001017,2.589021896982473,104.40561531802692
"FETD-D, native",FETD_D_AAAI2023__native,exact,2014-05-30_001018,3.0037025847542793,386.81482704256746
"FETD-D, native",FETD_D_AAAI2023__native,exact,2014-05-30_001022,3.0805185663682266,113.05753380494508
"FETD-D, native",FETD_D_AAAI2023__native,exact,2014-05-30_001029,4.112172285337067,88.74002412021368
"FETD-D, native",FETD_D_AAAI2023__native,exact,2014-05-31_001006,1.1165581493817172,91.62813831542192
"FETD-D, native",FETD_D_AAAI2023__native,exact,2014-05-31_001007,14.005586441143095,614.1502931048957
"FETD-D, native",FETD_D_AAAI2023__native,exact,2014-05-31_001008,8.702473854746088,186.76208085549027
"FETD-D, native",FETD_D_AAAI2023__native,exact,2014-05-31_001015,4.831826346536232,307.7690613079999
"FETD-D, native",FETD_D_AAAI2023__native,exact,2014-05-31_001017,19.414384237482537,560.1286685939815
"FETD-D, native",FETD_D_AAAI2023__native,exact,2014-05-31_001018,3.2820768073326008,152.79485960188563
"FETD-D, native",FETD_D_AAAI2023__native,exact,2014-05-31_001022,5.941277878179733,117.02481101575046
"FETD-D, native",FETD_D_AAAI2023__native,exact,2014-05-31_001029,5.87263443010508,213.10933486780522
"FETD-D, native",FETD_D_AAAI2023__native,exact,2014-06-01_001006,3.396452567490556,61.04020157575467
"FETD-D, native",FETD_D_AAAI2023__native,exact,2014-06-01_001007,3.0880599722426183,47.81785371374085
"FETD-D, native",FETD_D_AAAI2023__native,exact,2014-06-01_001008,0.6349264097764689,84.73719430004302
"FETD-D, native",FETD_D_AAAI2023__native,exact,2014-06-01_001015,1.7021457708083787,68.0595667345949
"FETD-D, native",FETD_D_AAAI2023__native,exact,2014-06-01_001017,0.6839852549771948,32.21184367094573
"FETD-D, native",FETD_D_AAAI2023__native,exact,2014-06-01_001018,1.0412553583563842,46.03219299575533
"FETD-D, native",FETD_D_AAAI2023__native,exact,2014-06-01_001022,0.729502594890306,88.43981641375898
"FETD-D, native",FETD_D_AAAI2023__native,exact,2014-06-01_001029,9.82211340142237,214.51689517978107
"FETD-D, native",FETD_D_AAAI2023__native,exact,2014-06-02_001006,8.691158985703858,213.85758219791185
"FETD-D, native",FETD_D_AAAI2023__native,exact,2014-06-02_001007,4.828053114935429,79.28076829511618
"FETD-D, native",FETD_D_AAAI2023__native,exact,2014-06-02_001008,3.096760554425508,69.70722985251051
"FETD-D, native",FETD_D_AAAI2023__native,exact,2014-06-02_001015,2.6252325624972883,66.31788770225626
"FETD-D, native",FETD_D_AAAI2023__native,exact,2014-06-02_001017,6.661598715919112,144.09209422472566
"FETD-D, native",FETD_D_AAAI2023__native,exact,2014-06-02_001018,3.7065645913932883,83.18231372777767
"FETD-D, native",FETD_D_AAAI2023__native,exact,2014-06-02_001022,3.224050176923292,81.36271464506918
"FETD-D, native",FETD_D_AAAI2023__native,exact,2014-06-02_001029,6.222852508473693,84.62214911611723
"FETD-D, native",FETD_D_AAAI2023__native,exact,2014-06-03_001006,6.019301056367631,268.4720432273634
"FETD-D, native",FETD_D_AAAI2023__native,exact,2014-06-03_001007,6.33858015833842,132.35175289409077
"FETD-D, native",FETD_D_AAAI2023__native,exact,2014-06-03_001008,3.1839094788806754,68.38893854764747
"FETD-D, native",FETD_D_AAAI2023__native,exact,2014-06-03_001015,7.680105492923694,94.59244669597189
"FETD-D, native",FETD_D_AAAI2023__native,exact,2014-06-03_001017,4.304524408569819,25.133603594975977
"FETD-D, native",FETD_D_AAAI2023__native,exact,2014-06-03_001018,0.4913837010643398,55.09801058442517
"FETD-D, native",FETD_D_AAAI2023__native,exact,2014-06-03_001022,7.179155641919905,154.03643180486986
"FETD-D, native",FETD_D_AAAI2023__native,exact,2014-06-03_001029,2.998059128379225,11.94778415210609
"FETD-D, native",FETD_D_AAAI2023__native,exact,2014-06-04_001022,2.518476835558616,76.5223503865663
"FETD-D, native",FETD_D_AAAI2023__native,exact,2014-06-05_001006,3.0,14.546592444084432
"FETD-D, native",FETD_D_AAAI2023__native,exact,2014-06-05_001007,3.3267589281201566,115.7217516085373
"FETD-D, native",FETD_D_AAAI2023__native,exact,2014-06-05_001008,6.68426682475004,203.99978918414195
"FETD-D, native",FETD_D_AAAI2023__native,exact,2014-06-05_001015,0.5296612689666844,88.29024421919102
"FETD-D, native",FETD_D_AAAI2023__native,exact,2014-06-05_001017,1.9436658109879659,57.18058554276202
"FETD-D, native",FETD_D_AAAI2023__native,exact,2014-06-05_001018,5.040161547335302,132.89415606363866
"FETD-D, native",FETD_D_AAAI2023__native,exact,2014-06-05_001022,6.664841417152438,132.60872445978217
"FETD-D, native",FETD_D_AAAI2023__native,exact,2014-06-05_001029,6.23356176812068,115.4525044097467
"FETD-D, native",FETD_D_AAAI2023__native,exact,2014-06-06_001006,0.6763165727702898,30.551812922174907
"FETD-D, native",FETD_D_AAAI2023__native,exact,2014-06-06_001007,3.4499338893489977,107.542763788745
"FETD-D, native",FETD_D_AAAI2023__native,exact,2014-06-06_001008,9.65195805055258,303.3026137025728
"FETD-D, native",FETD_D_AAAI2023__native,exact,2014-06-06_001015,0.5837890681889064,292.24322574760805
"FETD-D, native",FETD_D_AAAI2023__native,exact,2014-06-06_001017,6.889869672832788,168.41715376696558
"FETD-D, native",FETD_D_AAAI2023__native,exact,2014-06-06_001018,16.868998499896563,751.3768536544263
"FETD-D, native",FETD_D_AAAI2023__native,exact,2014-06-06_001022,6.652723713000583,103.12322856665881
"FETD-D, native",FETD_D_AAAI2023__native,exact,2014-06-06_001029,1.2309896366823594,52.62222734852982
"FETD-D, native",FETD_D_AAAI2023__native,exact,2014-06-07_001006,6.0,36.0
"FETD-D, native",FETD_D_AAAI2023__native,exact,2014-06-07_001007,2.52483600398078,36.0
"FETD-D, native",FETD_D_AAAI2023__native,exact,2014-06-07_001008,7.971792689081097,136.61010232397754
"FETD-D, native",FETD_D_AAAI2023__native,exact,2014-06-07_001015,8.760833478127939,194.55770611986242
"FETD-D, native",FETD_D_AAAI2023__native,exact,2014-06-07_001017,3.1906026132331604,86.5781079801836
"FETD-D, native",FETD_D_AAAI2023__native,exact,2014-06-07_001018,5.315783918133818,62.75867281647576
"FETD-D, native",FETD_D_AAAI2023__native,exact,2014-06-07_001022,1.6378004189638165,9.0
"FETD-D, native",FETD_D_AAAI2023__native,exact,2014-06-07_001029,7.0,49.0
"FETD-D, native",FETD_D_AAAI2023__native,exact,2014-06-08_001006,8.671470003224478,82.90405135184506
"FETD-D, native",FETD_D_AAAI2023__native,exact,2014-06-08_001007,4.4975367222885865,108.03108307188285
"FETD-D, native",FETD_D_AAAI2023__native,exact,2014-06-08_001008,8.08593743146168,137.31702414318954
"FETD-D, native",FETD_D_AAAI2023__native,exact,2014-06-08_001015,6.196396982551789,67.24781253586119
"FETD-D, native",FETD_D_AAAI2023__native,exact,2014-06-08_001017,9.433203442399616,160.2436420967082
"FETD-D, native",FETD_D_AAAI2023__native,exact,2014-06-08_001018,0.03379144686940094,26.172850543721975
"FETD-D, native",FETD_D_AAAI2023__native,exact,2014-06-08_001022,7.475865515975016,240.37983032337758
"FETD-D, native",FETD_D_AAAI2023__native,exact,2014-06-08_001029,7.218406210782517,77.88169576933791
"FETD-D, native",FETD_D_AAAI2023__native,exact,2014-06-09_001006,9.034557422800525,254.4628077390208
"FETD-D, native",FETD_D_AAAI2023__native,exact,2014-06-09_001007,6.050756472220677,41.527515013385994
"FETD-D, native",FETD_D_AAAI2023__native,exact,2014-06-09_001015,2.151609386410925,145.59181591894153
"FETD-D, native",FETD_D_AAAI2023__native,exact,2014-06-09_001017,3.5611004214162563,83.22169717341221
"FETD-D, native",FETD_D_AAAI2023__native,exact,2014-06-09_001018,1.9943656121899664,121.0860127187015
"FETD-D, native",FETD_D_AAAI2023__native,exact,2014-06-09_001022,0.9733876585264944,67.72547800321907
"FETD-D, native",FETD_D_AAAI2023__native,exact,2014-06-09_001029,7.352840969544069,146.51606991731543
"FETD-D, native",FETD_D_AAAI2023__native,exact,2014-06-10_001006,6.699720852267049,101.75490483181693
"FETD-D, native",FETD_D_AAAI2023__native,exact,2014-06-10_001007,11.607214104610122,259.93691145998844
"FETD-D, native",FETD_D_AAAI2023__native,exact,2014-06-10_001008,6.1774845272278185,133.46956427119915
"FETD-D, native",FETD_D_AAAI2023__native,exact,2014-06-10_001015,14.06782938087838,296.647931940765
"FETD-D, native",FETD_D_AAAI2023__native,exact,2014-06-10_001017,0.15199613359040143,129.37509959845048
"FETD-D, native",FETD_D_AAAI2023__native,exact,2014-06-10_001018,10.353600449692138,138.2922836921553
"FETD-D, native",FETD_D_AAAI2023__native,exact,2014-06-10_001022,5.688848058337939,94.88751004505019
"FETD-D, native",FETD_D_AAAI2023__native,exact,2014-06-10_001029,6.015564496010448,105.64933110215937
"FETD-D, native",FETD_D_AAAI2023__native,exact,2014-06-11_001006,7.7683481415105256,170.09926383596786
"FETD-D, native",FETD_D_AAAI2023__native,exact,2014-06-11_001007,8.957087549349975,149.66433116542999
"FETD-D, native",FETD_D_AAAI2023__native,exact,2014-06-11_001008,12.560718277041456,219.47716124659328
"FETD-D, native",FETD_D_AAAI2023__native,exact,2014-06-11_001015,6.665249821819103,140.12440506413614
"FETD-D, native",FETD_D_AAAI2023__native,exact,2014-06-11_001017,0.3531889705875848,50.94929825504355
"FETD-D, native",FETD_D_AAAI2023__native,exact,2014-06-11_001018,1.9647011720605825,31.629427486366367
"FETD-D, native",FETD_D_AAAI2023__native,exact,2014-06-11_001022,9.703429765965417,169.0
"FETD-D, native",FETD_D_AAAI2023__native,exact,2014-06-11_001029,4.25607374494748,72.66534469088764
"FETD-D, native",FETD_D_AAAI2023__native,exact,2014-06-12_001006,0.97517218995403,50.855894217934456
"FETD-D, native",FETD_D_AAAI2023__native,exact,2014-06-12_001007,1.8836023749220914,57.3885666828895
"FETD-D, native",FETD_D_AAAI2023__native,exact,2014-06-12_001008,3.3813632577039527,95.12950662290469
"FETD-D, native",FETD_D_AAAI2023__native,exact,2014-06-12_001015,12.460928662543743,318.68074113386297
"FETD-D, native",FETD_D_AAAI2023__native,exact,2014-06-12_001017,2.147544766966586,24.459889667480887
"FETD-D, native",FETD_D_AAAI2023__native,exact,2014-06-12_001018,4.879275646580446,38.78510293015167
"FETD-D, native",FETD_D_AAAI2023__native,exact,2014-06-12_001022,0.9151030028048055,63.32823104017482
"FETD-D, native",FETD_D_AAAI2023__native,exact,2014-06-12_001029,8.328380848244294,180.13997169031947
"FETD-D, native",FETD_D_AAAI2023__native,exact,2014-06-13_001006,0.8932082867609097,151.3443672787573
"FETD-D, native",FETD_D_AAAI2023__native,exact,2014-06-13_001007,0.19377234102525875,30.7398544212394
"FETD-D, native",FETD_D_AAAI2023__native,exact,2014-06-13_001008,4.0148270852995225,97.30617938715281
"FETD-D, native",FETD_D_AAAI2023__native,exact,2014-06-13_001015,3.4150080139874888,78.41713070362474
"FETD-D, native",FETD_D_AAAI2023__native,exact,2014-06-13_001017,6.142051680513177,113.43036898766802
"FETD-D, native",FETD_D_AAAI2023__native,exact,2014-06-13_001018,1.2523412242679122,40.47959848570114
"FETD-D, native",FETD_D_AAAI2023__native,exact,2014-06-13_001022,3.0023999854489816,24.431597269530528
"FETD-D, native",FETD_D_AAAI2023__native,exact,2014-06-13_001029,7.090950165675508,126.30076087297488
"FETD-D, native",FETD_D_AAAI2023__native,exact,2014-06-14_001006,3.3103742406070538,51.8404871000398
"FETD-D, native",FETD_D_AAAI2023__native,exact,2014-06-14_001007,4.65861141414296,156.9463322597553
"FETD-D, native",FETD_D_AAAI2023__native,exact,2014-06-14_001008,5.156794567537073,95.62088894118814
"FETD-D, native",FETD_D_AAAI2023__native,exact,2014-06-14_001015,1.5642541263062526,55.622047968293536
"FETD-D, native",FETD_D_AAAI2023__native,exact,2014-06-14_001017,6.315695818862711,72.83536980029072
"FETD-D, native",FETD_D_AAAI2023__native,exact,2014-06-14_001018,6.035007233722631,70.41449840679036
"FETD-D, native",FETD_D_AAAI2023__native,exact,2014-06-14_001022,0.18382248117181987,32.40013914624386
"FETD-D, native",FETD_D_AAAI2023__native,exact,2014-06-14_001029,1.5090466834603475,43.1194743311977
"FETD-D, native",FETD_D_AAAI2023__native,exact,2014-06-15_001006,0.47539341111122724,287.10509392927844
"FETD-D, native",FETD_D_AAAI2023__native,exact,2014-06-15_001007,5.720858033371243,587.4439389740998
"FETD-D, native",FETD_D_AAAI2023__native,exact,2014-06-15_001008,5.596402439423855,430.8063884277266
"FETD-D, native",FETD_D_AAAI2023__native,exact,2014-06-15_001015,23.33527100675326,707.9019172414952
"FETD-D, native",FETD_D_AAAI2023__native,exact,2014-06-15_001017,15.781254285423941,1093.0855430805361
"FETD-D, native",FETD_D_AAAI2023__native,exact,2014-06-15_001018,12.83623308515996,609.207495783846
"FETD-D, native",FETD_D_AAAI2023__native,exact,2014-06-15_001022,0.324483189889321,147.5946706657407
"FETD-D, native",FETD_D_AAAI2023__native,exact,2014-06-15_001029,4.49559792519041,326.5054117279134
"FETD-D, native",FETD_D_AAAI2023__native,exact,2014-06-16_001006,22.489097067775873,905.605658252898
"FETD-D, native",FETD_D_AAAI2023__native,exact,2014-06-16_001007,4.673631935505398,133.48909055099395
"FETD-D, native",FETD_D_AAAI2023__native,exact,2014-06-16_001008,14.335060606644248,467.9064469562519
"FETD-D, native",FETD_D_AAAI2023__native,exact,2014-06-16_001015,6.280116960669744,1170.6647097761575
"FETD-D, native",FETD_D_AAAI2023__native,exact,2014-06-16_001017,5.6587342698486225,339.12622237912063
"FETD-D, native",FETD_D_AAAI2023__native,exact,2014-06-16_001018,2.0785782782487843,805.8801491817978
"FETD-D, native",FETD_D_AAAI2023__native,exact,2014-06-16_001022,12.650262829155167,244.14745230586053
"FETD-D, native",FETD_D_AAAI2023__native,exact,2014-06-16_001029,5.378254756003088,355.70887277431814
"FETD-D, native",FETD_D_AAAI2023__native,exact,2014-06-17_001006,0.9144897173231215,50.84048793865941
"FETD-D, native",FETD_D_AAAI2023__native,exact,2014-06-17_001007,10.44197884707745,278.4125870345209
"FETD-D, native",FETD_D_AAAI2023__native,exact,2014-06-17_001008,5.68029593367261,69.45686473388336
"FETD-D, native",FETD_D_AAAI2023__native,exact,2014-06-17_001015,5.587709080596042,234.82817102782883
"FETD-D, native",FETD_D_AAAI2023__native,exact,2014-06-17_001017,10.35926653386624,322.2506245448522
"FETD-D, native",FETD_D_AAAI2023__native,exact,2014-06-17_001018,9.412728762758192,184.46629578602966
"FETD-D, native",FETD_D_AAAI2023__native,exact,2014-06-17_001022,10.532493922002793,191.2915938461376
"FETD-D, native",FETD_D_AAAI2023__native,exact,2014-06-17_001029,9.501497902091003,138.56178008782373
"FETD-D, native",FETD_D_AAAI2023__native,exact,2014-06-18_001006,2.024505248845358,60.75693059969589
"FETD-D, native",FETD_D_AAAI2023__native,exact,2014-06-18_001007,3.1056852036754137,98.53680318273086
"FETD-D, native",FETD_D_AAAI2023__native,exact,2014-06-18_001008,0.25312298226019436,50.47511830604354
"FETD-D, native",FETD_D_AAAI2023__native,exact,2014-06-18_001015,2.4207540514782906,75.2377601216063
"FETD-D, native",FETD_D_AAAI2023__native,exact,2014-06-18_001017,14.811521320018102,219.38116381335078
"FETD-D, native",FETD_D_AAAI2023__native,exact,2014-06-18_001018,8.084286506567661,152.07716355614386
"FETD-D, native",FETD_D_AAAI2023__native,exact,2014-06-18_001022,6.628810399661074,153.46656075168258
"FETD-D, native",FETD_D_AAAI2023__native,exact,2014-06-18_001029,0.5118821751210305,50.246678781321194
"FETD-D, native",FETD_D_AAAI2023__native,exact,2014-06-19_001007,5.145206873373439,83.22177770178881
"FETD-D, native",FETD_D_AAAI2023__native,exact,2014-06-19_001008,35.798219539007164,3196.4391425271615
"FETD-D, native",FETD_D_AAAI2023__native,exact,2014-06-19_001015,20.126385116246297,612.8159581524823
"FETD-D, native",FETD_D_AAAI2023__native,exact,2014-06-19_001017,9.279919016913937,293.456561682239
"FETD-D, native",FETD_D_AAAI2023__native,exact,2014-06-19_001018,27.816712768566987,1305.3218105728386
"FETD-D, native",FETD_D_AAAI2023__native,exact,2014-06-19_001022,10.805857828208957,250.4825990598022
"FETD-D, native",FETD_D_AAAI2023__native,exact,2014-06-19_001029,7.621948568692652,496.7898831548546
"FETD-D, native",FETD_D_AAAI2023__native,exact,2014-06-20_001006,3.0866358792665984,63.56872752002928
"FETD-D, native",FETD_D_AAAI2023__native,exact,2014-06-20_001007,2.226929343107223,11.837757450050972
"FETD-D, native",FETD_D_AAAI2023__native,exact,2014-06-20_001008,5.9298562972049,59.121150098731
"FETD-D, native",FETD_D_AAAI2023__native,exact,2014-06-20_001015,1.7157937359909852,56.60256015312633
"FETD-D, native",FETD_D_AAAI2023__native,exact,2014-06-20_001017,4.053055678843236,61.98478716196243
"FETD-D, native",FETD_D_AAAI2023__native,exact,2014-06-20_001018,4.981688865017034,30.235619865574602
"FETD-D, native",FETD_D_AAAI2023__native,exact,2014-06-20_001022,3.9409561608442996,85.54247789207916
"FETD-D, native",FETD_D_AAAI2023__native,exact,2014-06-20_001029,2.9113068659994887,72.75139059770801
"FETD-D, native",FETD_D_AAAI2023__native,exact,2014-06-21_001006,5.240445641410233,81.30539418817276
"FETD-D, native",FETD_D_AAAI2023__native,exact,2014-06-21_001007,3.203275120190426,87.71103433837932
"FETD-D, native",FETD_D_AAAI2023__native,exact,2014-06-21_001008,11.480247696958742,216.9337018741661
"FETD-D, native",FETD_D_AAAI2023__native,exact,2014-06-21_001015,6.194548952492113,94.48983079019638
"FETD-D, native",FETD_D_AAAI2023__native,exact,2014-06-21_001017,7.767793462998263,135.04017153388702
"FETD-D, native",FETD_D_AAAI2023__native,exact,2014-06-21_001022,3.8528660653503053,124.94142834991293
"FETD-D, native",FETD_D_AAAI2023__native,exact,2014-06-21_001029,11.702317017066164,191.9774573939174
"FETD-D, native",FETD_D_AAAI2023__native,exact,2014-06-22_001006,6.578062185215529,130.03174962797607
"FETD-D, native",FETD_D_AAAI2023__native,exact,2014-06-22_001007,1.4436144672957525,54.31094223587524
"FETD-D, native",FETD_D_AAAI2023__native,exact,2014-06-22_001008,1.3093937211152422,33.257566390248705
"FETD-D, native",FETD_D_AAAI2023__native,exact,2014-06-22_001015,1.753961519355606,87.79794594737216
"FETD-D, native",FETD_D_AAAI2023__native,exact,2014-06-22_001017,9.203381634941536,277.03597724767377
"FETD-D, native",FETD_D_AAAI2023__native,exact,2014-06-22_001018,8.10595286185226,190.15909551216404
"FETD-D, native",FETD_D_AAAI2023__native,exact,2014-06-22_001022,8.037195540833416,116.20311799318013
"FETD-D, native",FETD_D_AAAI2023__native,exact,2014-06-22_001029,9.515130587815644,192.51180469751185
"FETD-D, native",FETD_D_AAAI2023__native,exact,2014-06-23_001006,3.7960920910410376,47.58494977760848
"FETD-D, native",FETD_D_AAAI2023__native,exact,2014-06-23_001007,6.282229598515558,158.86424579769633
"FETD-D, native",FETD_D_AAAI2023__native,exact,2014-06-23_001008,4.530091999084824,82.84262564415792
"FETD-D, native",FETD_D_AAAI2023__native,exact,2014-06-23_001015,1.0183646176945578,41.824229157465716
"FETD-D, native",FETD_D_AAAI2023__native,exact,2014-06-23_001017,3.5616838280704304,55.570002902790016
"FETD-D, native",FETD_D_AAAI2023__native,exact,2014-06-23_001018,0.38882507486476925,85.02265086888518
"FETD-D, native",FETD_D_AAAI2023__native,exact,2014-06-23_001022,2.821376361608369,20.291620424613235
"FETD-D, native",FETD_D_AAAI2023__native,exact,2014-06-23_001029,2.6625747110029216,38.940886082870044
"FETD-D, native",FETD_D_AAAI2023__native,exact,2014-06-24_001006,4.274074522802039,87.47017664709952
"FETD-D, native",FETD_D_AAAI2023__native,exact,2014-06-24_001007,2.0557116314433017,9.0
"FETD-D, native",FETD_D_AAAI2023__native,exact,2014-06-24_001008,2.158351759130227,208.15676640487771
"FETD-D, native",FETD_D_AAAI2023__native,exact,2014-06-24_001015,5.073953740014616,145.83034253493315
"FETD-D, native",FETD_D_AAAI2023__native,exact,2014-06-24_001017,2.189414250252831,66.78515844305949
"FETD-D, native",FETD_D_AAAI2023__native,exact,2014-06-24_001018,14.909816704983626,359.24508904158836
"FETD-D, native",FETD_D_AAAI2023__native,exact,2014-06-24_001022,12.15938362827358,262.71737755811995
"FETD-D, native",FETD_D_AAAI2023__native,exact,2014-06-24_001029,2.2498576766248846,51.60273261943566
"FETD-D, native",FETD_D_AAAI2023__native,exact,2014-06-25_001006,4.8718476667153965,269.9752220335778
"FETD-D, native",FETD_D_AAAI2023__native,exact,2014-06-25_001007,15.84593690386356,389.83845817103276
"FETD-D, native",FETD_D_AAAI2023__native,exact,2014-06-25_001008,13.064592289271559,238.73248199070395
"FETD-D, native",FETD_D_AAAI2023__native,exact,2014-06-25_001015,21.029100015543506,704.5515226854903
"FETD-D, native",FETD_D_AAAI2023__native,exact,2014-06-25_001017,1.9917418602279184,336.9035279163939
"FETD-D, native",FETD_D_AAAI2023__native,exact,2014-06-25_001022,5.872381058987543,120.63064978397325
"FETD-D, native",FETD_D_AAAI2023__native,exact,2014-06-25_001029,8.870823430275877,139.94867828394715
"FETD-D, native",FETD_D_AAAI2023__native,heterogeneous,2014-05-29_001006,0.6957083312895946,70.48072251849278
"FETD-D, native",FETD_D_AAAI2023__native,heterogeneous,2014-05-29_001007,9.446756191253442,200.33615144312208
"FETD-D, native",FETD_D_AAAI2023__native,heterogeneous,2014-05-29_001008,3.9205919631715744,54.67165943615395
"FETD-D, native",FETD_D_AAAI2023__native,heterogeneous,2014-05-29_001015,2.795008118483544,56.81854326251223
"FETD-D, native",FETD_D_AAAI2023__native,heterogeneous,2014-05-29_001017,15.215600664805422,398.82601943232805
"FETD-D, native",FETD_D_AAAI2023__native,heterogeneous,2014-05-29_001018,4.495437438212392,99.39176150510644
"FETD-D, native",FETD_D_AAAI2023__native,heterogeneous,2014-05-29_001022,6.66140879611293,122.7103007444937
"FETD-D, native",FETD_D_AAAI2023__native,heterogeneous,2014-05-29_001029,0.021122846575728715,14.507037264322639
"FETD-D, native",FETD_D_AAAI2023__native,heterogeneous,2014-05-30_001006,14.639139211530775,396.79267469721566
"FETD-D, native",FETD_D_AAAI2023__native,heterogeneous,2014-05-30_001007,1.401578337538055,94.92165225549995
"FETD-D, native",FETD_D_AAAI2023__native,heterogeneous,2014-05-30_001008,17.760669377791473,520.3714245772708
"FETD-D, native",FETD_D_AAAI2023__native,heterogeneous,2014-05-30_001015,2.907193522787537,88.36359667496082
"FETD-D, native",FETD_D_AAAI2023__native,heterogeneous,2014-05-30_001017,2.6799384658134215,96.38651079063472
"FETD-D, native",FETD_D_AAAI2023__native,heterogeneous,2014-05-30_001018,3.4362625753043687,319.34732900518776
"FETD-D, native",FETD_D_AAAI2023__native,heterogeneous,2014-05-30_001022,3.045212336358148,107.60996300008584
"FETD-D, native",FETD_D_AAAI2023__native,heterogeneous,2014-05-30_001029,2.9781528404113615,100.89484613707177
"FETD-D, native",FETD_D_AAAI2023__native,heterogeneous,2014-05-31_001006,1.2278535495574658,97.19492468584275
"FETD-D, native",FETD_D_AAAI2023__native,heterogeneous,2014-05-31_001007,14.071202672778213,581.4677080352287
"FETD-D, native",FETD_D_AAAI2023__native,heterogeneous,2014-05-31_001008,7.689222160188606,162.72642251969827
"FETD-D, native",FETD_D_AAAI2023__native,heterogeneous,2014-05-31_001015,4.578397930233422,319.7098428322676
"FETD-D, native",FETD_D_AAAI2023__native,heterogeneous,2014-05-31_001017,19.13690550749736,543.1411126783335
"FETD-D, native",FETD_D_AAAI2023__native,heterogeneous,2014-05-31_001018,3.6429824619198996,153.83379423014347
"FETD-D, native",FETD_D_AAAI2023__native,heterogeneous,2014-05-31_001022,6.509636803633072,114.50391560954263
"FETD-D, native",FETD_D_AAAI2023__native,heterogeneous,2014-05-31_001029,5.953010009270585,221.27984187212607
"FETD-D, native",FETD_D_AAAI2023__native,heterogeneous,2014-06-01_001006,3.302018663512065,70.78354564194098
"FETD-D, native",FETD_D_AAAI2023__native,heterogeneous,2014-06-01_001007,2.9740230328926813,47.93413614031815
"FETD-D, native",FETD_D_AAAI2023__native,heterogeneous,2014-06-01_001008,0.6127638839227743,98.87222833689475
"FETD-D, native",FETD_D_AAAI2023__native,heterogeneous,2014-06-01_001015,1.599115335158082,67.00645214794966
"FETD-D, native",FETD_D_AAAI2023__native,heterogeneous,2014-06-01_001017,0.4495061684046746,31.689594261308606
"FETD-D, native",FETD_D_AAAI2023__native,heterogeneous,2014-06-01_001018,1.8510207252447906,48.49565042820285
"FETD-D, native",FETD_D_AAAI2023__native,heterogeneous,2014-06-01_001022,0.5223780175584203,89.33382506712731
"FETD-D, native",FETD_D_AAAI2023__native,heterogeneous,2014-06-01_001029,9.792812614106754,209.10911154477506
"FETD-D, native",FETD_D_AAAI2023__native,heterogeneous,2014-06-02_001006,8.573607857691051,200.42413804130973
"FETD-D, native",FETD_D_AAAI2023__native,heterogeneous,2014-06-02_001007,5.5165356507672385,49.99598487409286
"FETD-D, native",FETD_D_AAAI2023__native,heterogeneous,2014-06-02_001008,3.011680768614788,68.44179418190261
"FETD-D, native",FETD_D_AAAI2023__native,heterogeneous,2014-06-02_001015,3.2824277806629816,42.82190296295328
"FETD-D, native",FETD_D_AAAI2023__native,heterogeneous,2014-06-02_001017,7.61347251136754,145.33879029183097
"FETD-D, native",FETD_D_AAAI2023__native,heterogeneous,2014-06-02_001018,4.732502300492417,97.62453307394006
"FETD-D, native",FETD_D_AAAI2023__native,heterogeneous,2014-06-02_001022,6.43922878753683,100.52525479680196
"FETD-D, native",FETD_D_AAAI2023__native,heterogeneous,2014-06-02_001029,3.557372945265346,67.71437316275286
"FETD-D, native",FETD_D_AAAI2023__native,heterogeneous,2014-06-03_001006,5.563434123007475,255.6283073680558
"FETD-D, native",FETD_D_AAAI2023__native,heterogeneous,2014-06-03_001007,6.507504048851704,133.71047373838638
"FETD-D, native",FETD_D_AAAI2023__native,heterogeneous,2014-06-03_001008,3.2221669965076742,74.2217675167481
"FETD-D, native",FETD_D_AAAI2023__native,heterogeneous,2014-06-03_001015,7.398112794553512,90.95627876794354
"FETD-D, native",FETD_D_AAAI2023__native,heterogeneous,2014-06-03_001017,4.225571070938173,29.27280613577496
"FETD-D, native",FETD_D_AAAI2023__native,heterogeneous,2014-06-03_001018,0.16168649008140434,55.818301013254086
"FETD-D, native",FETD_D_AAAI2023__native,heterogeneous,2014-06-03_001022,7.33847412291022,144.50033769408955
"FETD-D, native",FETD_D_AAAI2023__native,heterogeneous,2014-06-03_001029,3.8393018701760795,14.740238850337542
"FETD-D, native",FETD_D_AAAI2023__native,heterogeneous,2014-06-04_001022,2.518476835558616,76.5223503865663
"FETD-D, native",FETD_D_AAAI2023__native,heterogeneous,2014-06-05_001006,3.0,12.136915778446545
"FETD-D, native",FETD_D_AAAI2023__native,heterogeneous,2014-06-05_001007,2.914809523428943,107.53577353765961
"FETD-D, native",FETD_D_AAAI2023__native,heterogeneous,2014-06-05_001008,7.467047067593583,194.33253294849413
"FETD-D, native",FETD_D_AAAI2023__native,heterogeneous,2014-06-05_001015,0.04128709127872554,88.17048239889894
"FETD-D, native",FETD_D_AAAI2023__native,heterogeneous,2014-06-05_001017,1.7251010339137025,67.18980802773903
"FETD-D, native",FETD_D_AAAI2023__native,heterogeneous,2014-06-05_001018,5.19967239352718,116.43699846579024
"FETD-D, native",FETD_D_AAAI2023__native,heterogeneous,2014-06-05_001022,6.69793201573539,124.63552535330123
"FETD-D, native",FETD_D_AAAI2023__native,heterogeneous,2014-06-05_001029,6.193882975193787,90.94320210629071
"FETD-D, native",FETD_D_AAAI2023__native,heterogeneous,2014-06-06_001006,0.9031774919187114,36.56266133161566
"FETD-D, native",FETD_D_AAAI2023__native,heterogeneous,2014-06-06_001007,3.2651072968012187,101.98586465514414
"FETD-D, native",FETD_D_AAAI2023__native,heterogeneous,2014-06-06_001008,9.580398587123497,316.94266091631613
"FETD-D, native",FETD_D_AAAI2023__native,heterogeneous,2014-06-06_001015,0.9663298734753312,227.53711750452516
"FETD-D, native",FETD_D_AAAI2023__native,heterogeneous,2014-06-06_001017,5.671627159752916,183.17554594166978
"FETD-D, native",FETD_D_AAAI2023__native,heterogeneous,2014-06-06_001018,16.277753114074713,731.3046642123368
"FETD-D, native",FETD_D_AAAI2023__native,heterogeneous,2014-06-06_001022,6.543382058789163,129.76474809312688
"FETD-D, native",FETD_D_AAAI2023__native,heterogeneous,2014-06-06_001029,1.417181729539923,50.66980136669391
"FETD-D, native",FETD_D_AAAI2023__native,heterogeneous,2014-06-07_001006,6.0,36.0
"FETD-D, native",FETD_D_AAAI2023__native,heterogeneous,2014-06-07_001007,1.6529431872692237,36.0
"FETD-D, native",FETD_D_AAAI2023__native,heterogeneous,2014-06-07_001008,8.236568820676759,133.66239463986824
"FETD-D, native",FETD_D_AAAI2023__native,heterogeneous,2014-06-07_001015,9.069172600820036,197.1123452803624
"FETD-D, native",FETD_D_AAAI2023__native,heterogeneous,2014-06-07_001017,2.9537265037201212,94.53459387183648
"FETD-D, native",FETD_D_AAAI2023__native,heterogeneous,2014-06-07_001018,5.629417688043695,57.04689412866785
"FETD-D, native",FETD_D_AAAI2023__native,heterogeneous,2014-06-07_001022,2.290395078426726,9.0
"FETD-D, native",FETD_D_AAAI2023__native,heterogeneous,2014-06-07_001029,7.0,49.0
"FETD-D, native",FETD_D_AAAI2023__native,heterogeneous,2014-06-08_001006,8.671470003224478,82.90405135184506
"FETD-D, native",FETD_D_AAAI2023__native,heterogeneous,2014-06-08_001007,4.4975367222885865,108.03108307188285
"FETD-D, native",FETD_D_AAAI2023__native,heterogeneous,2014-06-08_001008,8.08593743146168,137.31702414318954
"FETD-D, native",FETD_D_AAAI2023__native,heterogeneous,2014-06-08_001015,6.196396982551789,67.24781253586119
"FETD-D, native",FETD_D_AAAI2023__native,heterogeneous,2014-06-08_001017,9.433203442399616,160.2436420967082
"FETD-D, native",FETD_D_AAAI2023__native,heterogeneous,2014-06-08_001018,0.03379144686940094,26.172850543721975
"FETD-D, native",FETD_D_AAAI2023__native,heterogeneous,2014-06-08_001022,7.475865515975016,240.37983032337758
"FETD-D, native",FETD_D_AAAI2023__native,heterogeneous,2014-06-08_001029,7.218406210782517,77.88169576933791
"FETD-D, native",FETD_D_AAAI2023__native,heterogeneous,2014-06-09_001006,9.003829677004902,264.31568844296766
"FETD-D, native",FETD_D_AAAI2023__native,heterogeneous,2014-06-09_001007,5.7913594615322666,35.7996488064005
"FETD-D, native",FETD_D_AAAI2023__native,heterogeneous,2014-06-09_001015,2.3817303725238332,150.32399186646467
"FETD-D, native",FETD_D_AAAI2023__native,heterogeneous,2014-06-09_001017,3.375377464029448,81.17759873275669
"FETD-D, native",FETD_D_AAAI2023__native,heterogeneous,2014-06-09_001018,3.726292910209878,119.4574841571965
"FETD-D, native",FETD_D_AAAI2023__native,heterogeneous,2014-06-09_001022,0.29716643347730454,81.11392614445079
"FETD-D, native",FETD_D_AAAI2023__native,heterogeneous,2014-06-09_001029,7.7354987973059615,155.52342350424695
"FETD-D, native",FETD_D_AAAI2023__native,heterogeneous,2014-06-10_001006,6.699720852267049,101.75490483181693
"FETD-D, native",FETD_D_AAAI2023__native,heterogeneous,2014-06-10_001007,11.607214104610122,259.93691145998844
"FETD-D, native",FETD_D_AAAI2023__native,heterogeneous,2014-06-10_001008,6.1774845272278185,133.46956427119915
"FETD-D, native",FETD_D_AAAI2023__native,heterogeneous,2014-06-10_001015,14.06782938087838,296.647931940765
"FETD-D, native",FETD_D_AAAI2023__native,heterogeneous,2014-06-10_001017,0.15199613359040143,129.37509959845048
"FETD-D, native",FETD_D_AAAI2023__native,heterogeneous,2014-06-10_001018,10.353600449692138,138.2922836921553
"FETD-D, native",FETD_D_AAAI2023__native,heterogeneous,2014-06-10_001022,5.688848058337939,94.88751004505019
"FETD-D, native",FETD_D_AAAI2023__native,heterogeneous,2014-06-10_001029,6.015564496010448,105.64933110215937
"FETD-D, native",FETD_D_AAAI2023__native,heterogeneous,2014-06-11_001006,8.008184905590475,168.8461421261873
"FETD-D, native",FETD_D_AAAI2023__native,heterogeneous,2014-06-11_001007,10.208358097879543,150.46112119473176
"FETD-D, native",FETD_D_AAAI2023__native,heterogeneous,2014-06-11_001008,12.316762126000004,216.90496942141505
"FETD-D, native",FETD_D_AAAI2023__native,heterogeneous,2014-06-11_001015,7.169502798028702,138.74703000286942
"FETD-D, native",FETD_D_AAAI2023__native,heterogeneous,2014-06-11_001017,0.6590271398131371,54.933944028377006
"FETD-D, native",FETD_D_AAAI2023__native,heterogeneous,2014-06-11_001018,1.9265251758036364,43.37541839792089
"FETD-D, native",FETD_D_AAAI2023__native,heterogeneous,2014-06-11_001022,10.096938889208449,169.0
"FETD-D, native",FETD_D_AAAI2023__native,heterogeneous,2014-06-11_001029,4.411351224129822,67.42430685973271
"FETD-D, native",FETD_D_AAAI2023__native,heterogeneous,2014-06-12_001006,0.8730874238639323,51.37996196676133
"FETD-D, native",FETD_D_AAAI2023__native,heterogeneous,2014-06-12_001007,2.0665732106168235,63.17161890888618
"FETD-D, native",FETD_D_AAAI2023__native,heterogeneous,2014-06-12_001008,3.2698059339711847,78.62587590780383
"FETD-D, native",FETD_D_AAAI2023__native,heterogeneous,2014-06-12_001015,12.725317126098084,311.2298548609174
"FETD-D, native",FETD_D_AAAI2023__native,heterogeneous,2014-06-12_001017,1.7280872348436276,23.953541340161742
"FETD-D, native",FETD_D_AAAI2023__native,heterogeneous,2014-06-12_001018,4.660983204501381,37.57153911489443
"FETD-D, native",FETD_D_AAAI2023__native,heterogeneous,2014-06-12_001022,1.25142655603646,67.84558329943093
"FETD-D, native",FETD_D_AAAI2023__native,heterogeneous,2014-06-12_001029,8.481282207543451,184.4674962703767
"FETD-D, native",FETD_D_AAAI2023__native,heterogeneous,2014-06-13_001006,0.22852325437591503,136.52553901626507
"FETD-D, native",FETD_D_AAAI2023__native,heterogeneous,2014-06-13_001007,0.08535593787204476,31.544503111285582
"FETD-D, native",FETD_D_AAAI2023__native,heterogeneous,2014-06-13_001008,3.772852551418417,99.1245407821033
"FETD-D, native",FETD_D_AAAI2023__native,heterogeneous,2014-06-13_001015,3.164775852441995,95.31598094210881
"FETD-D, native",FETD_D_AAAI2023__native,heterogeneous,2014-06-13_001017,6.447181335999815,126.7037525118745
"FETD-D, native",FETD_D_AAAI2023__native,heterogeneous,2014-06-13_001018,1.9344938720871703,49.005102378102485
"FETD-D, native",FETD_D_AAAI2023__native,heterogeneous,2014-06-13_001022,4.157952290479834,36.97101860434457
"FETD-D, native",FETD_D_AAAI2023__native,heterogeneous,2014-06-13_001029,8.815910287694038,125.25699296938893
"FETD-D, native",FETD_D_AAAI2023__native,heterogeneous,2014-06-14_001006,3.3262673597154873,51.38349496203556
"FETD-D, native",FETD_D_AAAI2023__native,heterogeneous,2014-06-14_001007,5.34384160487928,160.93113578095068
"FETD-D, native",FETD_D_AAAI2023__native,heterogeneous,2014-06-14_001008,5.31384704749626,99.78284400993574
"FETD-D, native",FETD_D_AAAI2023__native,heterogeneous,2014-06-14_001015,0.9155784494211332,58.65808278201916
"FETD-D, native",FETD_D_AAAI2023__native,heterogeneous,2014-06-14_001017,6.02901309121842,64.75325490166033
"FETD-D, native",FETD_D_AAAI2023__native,heterogeneous,2014-06-14_001018,5.944824261077073,76.57030921080992
"FETD-D, native",FETD_D_AAAI2023__native,heterogeneous,2014-06-14_001022,0.660602440362716,30.607894252039014
"FETD-D, native",FETD_D_AAAI2023__native,heterogeneous,2014-06-14_001029,1.1203954341955047,45.214690960310165
"FETD-D, native",FETD_D_AAAI2023__native,heterogeneous,2014-06-15_001006,0.9685281398933512,243.85925591886726
"FETD-D, native",FETD_D_AAAI2023__native,heterogeneous,2014-06-15_001007,5.687477185323161,475.91819100767805
"FETD-D, native",FETD_D_AAAI2023__native,heterogeneous,2014-06-15_001008,5.634723013475266,305.31939369078566
"FETD-D, native",FETD_D_AAAI2023__native,heterogeneous,2014-06-15_001015,23.71506958354631,666.9667675991285
"FETD-D, native",FETD_D_AAAI2023__native,heterogeneous,2014-06-15_001017,15.824411177732102,947.6962230249916
"FETD-D, native",FETD_D_AAAI2023__native,heterogeneous,2014-06-15_001018,13.390745231937686,553.9977209212259
"FETD-D, native",FETD_D_AAAI2023__native,heterogeneous,2014-06-15_001022,0.4824108416232349,123.70074950268307
"FETD-D, native",FETD_D_AAAI2023__native,heterogeneous,2014-06-15_001029,4.350766056633475,180.8185465210925
"FETD-D, native",FETD_D_AAAI2023__native,heterogeneous,2014-06-16_001006,22.739236883452378,855.4817942234076
"FETD-D, native",FETD_D_AAAI2023__native,heterogeneous,2014-06-16_001007,5.1822247972424975,142.70830851738722
"FETD-D, native",FETD_D_AAAI2023__native,heterogeneous,2014-06-16_001008,14.877501847241405,461.60124493201414
"FETD-D, native",FETD_D_AAAI2023__native,heterogeneous,2014-06-16_001015,6.04893024770459,984.4854847828692
"FETD-D, native",FETD_D_AAAI2023__native,heterogeneous,2014-06-16_001017,3.6037697772255797,247.46551121607578
"FETD-D, native",FETD_D_AAAI2023__native,heterogeneous,2014-06-16_001018,0.5158986829160597,817.5860098877432
"FETD-D, native",FETD_D_AAAI2023__native,heterogeneous,2014-06-16_001022,12.422013600066236,223.81724154867496
"FETD-D, native",FETD_D_AAAI2023__native,heterogeneous,2014-06-16_001029,5.15227731126042,356.2654095185369
"FETD-D, native",FETD_D_AAAI2023__native,heterogeneous,2014-06-17_001006,0.8963588082181388,45.64266685057098
"FETD-D, native",FETD_D_AAAI2023__native,heterogeneous,2014-06-17_001007,10.852526669213582,302.69455014712634
"FETD-D, native",FETD_D_AAAI2023__native,heterogeneous,2014-06-17_001008,5.745334994679425,70.44008717692815
"FETD-D, native",FETD_D_AAAI2023__native,heterogeneous,2014-06-17_001015,5.797020697667222,281.69696171296846
"FETD-D, native",FETD_D_AAAI2023__native,heterogeneous,2014-06-17_001017,10.318569178098684,316.28814780041074
"FETD-D, native",FETD_D_AAAI2023__native,heterogeneous,2014-06-17_001018,9.444600627729251,184.6536390438428
"FETD-D, native",FETD_D_AAAI2023__native,heterogeneous,2014-06-17_001022,9.960452400657886,176.01611082971087
"FETD-D, native",FETD_D_AAAI2023__native,heterogeneous,2014-06-17_001029,9.561154609844358,142.5621560589048
"FETD-D, native",FETD_D_AAAI2023__native,heterogeneous,2014-06-18_001006,2.4325268273213325,61.19313522118122
"FETD-D, native",FETD_D_AAAI2023__native,heterogeneous,2014-06-18_001007,3.4091471203736674,104.57268253838429
"FETD-D, native",FETD_D_AAAI2023__native,heterogeneous,2014-06-18_001008,0.2572781112786089,51.740870543449994
"FETD-D, native",FETD_D_AAAI2023__native,heterogeneous,2014-06-18_001015,2.6835280039036533,81.23377701430168
"FETD-D, native",FETD_D_AAAI2023__native,heterogeneous,2014-06-18_001017,15.000596343865212,229.37366539105665
"FETD-D, native",FETD_D_AAAI2023__native,heterogeneous,2014-06-18_001018,8.530113870713336,175.04127962869805
"FETD-D, native",FETD_D_AAAI2023__native,heterogeneous,2014-06-18_001022,6.788667566322367,152.68126063070017
"FETD-D, native",FETD_D_AAAI2023__native,heterogeneous,2014-06-18_001029,1.200735445957747,60.70936127102955
"FETD-D, native",FETD_D_AAAI2023__native,heterogeneous,2014-06-19_001007,4.929335597549482,94.15279120081765
"FETD-D, native",FETD_D_AAAI2023__native,heterogeneous,2014-06-19_001008,35.701278301277114,3092.382532926685
"FETD-D, native",FETD_D_AAAI2023__native,heterogeneous,2014-06-19_001015,19.958521467658784,592.0506822455974
"FETD-D, native",FETD_D_AAAI2023__native,heterogeneous,2014-06-19_001017,9.255985579290495,225.62044674445397
"FETD-D, native",FETD_D_AAAI2023__native,heterogeneous,2014-06-19_001018,27.676116404562492,1279.5435313929354
"FETD-D, native",FETD_D_AAAI2023__native,heterogeneous,2014-06-19_001022,11.030717066563597,309.7534296696408
"FETD-D, native",FETD_D_AAAI2023__native,heterogeneous,2014-06-19_001029,7.619481296202082,322.15238036875047
"FETD-D, native",FETD_D_AAAI2023__native,heterogeneous,2014-06-20_001006,2.7191672639420332,60.310807262524726
"FETD-D, native",FETD_D_AAAI2023__native,heterogeneous,2014-06-20_001007,2.4607355756450318,12.383985714422785
"FETD-D, native",FETD_D_AAAI2023__native,heterogeneous,2014-06-20_001008,5.260095179266184,36.66029018681396
"FETD-D, native",FETD_D_AAAI2023__native,heterogeneous,2014-06-20_001015,1.7348881124227873,55.71135117875715
"FETD-D, native",FETD_D_AAAI2023__native,heterogeneous,2014-06-20_001017,4.159584692897063,61.09123759039597
"FETD-D, native",FETD_D_AAAI2023__native,heterogeneous,2014-06-20_001018,6.109381502741307,39.014846566847346
"FETD-D, native",FETD_D_AAAI2023__native,heterogeneous,2014-06-20_001022,3.7574460329515293,85.48050281715258
"FETD-D, native",FETD_D_AAAI2023__native,heterogeneous,2014-06-20_001029,2.7012693205227203,57.943417235625716
"FETD-D, native",FETD_D_AAAI2023__native,heterogeneous,2014-06-21_001006,4.982688536476928,73.98031023533431
"FETD-D, native",FETD_D_AAAI2023__native,heterogeneous,2014-06-21_001007,3.6663507891946807,103.85497537259711
"FETD-D, native",FETD_D_AAAI2023__native,heterogeneous,2014-06-21_001008,10.854727353366599,216.5529446569164
"FETD-D, native",FETD_D_AAAI2023__native,heterogeneous,2014-06-21_001015,6.214026673191768,98.66446243516603
"FETD-D, native",FETD_D_AAAI2023__native,heterogeneous,2014-06-21_001017,7.1631462603976885,128.15471680344305
"FETD-D, native",FETD_D_AAAI2023__native,heterogeneous,2014-06-21_001022,3.761809031548175,114.29167395837214
"FETD-D, native",FETD_D_AAAI2023__native,heterogeneous,2014-06-21_001029,12.10564825497623,211.93514551160078
"FETD-D, native",FETD_D_AAAI2023__native,heterogeneous,2014-06-22_001006,6.202069187749689,124.40922352480644
"FETD-D, native",FETD_D_AAAI2023__native,heterogeneous,2014-06-22_001007,1.0527517353362086,49.56390082574007
"FETD-D, native",FETD_D_AAAI2023__native,heterogeneous,2014-06-22_001008,1.7399375376047885,34.27346486913951
"FETD-D, native",FETD_D_AAAI2023__native,heterogeneous,2014-06-22_001015,2.560419001603478,77.59724550229174
"FETD-D, native",FETD_D_AAAI2023__native,heterogeneous,2014-06-22_001017,9.024755127614831,279.0523903019072
"FETD-D, native",FETD_D_AAAI2023__native,heterogeneous,2014-06-22_001018,8.148569771228125,187.12776892262173
"FETD-D, native",FETD_D_AAAI2023__native,heterogeneous,2014-06-22_001022,7.817957872259413,107.82403732940848
"FETD-D, native",FETD_D_AAAI2023__native,heterogeneous,2014-06-22_001029,9.490611980634721,191.54097493350687
"FETD-D, native",FETD_D_AAAI2023__native,heterogeneous,2014-06-23_001006,3.9629677195726902,39.938554717479505
"FETD-D, native",FETD_D_AAAI2023__native,heterogeneous,2014-06-23_001007,5.967127451442124,159.8688362402794
"FETD-D, native",FETD_D_AAAI2023__native,heterogeneous,2014-06-23_001008,4.745992520106528,81.18747134266894
"FETD-D, native",FETD_D_AAAI2023__native,heterogeneous,2014-06-23_001015,1.5118733336912138,48.26452110533397
"FETD-D, native",FETD_D_AAAI2023__native,heterogeneous,2014-06-23_001017,3.5663942514096973,53.85751769817518
"FETD-D, native",FETD_D_AAAI2023__native,heterogeneous,2014-06-23_001018,1.5185831519539903,99.47399309359965
"FETD-D, native",FETD_D_AAAI2023__native,heterogeneous,2014-06-23_001022,3.043040829790442,18.34607870096102
"FETD-D, native",FETD_D_AAAI2023__native,heterogeneous,2014-06-23_001029,1.543760412768627,27.247117890052905
"FETD-D, native",FETD_D_AAAI2023__native,heterogeneous,2014-06-24_001006,3.3506485513067616,95.61072464288998
"FETD-D, native",FETD_D_AAAI2023__native,heterogeneous,2014-06-24_001007,2.5112176496679215,9.0
"FETD-D, native",FETD_D_AAAI2023__native,heterogeneous,2014-06-24_001008,1.001300860067282,195.22511802667603
"FETD-D, native",FETD_D_AAAI2023__native,heterogeneous,2014-06-24_001015,3.1583459899449693,128.82501338948927
"FETD-D, native",FETD_D_AAAI2023__native,heterogeneous,2014-06-24_001017,2.2075791743036532,68.63795091799399
"FETD-D, native",FETD_D_AAAI2023__native,heterogeneous,2014-06-24_001018,15.065656505087063,365.61683086703187
"FETD-D, native",FETD_D_AAAI2023__native,heterogeneous,2014-06-24_001022,11.682496444411726,270.5089487784847
"FETD-D, native",FETD_D_AAAI2023__native,heterogeneous,2014-06-24_001029,2.2785225051338998,50.311739014906316
"FETD-D, native",FETD_D_AAAI2023__native,heterogeneous,2014-06-25_001006,4.592440358869936,291.47060723350137
"FETD-D, native",FETD_D_AAAI2023__native,heterogeneous,2014-06-25_001007,15.49787526584845,353.15774519498484
"FETD-D, native",FETD_D_AAAI2023__native,heterogeneous,2014-06-25_001008,12.920514890263746,238.7203835164878
"FETD-D, native",FETD_D_AAAI2023__native,heterogeneous,2014-06-25_001015,21.158550135180974,708.3466753459604
"FETD-D, native",FETD_D_AAAI2023__native,heterogeneous,2014-06-25_001017,1.8095901306055708,300.041264141409
"FETD-D, native",FETD_D_AAAI2023__native,heterogeneous,2014-06-25_001022,5.8955419444651795,121.54791248124313
"FETD-D, native",FETD_D_AAAI2023__native,heterogeneous,2014-06-25_001029,8.989406806413953,137.72854206778953
